{	"targetClasses" : [		"PMAB3Stepper"	],	"testMethodsIgnored" : [ ],	"methodsNotProfiled" : [ ],	"numberOfOriginalTestMethods" : 4,	"timeDetail" : [		"init: % 0.49 (397 milliseconds)",		"assertionAmplification: % 55.12 (44 seconds 734 milliseconds)",		"selection: % 7.50 (6 seconds 86 milliseconds)",		"inputAmplification: % 34.71 (28 seconds 171 milliseconds)",		"finalize: % 2.19 (1 second 774 milliseconds)"	],	"notCoveredInAmplified" : [		{			"operatorDescription" : "Replace #ifTrue: receiver with false",			"class" : "PMAB3Stepper",			"operatorClass" : "ReplaceIfTrueReceiverWithFalseOperator",			"mutationStart" : 97,			"method" : "doStep:prevState:prevPrevState:prevPrevTime:",			"mutationEnd" : 173		},		{			"operatorDescription" : "Replace #ifTrue: receiver with false",			"class" : "PMAB3Stepper",			"operatorClass" : "ReplaceIfTrueReceiverWithFalseOperator",			"mutationStart" : 123,			"method" : "lastStep:prevState:prevPrevState:prevPrevTime:deltaT:",			"mutationEnd" : 199		}	],	"mutationScoreAfter" : 94,	"mutationScoreBefore" : 86,	"testAmpLoc" : 19,	"amplifiedMethods" : [		"PMAB3StepperTest200>>#testSimpleSystem_amp_A1"	],	"testLoc" : "72",	"amplifiedClass" : "PMAB3StepperTest200",	"numberOfAllMutationsInOriginal" : 37,	"targetLoc" : 21,	"newCovered" : [		{			"operatorDescription" : "Replace #+ with #-",			"class" : "PMAB3Stepper",			"operatorClass" : "ReplacePlusWithMinusMutantOperator",			"mutationStart" : 228,			"method" : "lastStep:prevState:prevPrevState:prevPrevTime:deltaT:",			"mutationEnd" : 446		},		{			"operatorDescription" : "Replace #+ with #-",			"class" : "PMAB3Stepper",			"operatorClass" : "ReplacePlusWithMinusMutantOperator",			"mutationStart" : 353,			"method" : "lastStep:prevState:prevPrevState:prevPrevTime:deltaT:",			"mutationEnd" : 381		},		{			"operatorDescription" : "Replace #- with #+",			"class" : "PMAB3Stepper",			"operatorClass" : "ReplaceMinusWithPlusMutantOperator",			"mutationStart" : 231,			"method" : "lastStep:prevState:prevPrevState:prevPrevTime:deltaT:",			"mutationEnd" : 383		}	],	"timeBudgetFinished" : false,	"notCoveredInOriginal" : [		{			"operatorDescription" : "Replace #ifTrue: receiver with false",			"class" : "PMAB3Stepper",			"operatorClass" : "ReplaceIfTrueReceiverWithFalseOperator",			"mutationStart" : 97,			"method" : "doStep:prevState:prevPrevState:prevPrevTime:",			"mutationEnd" : 173		},		{			"operatorDescription" : "Replace #+ with #-",			"class" : "PMAB3Stepper",			"operatorClass" : "ReplacePlusWithMinusMutantOperator",			"mutationStart" : 228,			"method" : "lastStep:prevState:prevPrevState:prevPrevTime:deltaT:",			"mutationEnd" : 446		},		{			"operatorDescription" : "Replace #+ with #-",			"class" : "PMAB3Stepper",			"operatorClass" : "ReplacePlusWithMinusMutantOperator",			"mutationStart" : 353,			"method" : "lastStep:prevState:prevPrevState:prevPrevTime:deltaT:",			"mutationEnd" : 381		},		{			"operatorDescription" : "Replace #- with #+",			"class" : "PMAB3Stepper",			"operatorClass" : "ReplaceMinusWithPlusMutantOperator",			"mutationStart" : 231,			"method" : "lastStep:prevState:prevPrevState:prevPrevTime:deltaT:",			"mutationEnd" : 383		},		{			"operatorDescription" : "Replace #ifTrue: receiver with false",			"class" : "PMAB3Stepper",			"operatorClass" : "ReplaceIfTrueReceiverWithFalseOperator",			"mutationStart" : 123,			"method" : "lastStep:prevState:prevPrevState:prevPrevTime:deltaT:",			"mutationEnd" : 199		}	],	"testCase" : "PMAB3StepperTest",	"unixtime" : 1605022041,	"timeTotal" : 81}