{	"targetClasses" : [		"PMAB2Solver"	],	"testMethodsIgnored" : [ ],	"methodsNotProfiled" : [ ],	"numberOfOriginalTestMethods" : 4,	"timeDetail" : [		"init: % 1.03 (553 milliseconds)",		"assertionAmplification: % 44.45 (23 seconds 833 milliseconds)",		"selection: % 12.27 (6 seconds 577 milliseconds)",		"inputAmplification: % 40.98 (21 seconds 969 milliseconds)",		"finalize: % 1.27 (682 milliseconds)"	],	"notCoveredInAmplified" : [		{			"operatorDescription" : "Replace #+ with #-",			"class" : "PMAB2Solver",			"operatorClass" : "ReplacePlusWithMinusMutantOperator",			"mutationStart" : 116,			"method" : "firstStepStartTime:",			"mutationEnd" : 126		},		{			"operatorDescription" : "Replace #+ with #-",			"class" : "PMAB2Solver",			"operatorClass" : "ReplacePlusWithMinusMutantOperator",			"mutationStart" : 142,			"method" : "firstStepStartTime:",			"mutationEnd" : 152		},		{			"operatorDescription" : "Replace #ifFalse: receiver with false",			"class" : "PMAB2Solver",			"operatorClass" : "ReplaceIfFalseReceiverWithFalseOperator",			"mutationStart" : 85,			"method" : "lastStepPrevState:endTime:",			"mutationEnd" : 298		},		{			"operatorDescription" : "Replace #ifFalse: with #ifTrue:",			"class" : "PMAB2Solver",			"operatorClass" : "ReplaceIfFalseWithIfTrueMutantOperator",			"mutationStart" : 85,			"method" : "lastStepPrevState:endTime:",			"mutationEnd" : 298		},		{			"operatorDescription" : "Replace #'<=' with true",			"class" : "PMAB2Solver",			"operatorClass" : "ReplaceLessOrEqualWithTrueOperator",			"mutationStart" : 442,			"method" : "solve:startState:startTime:endTime:",			"mutationEnd" : 462		},		{			"operatorDescription" : "Replace #+ with #-",			"class" : "PMAB2Solver",			"operatorClass" : "ReplacePlusWithMinusMutantOperator",			"mutationStart" : 442,			"method" : "solve:startState:startTime:endTime:",			"mutationEnd" : 452		},		{			"operatorDescription" : "Replace #+ with #-",			"class" : "PMAB2Solver",			"operatorClass" : "ReplacePlusWithMinusMutantOperator",			"mutationStart" : 608,			"method" : "solve:startState:startTime:endTime:",			"mutationEnd" : 625		},		{			"operatorDescription" : "Replace #and: argument with [true]",			"class" : "PMAB2Solver",			"operatorClass" : "ReplaceAndArgumentWithTrueOperator",			"mutationStart" : 326,			"method" : "solve:startState:startTime:endTime:",			"mutationEnd" : 372		},		{			"operatorDescription" : "Replace #and: with #bEqv:",			"class" : "PMAB2Solver",			"operatorClass" : "ReplaceAndWithEqvMutantOperator",			"mutationStart" : 326,			"method" : "solve:startState:startTime:endTime:",			"mutationEnd" : 372		},		{			"operatorDescription" : "Replace #ifTrue: receiver with true",			"class" : "PMAB2Solver",			"operatorClass" : "ReplaceIfTrueReceiverWithTrueOperator",			"mutationStart" : 442,			"method" : "solve:startState:startTime:endTime:",			"mutationEnd" : 1105		},		{			"operatorDescription" : "Replace #or: argument with [false]",			"class" : "PMAB2Solver",			"operatorClass" : "ReplaceOrArgumentWithFalseOperator",			"mutationStart" : 909,			"method" : "solve:startState:startTime:endTime:",			"mutationEnd" : 1006		},		{			"operatorDescription" : "Replace #or: with #bXor:",			"class" : "PMAB2Solver",			"operatorClass" : "ReplaceOrWithXorMutantOperator",			"mutationStart" : 909,			"method" : "solve:startState:startTime:endTime:",			"mutationEnd" : 1006		},		{			"operatorDescription" : "Replace #or: with true",			"class" : "PMAB2Solver",			"operatorClass" : "ReplaceOrWithTrueOperator",			"mutationStart" : 909,			"method" : "solve:startState:startTime:endTime:",			"mutationEnd" : 1006		},		{			"operatorDescription" : "Replace #+ with #-",			"class" : "PMAB2Solver",			"operatorClass" : "ReplacePlusWithMinusMutantOperator",			"mutationStart" : 465,			"method" : "mainStepsPrevState:startTime:endTime:",			"mutationEnd" : 478		}	],	"mutationScoreAfter" : 68,	"mutationScoreBefore" : 54,	"testAmpLoc" : 73,	"amplifiedMethods" : [		"PMAB2SolverTest191>>#testSimpleSystem4_amp_A28",		"PMAB2SolverTest191>>#testSimpleSystem2_amp_L11_A26_A28",		"PMAB2SolverTest191>>#testSimpleSystem2_amp_A17"	],	"testLoc" : "37",	"amplifiedClass" : "PMAB2SolverTest191",	"numberOfAllMutationsInOriginal" : 44,	"targetLoc" : 74,	"newCovered" : [		{			"operatorDescription" : "Replace #ifFalse: receiver with true",			"class" : "PMAB2Solver",			"operatorClass" : "ReplaceIfFalseReceiverWithTrueOperator",			"mutationStart" : 85,			"method" : "lastStepPrevState:endTime:",			"mutationEnd" : 298		},		{			"operatorDescription" : "Replace #'<=' with #<",			"class" : "PMAB2Solver",			"operatorClass" : "ReplaceLessOrEqualWithLessMutantOperator",			"mutationStart" : 442,			"method" : "solve:startState:startTime:endTime:",			"mutationEnd" : 462		},		{			"operatorDescription" : "Replace #+ with #-",			"class" : "PMAB2Solver",			"operatorClass" : "ReplacePlusWithMinusMutantOperator",			"mutationStart" : 327,			"method" : "solve:startState:startTime:endTime:",			"mutationEnd" : 337		},		{			"operatorDescription" : "Replace #< with #>",			"class" : "PMAB2Solver",			"operatorClass" : "ReplaceLessWithGreaterMutantOperator",			"mutationStart" : 354,			"method" : "solve:startState:startTime:endTime:",			"mutationEnd" : 371		},		{			"operatorDescription" : "Replace #and: with false",			"class" : "PMAB2Solver",			"operatorClass" : "ReplaceAndWithFalseOperator",			"mutationStart" : 326,			"method" : "solve:startState:startTime:endTime:",			"mutationEnd" : 372		},		{			"operatorDescription" : "Replace #ifTrue: receiver with false",			"class" : "PMAB2Solver",			"operatorClass" : "ReplaceIfTrueReceiverWithFalseOperator",			"mutationStart" : 326,			"method" : "solve:startState:startTime:endTime:",			"mutationEnd" : 436		}	],	"timeBudgetFinished" : false,	"notCoveredInOriginal" : [		{			"operatorDescription" : "Replace #+ with #-",			"class" : "PMAB2Solver",			"operatorClass" : "ReplacePlusWithMinusMutantOperator",			"mutationStart" : 116,			"method" : "firstStepStartTime:",			"mutationEnd" : 126		},		{			"operatorDescription" : "Replace #+ with #-",			"class" : "PMAB2Solver",			"operatorClass" : "ReplacePlusWithMinusMutantOperator",			"mutationStart" : 142,			"method" : "firstStepStartTime:",			"mutationEnd" : 152		},		{			"operatorDescription" : "Replace #ifFalse: receiver with false",			"class" : "PMAB2Solver",			"operatorClass" : "ReplaceIfFalseReceiverWithFalseOperator",			"mutationStart" : 85,			"method" : "lastStepPrevState:endTime:",			"mutationEnd" : 298		},		{			"operatorDescription" : "Replace #ifFalse: receiver with true",			"class" : "PMAB2Solver",			"operatorClass" : "ReplaceIfFalseReceiverWithTrueOperator",			"mutationStart" : 85,			"method" : "lastStepPrevState:endTime:",			"mutationEnd" : 298		},		{			"operatorDescription" : "Replace #ifFalse: with #ifTrue:",			"class" : "PMAB2Solver",			"operatorClass" : "ReplaceIfFalseWithIfTrueMutantOperator",			"mutationStart" : 85,			"method" : "lastStepPrevState:endTime:",			"mutationEnd" : 298		},		{			"operatorDescription" : "Replace #'<=' with #<",			"class" : "PMAB2Solver",			"operatorClass" : "ReplaceLessOrEqualWithLessMutantOperator",			"mutationStart" : 442,			"method" : "solve:startState:startTime:endTime:",			"mutationEnd" : 462		},		{			"operatorDescription" : "Replace #'<=' with true",			"class" : "PMAB2Solver",			"operatorClass" : "ReplaceLessOrEqualWithTrueOperator",			"mutationStart" : 442,			"method" : "solve:startState:startTime:endTime:",			"mutationEnd" : 462		},		{			"operatorDescription" : "Replace #+ with #-",			"class" : "PMAB2Solver",			"operatorClass" : "ReplacePlusWithMinusMutantOperator",			"mutationStart" : 327,			"method" : "solve:startState:startTime:endTime:",			"mutationEnd" : 337		},		{			"operatorDescription" : "Replace #+ with #-",			"class" : "PMAB2Solver",			"operatorClass" : "ReplacePlusWithMinusMutantOperator",			"mutationStart" : 442,			"method" : "solve:startState:startTime:endTime:",			"mutationEnd" : 452		},		{			"operatorDescription" : "Replace #+ with #-",			"class" : "PMAB2Solver",			"operatorClass" : "ReplacePlusWithMinusMutantOperator",			"mutationStart" : 608,			"method" : "solve:startState:startTime:endTime:",			"mutationEnd" : 625		},		{			"operatorDescription" : "Replace #< with #>",			"class" : "PMAB2Solver",			"operatorClass" : "ReplaceLessWithGreaterMutantOperator",			"mutationStart" : 354,			"method" : "solve:startState:startTime:endTime:",			"mutationEnd" : 371		},		{			"operatorDescription" : "Replace #and: argument with [true]",			"class" : "PMAB2Solver",			"operatorClass" : "ReplaceAndArgumentWithTrueOperator",			"mutationStart" : 326,			"method" : "solve:startState:startTime:endTime:",			"mutationEnd" : 372		},		{			"operatorDescription" : "Replace #and: with #bEqv:",			"class" : "PMAB2Solver",			"operatorClass" : "ReplaceAndWithEqvMutantOperator",			"mutationStart" : 326,			"method" : "solve:startState:startTime:endTime:",			"mutationEnd" : 372		},		{			"operatorDescription" : "Replace #and: with false",			"class" : "PMAB2Solver",			"operatorClass" : "ReplaceAndWithFalseOperator",			"mutationStart" : 326,			"method" : "solve:startState:startTime:endTime:",			"mutationEnd" : 372		},		{			"operatorDescription" : "Replace #ifTrue: receiver with false",			"class" : "PMAB2Solver",			"operatorClass" : "ReplaceIfTrueReceiverWithFalseOperator",			"mutationStart" : 326,			"method" : "solve:startState:startTime:endTime:",			"mutationEnd" : 436		},		{			"operatorDescription" : "Replace #ifTrue: receiver with true",			"class" : "PMAB2Solver",			"operatorClass" : "ReplaceIfTrueReceiverWithTrueOperator",			"mutationStart" : 442,			"method" : "solve:startState:startTime:endTime:",			"mutationEnd" : 1105		},		{			"operatorDescription" : "Replace #or: argument with [false]",			"class" : "PMAB2Solver",			"operatorClass" : "ReplaceOrArgumentWithFalseOperator",			"mutationStart" : 909,			"method" : "solve:startState:startTime:endTime:",			"mutationEnd" : 1006		},		{			"operatorDescription" : "Replace #or: with #bXor:",			"class" : "PMAB2Solver",			"operatorClass" : "ReplaceOrWithXorMutantOperator",			"mutationStart" : 909,			"method" : "solve:startState:startTime:endTime:",			"mutationEnd" : 1006		},		{			"operatorDescription" : "Replace #or: with true",			"class" : "PMAB2Solver",			"operatorClass" : "ReplaceOrWithTrueOperator",			"mutationStart" : 909,			"method" : "solve:startState:startTime:endTime:",			"mutationEnd" : 1006		},		{			"operatorDescription" : "Replace #+ with #-",			"class" : "PMAB2Solver",			"operatorClass" : "ReplacePlusWithMinusMutantOperator",			"mutationStart" : 465,			"method" : "mainStepsPrevState:startTime:endTime:",			"mutationEnd" : 478		}	],	"testCase" : "PMAB2SolverTest",	"unixtime" : 1604999323,	"timeTotal" : 53}