{	"targetClasses" : [		"PMAB4Stepper"	],	"testMethodsIgnored" : [ ],	"methodsNotProfiled" : [ ],	"numberOfOriginalTestMethods" : 4,	"timeDetail" : [		"init: % 1.61 (2 seconds 89 milliseconds)",		"assertionAmplification: % 51.46 (1 minute 6 seconds 948 milliseconds)",		"selection: % 7.44 (9 seconds 680 milliseconds)",		"inputAmplification: % 37.35 (48 seconds 593 milliseconds)",		"finalize: % 2.14 (2 seconds 786 milliseconds)"	],	"notCoveredInAmplified" : [		{			"operatorDescription" : "Replace #ifTrue: receiver with false",			"class" : "PMAB4Stepper",			"operatorClass" : "ReplaceIfTrueReceiverWithFalseOperator",			"mutationStart" : 115,			"method" : "doStep3State:secondState:firstState:initState:initTime:",			"mutationEnd" : 191		},		{			"operatorDescription" : "Replace #ifTrue: receiver with false",			"class" : "PMAB4Stepper",			"operatorClass" : "ReplaceIfTrueReceiverWithFalseOperator",			"mutationStart" : 135,			"method" : "lastStep:secondState:firstState:initState:initTime:deltaT:",			"mutationEnd" : 211		}	],	"mutationScoreAfter" : 95,	"mutationScoreBefore" : 89,	"testAmpLoc" : 20,	"amplifiedMethods" : [		"PMAB4StepperTest204>>#testSimpleSystem_amp_A1"	],	"testLoc" : "72",	"amplifiedClass" : "PMAB4StepperTest204",	"numberOfAllMutationsInOriginal" : 47,	"targetLoc" : 20,	"newCovered" : [		{			"operatorDescription" : "Replace #+ with #-",			"class" : "PMAB4Stepper",			"operatorClass" : "ReplacePlusWithMinusMutantOperator",			"mutationStart" : 436,			"method" : "lastStep:secondState:firstState:initState:initTime:deltaT:",			"mutationEnd" : 460		},		{			"operatorDescription" : "Replace #- with #+",			"class" : "PMAB4Stepper",			"operatorClass" : "ReplaceMinusWithPlusMutantOperator",			"mutationStart" : 234,			"method" : "lastStep:secondState:firstState:initState:initTime:deltaT:",			"mutationEnd" : 519		},		{			"operatorDescription" : "Replace #- with #+",			"class" : "PMAB4Stepper",			"operatorClass" : "ReplaceMinusWithPlusMutantOperator",			"mutationStart" : 237,			"method" : "lastStep:secondState:firstState:initState:initTime:deltaT:",			"mutationEnd" : 391		}	],	"timeBudgetFinished" : false,	"notCoveredInOriginal" : [		{			"operatorDescription" : "Replace #ifTrue: receiver with false",			"class" : "PMAB4Stepper",			"operatorClass" : "ReplaceIfTrueReceiverWithFalseOperator",			"mutationStart" : 115,			"method" : "doStep3State:secondState:firstState:initState:initTime:",			"mutationEnd" : 191		},		{			"operatorDescription" : "Replace #+ with #-",			"class" : "PMAB4Stepper",			"operatorClass" : "ReplacePlusWithMinusMutantOperator",			"mutationStart" : 436,			"method" : "lastStep:secondState:firstState:initState:initTime:deltaT:",			"mutationEnd" : 460		},		{			"operatorDescription" : "Replace #- with #+",			"class" : "PMAB4Stepper",			"operatorClass" : "ReplaceMinusWithPlusMutantOperator",			"mutationStart" : 234,			"method" : "lastStep:secondState:firstState:initState:initTime:deltaT:",			"mutationEnd" : 519		},		{			"operatorDescription" : "Replace #- with #+",			"class" : "PMAB4Stepper",			"operatorClass" : "ReplaceMinusWithPlusMutantOperator",			"mutationStart" : 237,			"method" : "lastStep:secondState:firstState:initState:initTime:deltaT:",			"mutationEnd" : 391		},		{			"operatorDescription" : "Replace #ifTrue: receiver with false",			"class" : "PMAB4Stepper",			"operatorClass" : "ReplaceIfTrueReceiverWithFalseOperator",			"mutationStart" : 135,			"method" : "lastStep:secondState:firstState:initState:initTime:deltaT:",			"mutationEnd" : 211		}	],	"testCase" : "PMAB4StepperTest",	"unixtime" : 1605022172,	"timeTotal" : 130}