{	"targetClasses" : [		"PMAB4Solver"	],	"testMethodsIgnored" : [ ],	"methodsNotProfiled" : [ ],	"numberOfOriginalTestMethods" : 3,	"timeDetail" : [		"init: % 3.32 (2 seconds 642 milliseconds)",		"assertionAmplification: % 28.44 (22 seconds 618 milliseconds)",		"selection: % 29.90 (23 seconds 781 milliseconds)",		"inputAmplification: % 25.86 (20 seconds 567 milliseconds)",		"finalize: % 12.48 (9 seconds 925 milliseconds)"	],	"notCoveredInAmplified" : [		{			"operatorDescription" : "Replace #+ with #-",			"class" : "PMAB4Solver",			"operatorClass" : "ReplacePlusWithMinusMutantOperator",			"mutationStart" : 839,			"method" : "mainStepsPrevState:prevPrevState:initState:startTime:endTime:",			"mutationEnd" : 852		},		{			"operatorDescription" : "Replace #+ with #-",			"class" : "PMAB4Solver",			"operatorClass" : "ReplacePlusWithMinusMutantOperator",			"mutationStart" : 269,			"method" : "thirdStepPrevState:prevPrevState:startTime:",			"mutationEnd" : 279		},		{			"operatorDescription" : "Replace #ifFalse: receiver with false",			"class" : "PMAB4Solver",			"operatorClass" : "ReplaceIfFalseReceiverWithFalseOperator",			"mutationStart" : 134,			"method" : "lastStepPrevState:prevPrevState:initState:endTime:",			"mutationEnd" : 431		},		{			"operatorDescription" : "Replace #'<=' with #<",			"class" : "PMAB4Solver",			"operatorClass" : "ReplaceLessOrEqualWithLessMutantOperator",			"mutationStart" : 469,			"method" : "solve:startState:startTime:endTime:",			"mutationEnd" : 492		},		{			"operatorDescription" : "Replace #'<=' with true",			"class" : "PMAB4Solver",			"operatorClass" : "ReplaceLessOrEqualWithTrueOperator",			"mutationStart" : 469,			"method" : "solve:startState:startTime:endTime:",			"mutationEnd" : 492		},		{			"operatorDescription" : "Replace #'<=' with true",			"class" : "PMAB4Solver",			"operatorClass" : "ReplaceLessOrEqualWithTrueOperator",			"mutationStart" : 874,			"method" : "solve:startState:startTime:endTime:",			"mutationEnd" : 897		},		{			"operatorDescription" : "Replace #+ with #-",			"class" : "PMAB4Solver",			"operatorClass" : "ReplacePlusWithMinusMutantOperator",			"mutationStart" : 349,			"method" : "solve:startState:startTime:endTime:",			"mutationEnd" : 361		},		{			"operatorDescription" : "Replace #+ with #-",			"class" : "PMAB4Solver",			"operatorClass" : "ReplacePlusWithMinusMutantOperator",			"mutationStart" : 469,			"method" : "solve:startState:startTime:endTime:",			"mutationEnd" : 481		},		{			"operatorDescription" : "Replace #+ with #-",			"class" : "PMAB4Solver",			"operatorClass" : "ReplacePlusWithMinusMutantOperator",			"mutationStart" : 667,			"method" : "solve:startState:startTime:endTime:",			"mutationEnd" : 679		},		{			"operatorDescription" : "Replace #+ with #-",			"class" : "PMAB4Solver",			"operatorClass" : "ReplacePlusWithMinusMutantOperator",			"mutationStart" : 874,			"method" : "solve:startState:startTime:endTime:",			"mutationEnd" : 886		},		{			"operatorDescription" : "Replace #+ with #-",			"class" : "PMAB4Solver",			"operatorClass" : "ReplacePlusWithMinusMutantOperator",			"mutationStart" : 1204,			"method" : "solve:startState:startTime:endTime:",			"mutationEnd" : 1216		},		{			"operatorDescription" : "Replace #< with #>",			"class" : "PMAB4Solver",			"operatorClass" : "ReplaceLessWithGreaterMutantOperator",			"mutationStart" : 378,			"method" : "solve:startState:startTime:endTime:",			"mutationEnd" : 395		},		{			"operatorDescription" : "Replace #< with #>",			"class" : "PMAB4Solver",			"operatorClass" : "ReplaceLessWithGreaterMutantOperator",			"mutationStart" : 696,			"method" : "solve:startState:startTime:endTime:",			"mutationEnd" : 713		},		{			"operatorDescription" : "Replace #< with #>",			"class" : "PMAB4Solver",			"operatorClass" : "ReplaceLessWithGreaterMutantOperator",			"mutationStart" : 1233,			"method" : "solve:startState:startTime:endTime:",			"mutationEnd" : 1250		},		{			"operatorDescription" : "Replace #and: argument with [true]",			"class" : "PMAB4Solver",			"operatorClass" : "ReplaceAndArgumentWithTrueOperator",			"mutationStart" : 348,			"method" : "solve:startState:startTime:endTime:",			"mutationEnd" : 396		},		{			"operatorDescription" : "Replace #and: argument with [true]",			"class" : "PMAB4Solver",			"operatorClass" : "ReplaceAndArgumentWithTrueOperator",			"mutationStart" : 666,			"method" : "solve:startState:startTime:endTime:",			"mutationEnd" : 714		},		{			"operatorDescription" : "Replace #and: argument with [true]",			"class" : "PMAB4Solver",			"operatorClass" : "ReplaceAndArgumentWithTrueOperator",			"mutationStart" : 1203,			"method" : "solve:startState:startTime:endTime:",			"mutationEnd" : 1251		},		{			"operatorDescription" : "Replace #and: argument with [true]",			"class" : "PMAB4Solver",			"operatorClass" : "ReplaceAndArgumentWithTrueOperator",			"mutationStart" : 1937,			"method" : "solve:startState:startTime:endTime:",			"mutationEnd" : 1985		},		{			"operatorDescription" : "Replace #and: with #bEqv:",			"class" : "PMAB4Solver",			"operatorClass" : "ReplaceAndWithEqvMutantOperator",			"mutationStart" : 348,			"method" : "solve:startState:startTime:endTime:",			"mutationEnd" : 396		},		{			"operatorDescription" : "Replace #and: with #bEqv:",			"class" : "PMAB4Solver",			"operatorClass" : "ReplaceAndWithEqvMutantOperator",			"mutationStart" : 666,			"method" : "solve:startState:startTime:endTime:",			"mutationEnd" : 714		},		{			"operatorDescription" : "Replace #and: with #bEqv:",			"class" : "PMAB4Solver",			"operatorClass" : "ReplaceAndWithEqvMutantOperator",			"mutationStart" : 1203,			"method" : "solve:startState:startTime:endTime:",			"mutationEnd" : 1251		},		{			"operatorDescription" : "Replace #and: with #bEqv:",			"class" : "PMAB4Solver",			"operatorClass" : "ReplaceAndWithEqvMutantOperator",			"mutationStart" : 1937,			"method" : "solve:startState:startTime:endTime:",			"mutationEnd" : 1985		},		{			"operatorDescription" : "Replace #and: with false",			"class" : "PMAB4Solver",			"operatorClass" : "ReplaceAndWithFalseOperator",			"mutationStart" : 348,			"method" : "solve:startState:startTime:endTime:",			"mutationEnd" : 396		},		{			"operatorDescription" : "Replace #and: with false",			"class" : "PMAB4Solver",			"operatorClass" : "ReplaceAndWithFalseOperator",			"mutationStart" : 666,			"method" : "solve:startState:startTime:endTime:",			"mutationEnd" : 714		},		{			"operatorDescription" : "Replace #and: with false",			"class" : "PMAB4Solver",			"operatorClass" : "ReplaceAndWithFalseOperator",			"mutationStart" : 1203,			"method" : "solve:startState:startTime:endTime:",			"mutationEnd" : 1251		},		{			"operatorDescription" : "Replace #ifTrue: receiver with false",			"class" : "PMAB4Solver",			"operatorClass" : "ReplaceIfTrueReceiverWithFalseOperator",			"mutationStart" : 348,			"method" : "solve:startState:startTime:endTime:",			"mutationEnd" : 462		},		{			"operatorDescription" : "Replace #ifTrue: receiver with false",			"class" : "PMAB4Solver",			"operatorClass" : "ReplaceIfTrueReceiverWithFalseOperator",			"mutationStart" : 666,			"method" : "solve:startState:startTime:endTime:",			"mutationEnd" : 864		},		{			"operatorDescription" : "Replace #ifTrue: receiver with false",			"class" : "PMAB4Solver",			"operatorClass" : "ReplaceIfTrueReceiverWithFalseOperator",			"mutationStart" : 1203,			"method" : "solve:startState:startTime:endTime:",			"mutationEnd" : 1451		},		{			"operatorDescription" : "Replace #ifTrue: receiver with true",			"class" : "PMAB4Solver",			"operatorClass" : "ReplaceIfTrueReceiverWithTrueOperator",			"mutationStart" : 469,			"method" : "solve:startState:startTime:endTime:",			"mutationEnd" : 3132		},		{			"operatorDescription" : "Replace #ifTrue: receiver with true",			"class" : "PMAB4Solver",			"operatorClass" : "ReplaceIfTrueReceiverWithTrueOperator",			"mutationStart" : 874,			"method" : "solve:startState:startTime:endTime:",			"mutationEnd" : 3130		},		{			"operatorDescription" : "Replace #or: argument with [false]",			"class" : "PMAB4Solver",			"operatorClass" : "ReplaceOrArgumentWithFalseOperator",			"mutationStart" : 2802,			"method" : "solve:startState:startTime:endTime:",			"mutationEnd" : 2896		},		{			"operatorDescription" : "Replace #or: with #bXor:",			"class" : "PMAB4Solver",			"operatorClass" : "ReplaceOrWithXorMutantOperator",			"mutationStart" : 2802,			"method" : "solve:startState:startTime:endTime:",			"mutationEnd" : 2896		},		{			"operatorDescription" : "Replace #or: with true",			"class" : "PMAB4Solver",			"operatorClass" : "ReplaceOrWithTrueOperator",			"mutationStart" : 2802,			"method" : "solve:startState:startTime:endTime:",			"mutationEnd" : 2896		}	],	"mutationScoreAfter" : 69,	"mutationScoreBefore" : 69,	"testAmpLoc" : 0,	"amplifiedMethods" : [ ],	"testLoc" : "97",	"amplifiedClass" : "PMAB4SolverTest161",	"numberOfAllMutationsInOriginal" : 108,	"targetLoc" : 148,	"newCovered" : [ ],	"timeBudgetFinished" : false,	"notCoveredInOriginal" : [		{			"operatorDescription" : "Replace #+ with #-",			"class" : "PMAB4Solver",			"operatorClass" : "ReplacePlusWithMinusMutantOperator",			"mutationStart" : 839,			"method" : "mainStepsPrevState:prevPrevState:initState:startTime:endTime:",			"mutationEnd" : 852		},		{			"operatorDescription" : "Replace #+ with #-",			"class" : "PMAB4Solver",			"operatorClass" : "ReplacePlusWithMinusMutantOperator",			"mutationStart" : 269,			"method" : "thirdStepPrevState:prevPrevState:startTime:",			"mutationEnd" : 279		},		{			"operatorDescription" : "Replace #ifFalse: receiver with false",			"class" : "PMAB4Solver",			"operatorClass" : "ReplaceIfFalseReceiverWithFalseOperator",			"mutationStart" : 134,			"method" : "lastStepPrevState:prevPrevState:initState:endTime:",			"mutationEnd" : 431		},		{			"operatorDescription" : "Replace #'<=' with #<",			"class" : "PMAB4Solver",			"operatorClass" : "ReplaceLessOrEqualWithLessMutantOperator",			"mutationStart" : 469,			"method" : "solve:startState:startTime:endTime:",			"mutationEnd" : 492		},		{			"operatorDescription" : "Replace #'<=' with true",			"class" : "PMAB4Solver",			"operatorClass" : "ReplaceLessOrEqualWithTrueOperator",			"mutationStart" : 469,			"method" : "solve:startState:startTime:endTime:",			"mutationEnd" : 492		},		{			"operatorDescription" : "Replace #'<=' with true",			"class" : "PMAB4Solver",			"operatorClass" : "ReplaceLessOrEqualWithTrueOperator",			"mutationStart" : 874,			"method" : "solve:startState:startTime:endTime:",			"mutationEnd" : 897		},		{			"operatorDescription" : "Replace #+ with #-",			"class" : "PMAB4Solver",			"operatorClass" : "ReplacePlusWithMinusMutantOperator",			"mutationStart" : 349,			"method" : "solve:startState:startTime:endTime:",			"mutationEnd" : 361		},		{			"operatorDescription" : "Replace #+ with #-",			"class" : "PMAB4Solver",			"operatorClass" : "ReplacePlusWithMinusMutantOperator",			"mutationStart" : 469,			"method" : "solve:startState:startTime:endTime:",			"mutationEnd" : 481		},		{			"operatorDescription" : "Replace #+ with #-",			"class" : "PMAB4Solver",			"operatorClass" : "ReplacePlusWithMinusMutantOperator",			"mutationStart" : 667,			"method" : "solve:startState:startTime:endTime:",			"mutationEnd" : 679		},		{			"operatorDescription" : "Replace #+ with #-",			"class" : "PMAB4Solver",			"operatorClass" : "ReplacePlusWithMinusMutantOperator",			"mutationStart" : 874,			"method" : "solve:startState:startTime:endTime:",			"mutationEnd" : 886		},		{			"operatorDescription" : "Replace #+ with #-",			"class" : "PMAB4Solver",			"operatorClass" : "ReplacePlusWithMinusMutantOperator",			"mutationStart" : 1204,			"method" : "solve:startState:startTime:endTime:",			"mutationEnd" : 1216		},		{			"operatorDescription" : "Replace #< with #>",			"class" : "PMAB4Solver",			"operatorClass" : "ReplaceLessWithGreaterMutantOperator",			"mutationStart" : 378,			"method" : "solve:startState:startTime:endTime:",			"mutationEnd" : 395		},		{			"operatorDescription" : "Replace #< with #>",			"class" : "PMAB4Solver",			"operatorClass" : "ReplaceLessWithGreaterMutantOperator",			"mutationStart" : 696,			"method" : "solve:startState:startTime:endTime:",			"mutationEnd" : 713		},		{			"operatorDescription" : "Replace #< with #>",			"class" : "PMAB4Solver",			"operatorClass" : "ReplaceLessWithGreaterMutantOperator",			"mutationStart" : 1233,			"method" : "solve:startState:startTime:endTime:",			"mutationEnd" : 1250		},		{			"operatorDescription" : "Replace #and: argument with [true]",			"class" : "PMAB4Solver",			"operatorClass" : "ReplaceAndArgumentWithTrueOperator",			"mutationStart" : 348,			"method" : "solve:startState:startTime:endTime:",			"mutationEnd" : 396		},		{			"operatorDescription" : "Replace #and: argument with [true]",			"class" : "PMAB4Solver",			"operatorClass" : "ReplaceAndArgumentWithTrueOperator",			"mutationStart" : 666,			"method" : "solve:startState:startTime:endTime:",			"mutationEnd" : 714		},		{			"operatorDescription" : "Replace #and: argument with [true]",			"class" : "PMAB4Solver",			"operatorClass" : "ReplaceAndArgumentWithTrueOperator",			"mutationStart" : 1203,			"method" : "solve:startState:startTime:endTime:",			"mutationEnd" : 1251		},		{			"operatorDescription" : "Replace #and: argument with [true]",			"class" : "PMAB4Solver",			"operatorClass" : "ReplaceAndArgumentWithTrueOperator",			"mutationStart" : 1937,			"method" : "solve:startState:startTime:endTime:",			"mutationEnd" : 1985		},		{			"operatorDescription" : "Replace #and: with #bEqv:",			"class" : "PMAB4Solver",			"operatorClass" : "ReplaceAndWithEqvMutantOperator",			"mutationStart" : 348,			"method" : "solve:startState:startTime:endTime:",			"mutationEnd" : 396		},		{			"operatorDescription" : "Replace #and: with #bEqv:",			"class" : "PMAB4Solver",			"operatorClass" : "ReplaceAndWithEqvMutantOperator",			"mutationStart" : 666,			"method" : "solve:startState:startTime:endTime:",			"mutationEnd" : 714		},		{			"operatorDescription" : "Replace #and: with #bEqv:",			"class" : "PMAB4Solver",			"operatorClass" : "ReplaceAndWithEqvMutantOperator",			"mutationStart" : 1203,			"method" : "solve:startState:startTime:endTime:",			"mutationEnd" : 1251		},		{			"operatorDescription" : "Replace #and: with #bEqv:",			"class" : "PMAB4Solver",			"operatorClass" : "ReplaceAndWithEqvMutantOperator",			"mutationStart" : 1937,			"method" : "solve:startState:startTime:endTime:",			"mutationEnd" : 1985		},		{			"operatorDescription" : "Replace #and: with false",			"class" : "PMAB4Solver",			"operatorClass" : "ReplaceAndWithFalseOperator",			"mutationStart" : 348,			"method" : "solve:startState:startTime:endTime:",			"mutationEnd" : 396		},		{			"operatorDescription" : "Replace #and: with false",			"class" : "PMAB4Solver",			"operatorClass" : "ReplaceAndWithFalseOperator",			"mutationStart" : 666,			"method" : "solve:startState:startTime:endTime:",			"mutationEnd" : 714		},		{			"operatorDescription" : "Replace #and: with false",			"class" : "PMAB4Solver",			"operatorClass" : "ReplaceAndWithFalseOperator",			"mutationStart" : 1203,			"method" : "solve:startState:startTime:endTime:",			"mutationEnd" : 1251		},		{			"operatorDescription" : "Replace #ifTrue: receiver with false",			"class" : "PMAB4Solver",			"operatorClass" : "ReplaceIfTrueReceiverWithFalseOperator",			"mutationStart" : 348,			"method" : "solve:startState:startTime:endTime:",			"mutationEnd" : 462		},		{			"operatorDescription" : "Replace #ifTrue: receiver with false",			"class" : "PMAB4Solver",			"operatorClass" : "ReplaceIfTrueReceiverWithFalseOperator",			"mutationStart" : 666,			"method" : "solve:startState:startTime:endTime:",			"mutationEnd" : 864		},		{			"operatorDescription" : "Replace #ifTrue: receiver with false",			"class" : "PMAB4Solver",			"operatorClass" : "ReplaceIfTrueReceiverWithFalseOperator",			"mutationStart" : 1203,			"method" : "solve:startState:startTime:endTime:",			"mutationEnd" : 1451		},		{			"operatorDescription" : "Replace #ifTrue: receiver with true",			"class" : "PMAB4Solver",			"operatorClass" : "ReplaceIfTrueReceiverWithTrueOperator",			"mutationStart" : 469,			"method" : "solve:startState:startTime:endTime:",			"mutationEnd" : 3132		},		{			"operatorDescription" : "Replace #ifTrue: receiver with true",			"class" : "PMAB4Solver",			"operatorClass" : "ReplaceIfTrueReceiverWithTrueOperator",			"mutationStart" : 874,			"method" : "solve:startState:startTime:endTime:",			"mutationEnd" : 3130		},		{			"operatorDescription" : "Replace #or: argument with [false]",			"class" : "PMAB4Solver",			"operatorClass" : "ReplaceOrArgumentWithFalseOperator",			"mutationStart" : 2802,			"method" : "solve:startState:startTime:endTime:",			"mutationEnd" : 2896		},		{			"operatorDescription" : "Replace #or: with #bXor:",			"class" : "PMAB4Solver",			"operatorClass" : "ReplaceOrWithXorMutantOperator",			"mutationStart" : 2802,			"method" : "solve:startState:startTime:endTime:",			"mutationEnd" : 2896		},		{			"operatorDescription" : "Replace #or: with true",			"class" : "PMAB4Solver",			"operatorClass" : "ReplaceOrWithTrueOperator",			"mutationStart" : 2802,			"method" : "solve:startState:startTime:endTime:",			"mutationEnd" : 2896		}	],	"testCase" : "PMAB4SolverTest",	"unixtime" : 1605024697,	"timeTotal" : 79}