{	"targetClasses" : [		"PMAB2Stepper"	],	"testMethodsIgnored" : [ ],	"methodsNotProfiled" : [ ],	"numberOfOriginalTestMethods" : 4,	"timeDetail" : [		"init: % 0.24 (270 milliseconds)",		"assertionAmplification: % 55.09 (1 minute 1 second 738 milliseconds)",		"selection: % 7.52 (8 seconds 430 milliseconds)",		"inputAmplification: % 36.08 (40 seconds 440 milliseconds)",		"finalize: % 1.06 (1 second 191 milliseconds)"	],	"notCoveredInAmplified" : [		{			"operatorDescription" : "Replace #ifTrue: receiver with false",			"class" : "PMAB2Stepper",			"operatorClass" : "ReplaceIfTrueReceiverWithFalseOperator",			"mutationStart" : 46,			"method" : "doStep:prevState:time:",			"mutationEnd" : 122		},		{			"operatorDescription" : "Replace #ifTrue: receiver with false",			"class" : "PMAB2Stepper",			"operatorClass" : "ReplaceIfTrueReceiverWithFalseOperator",			"mutationStart" : 73,			"method" : "lastStep:prevState:time:deltaT:",			"mutationEnd" : 149		}	],	"mutationScoreAfter" : 91,	"mutationScoreBefore" : 69,	"testAmpLoc" : 35,	"amplifiedMethods" : [		"PMAB2StepperTest212>>#testSimpleSystem_amp_A3",		"PMAB2StepperTest212>>#testSimpleSystem_amp_A0"	],	"testLoc" : "79",	"amplifiedClass" : "PMAB2StepperTest212",	"numberOfAllMutationsInOriginal" : 23,	"targetLoc" : 20,	"newCovered" : [		{			"operatorDescription" : "Replace #+ with #-",			"class" : "PMAB2Stepper",			"operatorClass" : "ReplacePlusWithMinusMutantOperator",			"mutationStart" : 128,			"method" : "doStep:prevState:time:",			"mutationEnd" : 246		},		{			"operatorDescription" : "Replace #- with #+",			"class" : "PMAB2Stepper",			"operatorClass" : "ReplaceMinusWithPlusMutantOperator",			"mutationStart" : 219,			"method" : "doStep:prevState:time:",			"mutationEnd" : 235		},		{			"operatorDescription" : "Replace #- with #+",			"class" : "PMAB2Stepper",			"operatorClass" : "ReplaceMinusWithPlusMutantOperator",			"mutationStart" : 176,			"method" : "lastStep:prevState:time:deltaT:",			"mutationEnd" : 265		},		{			"operatorDescription" : "Replace #- with #+",			"class" : "PMAB2Stepper",			"operatorClass" : "ReplaceMinusWithPlusMutantOperator",			"mutationStart" : 245,			"method" : "lastStep:prevState:time:deltaT:",			"mutationEnd" : 263		},		{			"operatorDescription" : "Replace #/ with #*",			"class" : "PMAB2Stepper",			"operatorClass" : "ReplaceDivisionWithMultiplicationMutantOperator",			"mutationStart" : 156,			"method" : "lastStep:prevState:time:deltaT:",			"mutationEnd" : 172		}	],	"timeBudgetFinished" : false,	"notCoveredInOriginal" : [		{			"operatorDescription" : "Replace #+ with #-",			"class" : "PMAB2Stepper",			"operatorClass" : "ReplacePlusWithMinusMutantOperator",			"mutationStart" : 128,			"method" : "doStep:prevState:time:",			"mutationEnd" : 246		},		{			"operatorDescription" : "Replace #- with #+",			"class" : "PMAB2Stepper",			"operatorClass" : "ReplaceMinusWithPlusMutantOperator",			"mutationStart" : 219,			"method" : "doStep:prevState:time:",			"mutationEnd" : 235		},		{			"operatorDescription" : "Replace #ifTrue: receiver with false",			"class" : "PMAB2Stepper",			"operatorClass" : "ReplaceIfTrueReceiverWithFalseOperator",			"mutationStart" : 46,			"method" : "doStep:prevState:time:",			"mutationEnd" : 122		},		{			"operatorDescription" : "Replace #- with #+",			"class" : "PMAB2Stepper",			"operatorClass" : "ReplaceMinusWithPlusMutantOperator",			"mutationStart" : 176,			"method" : "lastStep:prevState:time:deltaT:",			"mutationEnd" : 265		},		{			"operatorDescription" : "Replace #- with #+",			"class" : "PMAB2Stepper",			"operatorClass" : "ReplaceMinusWithPlusMutantOperator",			"mutationStart" : 245,			"method" : "lastStep:prevState:time:deltaT:",			"mutationEnd" : 263		},		{			"operatorDescription" : "Replace #/ with #*",			"class" : "PMAB2Stepper",			"operatorClass" : "ReplaceDivisionWithMultiplicationMutantOperator",			"mutationStart" : 156,			"method" : "lastStep:prevState:time:deltaT:",			"mutationEnd" : 172		},		{			"operatorDescription" : "Replace #ifTrue: receiver with false",			"class" : "PMAB2Stepper",			"operatorClass" : "ReplaceIfTrueReceiverWithFalseOperator",			"mutationStart" : 73,			"method" : "lastStep:prevState:time:deltaT:",			"mutationEnd" : 149		}	],	"testCase" : "PMAB2StepperTest",	"unixtime" : 1605022679,	"timeTotal" : 112}