{	"targetClasses" : [		"PMAB3Solver"	],	"testMethodsIgnored" : [ ],	"methodsNotProfiled" : [ ],	"numberOfOriginalTestMethods" : 4,	"timeDetail" : [		"init: % 0.99 (1 second 981 milliseconds)",		"assertionAmplification: % 31.46 (1 minute 3 seconds 115 milliseconds)",		"selection: % 21.99 (44 seconds 109 milliseconds)",		"inputAmplification: % 40.43 (1 minute 21 seconds 105 milliseconds)",		"finalize: % 5.14 (10 seconds 315 milliseconds)"	],	"notCoveredInAmplified" : [		{			"operatorDescription" : "Replace #- with #+",			"class" : "PMAB3Solver",			"operatorClass" : "ReplaceMinusWithPlusMutantOperator",			"mutationStart" : 272,			"method" : "lastStepPrevState:prevPrevState:endTime:",			"mutationEnd" : 286		},		{			"operatorDescription" : "Replace #ifFalse: receiver with false",			"class" : "PMAB3Solver",			"operatorClass" : "ReplaceIfFalseReceiverWithFalseOperator",			"mutationStart" : 114,			"method" : "lastStepPrevState:prevPrevState:endTime:",			"mutationEnd" : 390		},		{			"operatorDescription" : "Replace #ifFalse: with #ifTrue:",			"class" : "PMAB3Solver",			"operatorClass" : "ReplaceIfFalseWithIfTrueMutantOperator",			"mutationStart" : 114,			"method" : "lastStepPrevState:prevPrevState:endTime:",			"mutationEnd" : 390		},		{			"operatorDescription" : "Replace #+ with #-",			"class" : "PMAB3Solver",			"operatorClass" : "ReplacePlusWithMinusMutantOperator",			"mutationStart" : 676,			"method" : "mainStepsPrevState:prevPrevState:startTime:endTime:",			"mutationEnd" : 689		},		{			"operatorDescription" : "Replace #'<=' with true",			"class" : "PMAB3Solver",			"operatorClass" : "ReplaceLessOrEqualWithTrueOperator",			"mutationStart" : 456,			"method" : "solve:startState:startTime:endTime:",			"mutationEnd" : 476		},		{			"operatorDescription" : "Replace #'<=' with true",			"class" : "PMAB3Solver",			"operatorClass" : "ReplaceLessOrEqualWithTrueOperator",			"mutationStart" : 842,			"method" : "solve:startState:startTime:endTime:",			"mutationEnd" : 862		},		{			"operatorDescription" : "Replace #'<=' with true",			"class" : "PMAB3Solver",			"operatorClass" : "ReplaceLessOrEqualWithTrueOperator",			"mutationStart" : 1381,			"method" : "solve:startState:startTime:endTime:",			"mutationEnd" : 1401		},		{			"operatorDescription" : "Replace #+ with #-",			"class" : "PMAB3Solver",			"operatorClass" : "ReplacePlusWithMinusMutantOperator",			"mutationStart" : 456,			"method" : "solve:startState:startTime:endTime:",			"mutationEnd" : 466		},		{			"operatorDescription" : "Replace #+ with #-",			"class" : "PMAB3Solver",			"operatorClass" : "ReplacePlusWithMinusMutantOperator",			"mutationStart" : 647,			"method" : "solve:startState:startTime:endTime:",			"mutationEnd" : 657		},		{			"operatorDescription" : "Replace #+ with #-",			"class" : "PMAB3Solver",			"operatorClass" : "ReplacePlusWithMinusMutantOperator",			"mutationStart" : 842,			"method" : "solve:startState:startTime:endTime:",			"mutationEnd" : 852		},		{			"operatorDescription" : "Replace #+ with #-",			"class" : "PMAB3Solver",			"operatorClass" : "ReplacePlusWithMinusMutantOperator",			"mutationStart" : 1156,			"method" : "solve:startState:startTime:endTime:",			"mutationEnd" : 1166		},		{			"operatorDescription" : "Replace #+ with #-",			"class" : "PMAB3Solver",			"operatorClass" : "ReplacePlusWithMinusMutantOperator",			"mutationStart" : 1381,			"method" : "solve:startState:startTime:endTime:",			"mutationEnd" : 1391		},		{			"operatorDescription" : "Replace #< with #>",			"class" : "PMAB3Solver",			"operatorClass" : "ReplaceLessWithGreaterMutantOperator",			"mutationStart" : 674,			"method" : "solve:startState:startTime:endTime:",			"mutationEnd" : 691		},		{			"operatorDescription" : "Replace #< with #>",			"class" : "PMAB3Solver",			"operatorClass" : "ReplaceLessWithGreaterMutantOperator",			"mutationStart" : 1183,			"method" : "solve:startState:startTime:endTime:",			"mutationEnd" : 1200		},		{			"operatorDescription" : "Replace #and: argument with [true]",			"class" : "PMAB3Solver",			"operatorClass" : "ReplaceAndArgumentWithTrueOperator",			"mutationStart" : 340,			"method" : "solve:startState:startTime:endTime:",			"mutationEnd" : 386		},		{			"operatorDescription" : "Replace #and: argument with [true]",			"class" : "PMAB3Solver",			"operatorClass" : "ReplaceAndArgumentWithTrueOperator",			"mutationStart" : 646,			"method" : "solve:startState:startTime:endTime:",			"mutationEnd" : 692		},		{			"operatorDescription" : "Replace #and: argument with [true]",			"class" : "PMAB3Solver",			"operatorClass" : "ReplaceAndArgumentWithTrueOperator",			"mutationStart" : 1155,			"method" : "solve:startState:startTime:endTime:",			"mutationEnd" : 1201		},		{			"operatorDescription" : "Replace #and: with #bEqv:",			"class" : "PMAB3Solver",			"operatorClass" : "ReplaceAndWithEqvMutantOperator",			"mutationStart" : 340,			"method" : "solve:startState:startTime:endTime:",			"mutationEnd" : 386		},		{			"operatorDescription" : "Replace #and: with #bEqv:",			"class" : "PMAB3Solver",			"operatorClass" : "ReplaceAndWithEqvMutantOperator",			"mutationStart" : 646,			"method" : "solve:startState:startTime:endTime:",			"mutationEnd" : 692		},		{			"operatorDescription" : "Replace #and: with #bEqv:",			"class" : "PMAB3Solver",			"operatorClass" : "ReplaceAndWithEqvMutantOperator",			"mutationStart" : 1155,			"method" : "solve:startState:startTime:endTime:",			"mutationEnd" : 1201		},		{			"operatorDescription" : "Replace #and: with false",			"class" : "PMAB3Solver",			"operatorClass" : "ReplaceAndWithFalseOperator",			"mutationStart" : 646,			"method" : "solve:startState:startTime:endTime:",			"mutationEnd" : 692		},		{			"operatorDescription" : "Replace #and: with false",			"class" : "PMAB3Solver",			"operatorClass" : "ReplaceAndWithFalseOperator",			"mutationStart" : 1155,			"method" : "solve:startState:startTime:endTime:",			"mutationEnd" : 1201		},		{			"operatorDescription" : "Replace #ifTrue: receiver with false",			"class" : "PMAB3Solver",			"operatorClass" : "ReplaceIfTrueReceiverWithFalseOperator",			"mutationStart" : 646,			"method" : "solve:startState:startTime:endTime:",			"mutationEnd" : 834		},		{			"operatorDescription" : "Replace #ifTrue: receiver with false",			"class" : "PMAB3Solver",			"operatorClass" : "ReplaceIfTrueReceiverWithFalseOperator",			"mutationStart" : 1155,			"method" : "solve:startState:startTime:endTime:",			"mutationEnd" : 1371		},		{			"operatorDescription" : "Replace #ifTrue: receiver with true",			"class" : "PMAB3Solver",			"operatorClass" : "ReplaceIfTrueReceiverWithTrueOperator",			"mutationStart" : 456,			"method" : "solve:startState:startTime:endTime:",			"mutationEnd" : 2130		},		{			"operatorDescription" : "Replace #ifTrue: receiver with true",			"class" : "PMAB3Solver",			"operatorClass" : "ReplaceIfTrueReceiverWithTrueOperator",			"mutationStart" : 842,			"method" : "solve:startState:startTime:endTime:",			"mutationEnd" : 2129		},		{			"operatorDescription" : "Replace #ifTrue: receiver with true",			"class" : "PMAB3Solver",			"operatorClass" : "ReplaceIfTrueReceiverWithTrueOperator",			"mutationStart" : 1381,			"method" : "solve:startState:startTime:endTime:",			"mutationEnd" : 2128		},		{			"operatorDescription" : "Replace #or: argument with [false]",			"class" : "PMAB3Solver",			"operatorClass" : "ReplaceOrArgumentWithFalseOperator",			"mutationStart" : 1833,			"method" : "solve:startState:startTime:endTime:",			"mutationEnd" : 1930		},		{			"operatorDescription" : "Replace #or: with #bXor:",			"class" : "PMAB3Solver",			"operatorClass" : "ReplaceOrWithXorMutantOperator",			"mutationStart" : 1833,			"method" : "solve:startState:startTime:endTime:",			"mutationEnd" : 1930		},		{			"operatorDescription" : "Replace #or: with true",			"class" : "PMAB3Solver",			"operatorClass" : "ReplaceOrWithTrueOperator",			"mutationStart" : 1833,			"method" : "solve:startState:startTime:endTime:",			"mutationEnd" : 1930		},		{			"operatorDescription" : "Replace #+ with #-",			"class" : "PMAB3Solver",			"operatorClass" : "ReplacePlusWithMinusMutantOperator",			"mutationStart" : 161,			"method" : "secondStepPrevState:startTime:",			"mutationEnd" : 171		}	],	"mutationScoreAfter" : 63,	"mutationScoreBefore" : 56,	"testAmpLoc" : 69,	"amplifiedMethods" : [		"PMAB3SolverTest209>>#testSimpleSystem2_amp_R5_A23",		"PMAB3SolverTest209>>#testSimpleSystem2_amp_N4_A1_A38",		"PMAB3SolverTest209>>#testSimpleSystem2_amp_A0"	],	"testLoc" : "94",	"amplifiedClass" : "PMAB3SolverTest209",	"numberOfAllMutationsInOriginal" : 86,	"targetLoc" : 103,	"newCovered" : [		{			"operatorDescription" : "Replace #ifFalse: receiver with true",			"class" : "PMAB3Solver",			"operatorClass" : "ReplaceIfFalseReceiverWithTrueOperator",			"mutationStart" : 114,			"method" : "lastStepPrevState:prevPrevState:endTime:",			"mutationEnd" : 390		},		{			"operatorDescription" : "Replace #'<=' with #<",			"class" : "PMAB3Solver",			"operatorClass" : "ReplaceLessOrEqualWithLessMutantOperator",			"mutationStart" : 456,			"method" : "solve:startState:startTime:endTime:",			"mutationEnd" : 476		},		{			"operatorDescription" : "Replace #+ with #-",			"class" : "PMAB3Solver",			"operatorClass" : "ReplacePlusWithMinusMutantOperator",			"mutationStart" : 341,			"method" : "solve:startState:startTime:endTime:",			"mutationEnd" : 351		},		{			"operatorDescription" : "Replace #< with #>",			"class" : "PMAB3Solver",			"operatorClass" : "ReplaceLessWithGreaterMutantOperator",			"mutationStart" : 368,			"method" : "solve:startState:startTime:endTime:",			"mutationEnd" : 385		},		{			"operatorDescription" : "Replace #and: with false",			"class" : "PMAB3Solver",			"operatorClass" : "ReplaceAndWithFalseOperator",			"mutationStart" : 340,			"method" : "solve:startState:startTime:endTime:",			"mutationEnd" : 386		},		{			"operatorDescription" : "Replace #ifTrue: receiver with false",			"class" : "PMAB3Solver",			"operatorClass" : "ReplaceIfTrueReceiverWithFalseOperator",			"mutationStart" : 340,			"method" : "solve:startState:startTime:endTime:",			"mutationEnd" : 450		}	],	"timeBudgetFinished" : false,	"notCoveredInOriginal" : [		{			"operatorDescription" : "Replace #- with #+",			"class" : "PMAB3Solver",			"operatorClass" : "ReplaceMinusWithPlusMutantOperator",			"mutationStart" : 272,			"method" : "lastStepPrevState:prevPrevState:endTime:",			"mutationEnd" : 286		},		{			"operatorDescription" : "Replace #ifFalse: receiver with false",			"class" : "PMAB3Solver",			"operatorClass" : "ReplaceIfFalseReceiverWithFalseOperator",			"mutationStart" : 114,			"method" : "lastStepPrevState:prevPrevState:endTime:",			"mutationEnd" : 390		},		{			"operatorDescription" : "Replace #ifFalse: receiver with true",			"class" : "PMAB3Solver",			"operatorClass" : "ReplaceIfFalseReceiverWithTrueOperator",			"mutationStart" : 114,			"method" : "lastStepPrevState:prevPrevState:endTime:",			"mutationEnd" : 390		},		{			"operatorDescription" : "Replace #ifFalse: with #ifTrue:",			"class" : "PMAB3Solver",			"operatorClass" : "ReplaceIfFalseWithIfTrueMutantOperator",			"mutationStart" : 114,			"method" : "lastStepPrevState:prevPrevState:endTime:",			"mutationEnd" : 390		},		{			"operatorDescription" : "Replace #+ with #-",			"class" : "PMAB3Solver",			"operatorClass" : "ReplacePlusWithMinusMutantOperator",			"mutationStart" : 676,			"method" : "mainStepsPrevState:prevPrevState:startTime:endTime:",			"mutationEnd" : 689		},		{			"operatorDescription" : "Replace #'<=' with #<",			"class" : "PMAB3Solver",			"operatorClass" : "ReplaceLessOrEqualWithLessMutantOperator",			"mutationStart" : 456,			"method" : "solve:startState:startTime:endTime:",			"mutationEnd" : 476		},		{			"operatorDescription" : "Replace #'<=' with true",			"class" : "PMAB3Solver",			"operatorClass" : "ReplaceLessOrEqualWithTrueOperator",			"mutationStart" : 456,			"method" : "solve:startState:startTime:endTime:",			"mutationEnd" : 476		},		{			"operatorDescription" : "Replace #'<=' with true",			"class" : "PMAB3Solver",			"operatorClass" : "ReplaceLessOrEqualWithTrueOperator",			"mutationStart" : 842,			"method" : "solve:startState:startTime:endTime:",			"mutationEnd" : 862		},		{			"operatorDescription" : "Replace #'<=' with true",			"class" : "PMAB3Solver",			"operatorClass" : "ReplaceLessOrEqualWithTrueOperator",			"mutationStart" : 1381,			"method" : "solve:startState:startTime:endTime:",			"mutationEnd" : 1401		},		{			"operatorDescription" : "Replace #+ with #-",			"class" : "PMAB3Solver",			"operatorClass" : "ReplacePlusWithMinusMutantOperator",			"mutationStart" : 341,			"method" : "solve:startState:startTime:endTime:",			"mutationEnd" : 351		},		{			"operatorDescription" : "Replace #+ with #-",			"class" : "PMAB3Solver",			"operatorClass" : "ReplacePlusWithMinusMutantOperator",			"mutationStart" : 456,			"method" : "solve:startState:startTime:endTime:",			"mutationEnd" : 466		},		{			"operatorDescription" : "Replace #+ with #-",			"class" : "PMAB3Solver",			"operatorClass" : "ReplacePlusWithMinusMutantOperator",			"mutationStart" : 647,			"method" : "solve:startState:startTime:endTime:",			"mutationEnd" : 657		},		{			"operatorDescription" : "Replace #+ with #-",			"class" : "PMAB3Solver",			"operatorClass" : "ReplacePlusWithMinusMutantOperator",			"mutationStart" : 842,			"method" : "solve:startState:startTime:endTime:",			"mutationEnd" : 852		},		{			"operatorDescription" : "Replace #+ with #-",			"class" : "PMAB3Solver",			"operatorClass" : "ReplacePlusWithMinusMutantOperator",			"mutationStart" : 1156,			"method" : "solve:startState:startTime:endTime:",			"mutationEnd" : 1166		},		{			"operatorDescription" : "Replace #+ with #-",			"class" : "PMAB3Solver",			"operatorClass" : "ReplacePlusWithMinusMutantOperator",			"mutationStart" : 1381,			"method" : "solve:startState:startTime:endTime:",			"mutationEnd" : 1391		},		{			"operatorDescription" : "Replace #< with #>",			"class" : "PMAB3Solver",			"operatorClass" : "ReplaceLessWithGreaterMutantOperator",			"mutationStart" : 368,			"method" : "solve:startState:startTime:endTime:",			"mutationEnd" : 385		},		{			"operatorDescription" : "Replace #< with #>",			"class" : "PMAB3Solver",			"operatorClass" : "ReplaceLessWithGreaterMutantOperator",			"mutationStart" : 674,			"method" : "solve:startState:startTime:endTime:",			"mutationEnd" : 691		},		{			"operatorDescription" : "Replace #< with #>",			"class" : "PMAB3Solver",			"operatorClass" : "ReplaceLessWithGreaterMutantOperator",			"mutationStart" : 1183,			"method" : "solve:startState:startTime:endTime:",			"mutationEnd" : 1200		},		{			"operatorDescription" : "Replace #and: argument with [true]",			"class" : "PMAB3Solver",			"operatorClass" : "ReplaceAndArgumentWithTrueOperator",			"mutationStart" : 340,			"method" : "solve:startState:startTime:endTime:",			"mutationEnd" : 386		},		{			"operatorDescription" : "Replace #and: argument with [true]",			"class" : "PMAB3Solver",			"operatorClass" : "ReplaceAndArgumentWithTrueOperator",			"mutationStart" : 646,			"method" : "solve:startState:startTime:endTime:",			"mutationEnd" : 692		},		{			"operatorDescription" : "Replace #and: argument with [true]",			"class" : "PMAB3Solver",			"operatorClass" : "ReplaceAndArgumentWithTrueOperator",			"mutationStart" : 1155,			"method" : "solve:startState:startTime:endTime:",			"mutationEnd" : 1201		},		{			"operatorDescription" : "Replace #and: with #bEqv:",			"class" : "PMAB3Solver",			"operatorClass" : "ReplaceAndWithEqvMutantOperator",			"mutationStart" : 340,			"method" : "solve:startState:startTime:endTime:",			"mutationEnd" : 386		},		{			"operatorDescription" : "Replace #and: with #bEqv:",			"class" : "PMAB3Solver",			"operatorClass" : "ReplaceAndWithEqvMutantOperator",			"mutationStart" : 646,			"method" : "solve:startState:startTime:endTime:",			"mutationEnd" : 692		},		{			"operatorDescription" : "Replace #and: with #bEqv:",			"class" : "PMAB3Solver",			"operatorClass" : "ReplaceAndWithEqvMutantOperator",			"mutationStart" : 1155,			"method" : "solve:startState:startTime:endTime:",			"mutationEnd" : 1201		},		{			"operatorDescription" : "Replace #and: with false",			"class" : "PMAB3Solver",			"operatorClass" : "ReplaceAndWithFalseOperator",			"mutationStart" : 340,			"method" : "solve:startState:startTime:endTime:",			"mutationEnd" : 386		},		{			"operatorDescription" : "Replace #and: with false",			"class" : "PMAB3Solver",			"operatorClass" : "ReplaceAndWithFalseOperator",			"mutationStart" : 646,			"method" : "solve:startState:startTime:endTime:",			"mutationEnd" : 692		},		{			"operatorDescription" : "Replace #and: with false",			"class" : "PMAB3Solver",			"operatorClass" : "ReplaceAndWithFalseOperator",			"mutationStart" : 1155,			"method" : "solve:startState:startTime:endTime:",			"mutationEnd" : 1201		},		{			"operatorDescription" : "Replace #ifTrue: receiver with false",			"class" : "PMAB3Solver",			"operatorClass" : "ReplaceIfTrueReceiverWithFalseOperator",			"mutationStart" : 340,			"method" : "solve:startState:startTime:endTime:",			"mutationEnd" : 450		},		{			"operatorDescription" : "Replace #ifTrue: receiver with false",			"class" : "PMAB3Solver",			"operatorClass" : "ReplaceIfTrueReceiverWithFalseOperator",			"mutationStart" : 646,			"method" : "solve:startState:startTime:endTime:",			"mutationEnd" : 834		},		{			"operatorDescription" : "Replace #ifTrue: receiver with false",			"class" : "PMAB3Solver",			"operatorClass" : "ReplaceIfTrueReceiverWithFalseOperator",			"mutationStart" : 1155,			"method" : "solve:startState:startTime:endTime:",			"mutationEnd" : 1371		},		{			"operatorDescription" : "Replace #ifTrue: receiver with true",			"class" : "PMAB3Solver",			"operatorClass" : "ReplaceIfTrueReceiverWithTrueOperator",			"mutationStart" : 456,			"method" : "solve:startState:startTime:endTime:",			"mutationEnd" : 2130		},		{			"operatorDescription" : "Replace #ifTrue: receiver with true",			"class" : "PMAB3Solver",			"operatorClass" : "ReplaceIfTrueReceiverWithTrueOperator",			"mutationStart" : 842,			"method" : "solve:startState:startTime:endTime:",			"mutationEnd" : 2129		},		{			"operatorDescription" : "Replace #ifTrue: receiver with true",			"class" : "PMAB3Solver",			"operatorClass" : "ReplaceIfTrueReceiverWithTrueOperator",			"mutationStart" : 1381,			"method" : "solve:startState:startTime:endTime:",			"mutationEnd" : 2128		},		{			"operatorDescription" : "Replace #or: argument with [false]",			"class" : "PMAB3Solver",			"operatorClass" : "ReplaceOrArgumentWithFalseOperator",			"mutationStart" : 1833,			"method" : "solve:startState:startTime:endTime:",			"mutationEnd" : 1930		},		{			"operatorDescription" : "Replace #or: with #bXor:",			"class" : "PMAB3Solver",			"operatorClass" : "ReplaceOrWithXorMutantOperator",			"mutationStart" : 1833,			"method" : "solve:startState:startTime:endTime:",			"mutationEnd" : 1930		},		{			"operatorDescription" : "Replace #or: with true",			"class" : "PMAB3Solver",			"operatorClass" : "ReplaceOrWithTrueOperator",			"mutationStart" : 1833,			"method" : "solve:startState:startTime:endTime:",			"mutationEnd" : 1930		},		{			"operatorDescription" : "Replace #+ with #-",			"class" : "PMAB3Solver",			"operatorClass" : "ReplacePlusWithMinusMutantOperator",			"mutationStart" : 161,			"method" : "secondStepPrevState:startTime:",			"mutationEnd" : 171		}	],	"testCase" : "PMAB3SolverTest",	"unixtime" : 1605024520,	"timeTotal" : 200}