{	"targetClasses" : [		"PMAccuracy"	],	"testMethodsIgnored" : [ ],	"methodsNotProfiled" : [		"PMAccuracy>>#argument:",		"PMAccuracy>>#streamTest:",		"PMAccuracy>>#streamTest:withParameter:tree:",		"PMAccuracy>>#extractFromResults:which:onlyOne:",		"PMAccuracy>>#extremeCollection:max:",		"PMAccuracy>>#format:type:postfix:tree:",		"PMAccuracy>>#severalChecksOn:with:tree:",		"PMAccuracy>>#streamResultsFor:tree:single:",		"PMAccuracy>>#format:",		"PMAccuracy>>#performCheck:",		"PMAccuracy>>#putExpectedResult:totree:",		"PMAccuracy>>#resultsAt:",		"PMAccuracy>>#asArray:",		"PMAccuracy>>#numberOfDifferentResultsAt:",		"PMAccuracy>>#parameter:",		"PMAccuracy>>#calcErrorOf:realResult:",		"PMAccuracy>>#argumentAt:",		"PMAccuracy>>#format:type:postfix:",		"PMAccuracy>>#initRest:",		"PMAccuracy>>#resultsKeyFor:AtPosition:",		"PMAccuracy>>#calcDeviations:in:max:",		"PMAccuracy>>#printOn:",		"PMAccuracy>>#streamArgumentsAt:for:tree:",		"PMAccuracy>>#iterations:",		"PMAccuracy>>#ifSeveralterations:",		"PMAccuracy>>#run:",		"PMAccuracy>>#calcResult:tree:",		"PMAccuracy>>#parameterAt:",		"PMAccuracy>>#result:",		"PMAccuracy>>#streamDeviationsOfResult:inCollection:tree:",		"PMAccuracy>>#tree:type:data:",		"PMAccuracy>>#numberOfDifferentParametersAt:",		"PMAccuracy>>#displayProgress:",		"PMAccuracy>>#occurrencesOf:In:UpTo:",		"PMAccuracy class>>#floatAsShortString:",		"PMAccuracy class>>#floatAsShortString:digitCount:",		"PMAccuracy class>>#decimalPlaces:"	],	"numberOfOriginalTestMethods" : 24,	"timeDetail" : [		"init: % 1.47 (39 seconds 944 milliseconds)",		"assertionAmplification: % 52.05 (23 minutes 34 seconds 239 milliseconds)",		"selection: % 33.96 (15 minutes 22 seconds 742 milliseconds)",		"inputAmplification: % 11.21 (5 minutes 4 seconds 737 milliseconds)",		"finalize: % 1.31 (35 seconds 605 milliseconds)"	],	"notCoveredInAmplified" : [		{			"operatorDescription" : "Remove ^",			"class" : "PMAccuracy",			"operatorClass" : "RemoveCaretOperator",			"mutationStart" : 109,			"method" : "argument:",			"mutationEnd" : 120		},		{			"operatorDescription" : "Replace #ifFalse: receiver with false",			"class" : "PMAccuracy",			"operatorClass" : "ReplaceIfFalseReceiverWithFalseOperator",			"mutationStart" : 413,			"method" : "streamTest:",			"mutationEnd" : 507		},		{			"operatorDescription" : "Replace #ifTrue:ifFalse: receiver with true",			"class" : "PMAccuracy",			"operatorClass" : "ReplaceIfTrueIfFalseReceiverWithTrueOperator",			"mutationStart" : 138,			"method" : "severalChecksOn:with:tree:",			"mutationEnd" : 327		},		{			"operatorDescription" : "Replace #and: receiver with true",			"class" : "PMAccuracy",			"operatorClass" : "ReplaceAndReceiverWithTrueOperator",			"mutationStart" : 44,			"method" : "asArray:",			"mutationEnd" : 87		},		{			"operatorDescription" : "Replace #and: with #bEqv:",			"class" : "PMAccuracy",			"operatorClass" : "ReplaceAndWithEqvMutantOperator",			"mutationStart" : 44,			"method" : "asArray:",			"mutationEnd" : 87		},		{			"operatorDescription" : "Replace #ifFalse: receiver with true",			"class" : "PMAccuracy",			"operatorClass" : "ReplaceIfFalseReceiverWithTrueOperator",			"mutationStart" : 72,			"method" : "numberOfDifferentResultsAt:",			"mutationEnd" : 116		},		{			"operatorDescription" : "Remove ^",			"class" : "PMAccuracy",			"operatorClass" : "RemoveCaretOperator",			"mutationStart" : 244,			"method" : "parameter:",			"mutationEnd" : 288		},		{			"operatorDescription" : "Replace #and: with false",			"class" : "PMAccuracy",			"operatorClass" : "ReplaceAndWithFalseOperator",			"mutationStart" : 128,			"method" : "parameter:",			"mutationEnd" : 176		},		{			"operatorDescription" : "Replace #ifFalse: receiver with true",			"class" : "PMAccuracy",			"operatorClass" : "ReplaceIfFalseReceiverWithTrueOperator",			"mutationStart" : 24,			"method" : "parameter:",			"mutationEnd" : 124		},		{			"operatorDescription" : "Replace #ifTrue: receiver with false",			"class" : "PMAccuracy",			"operatorClass" : "ReplaceIfTrueReceiverWithFalseOperator",			"mutationStart" : 128,			"method" : "parameter:",			"mutationEnd" : 240		},		{			"operatorDescription" : "Replace #or: with #bXor:",			"class" : "PMAccuracy",			"operatorClass" : "ReplaceOrWithXorMutantOperator",			"mutationStart" : 24,			"method" : "parameter:",			"mutationEnd" : 68		},		{			"operatorDescription" : "Replace #or: with true",			"class" : "PMAccuracy",			"operatorClass" : "ReplaceOrWithTrueOperator",			"mutationStart" : 24,			"method" : "parameter:",			"mutationEnd" : 68		},		{			"operatorDescription" : "Replace #ifFalse: receiver with true",			"class" : "PMAccuracy",			"operatorClass" : "ReplaceIfFalseReceiverWithTrueOperator",			"mutationStart" : 63,			"method" : "run:",			"mutationEnd" : 129		},		{			"operatorDescription" : "Remove ^",			"class" : "PMAccuracy",			"operatorClass" : "RemoveCaretOperator",			"mutationStart" : 74,			"method" : "result:",			"mutationEnd" : 82		},		{			"operatorDescription" : "Replace #ifTrue:ifFalse: receiver with false",			"class" : "PMAccuracy",			"operatorClass" : "ReplaceIfTrueIfFalseReceiverWithFalseOperator",			"mutationStart" : 308,			"method" : "streamDeviationsOfResult:inCollection:tree:",			"mutationEnd" : 473		},		{			"operatorDescription" : "Replace #ifTrue:ifFalse: receiver with true",			"class" : "PMAccuracy",			"operatorClass" : "ReplaceIfTrueIfFalseReceiverWithTrueOperator",			"mutationStart" : 308,			"method" : "streamDeviationsOfResult:inCollection:tree:",			"mutationEnd" : 473		},		{			"operatorDescription" : "Remove ^",			"class" : "PMAccuracy",			"operatorClass" : "RemoveCaretOperator",			"mutationStart" : 203,			"method" : "numberOfDifferentParametersAt:",			"mutationEnd" : 204		},		{			"operatorDescription" : "Remove ^",			"class" : "PMAccuracy",			"operatorClass" : "RemoveCaretOperator",			"mutationStart" : 227,			"method" : "displayProgress:",			"mutationEnd" : 232		},		{			"operatorDescription" : "Remove ^",			"class" : "PMAccuracy",			"operatorClass" : "RemoveCaretOperator",			"mutationStart" : 143,			"method" : "findKey",			"mutationEnd" : 156		},		{			"operatorDescription" : "Remove ^",			"class" : "PMAccuracy",			"operatorClass" : "RemoveCaretOperator",			"mutationStart" : 252,			"method" : "findKey",			"mutationEnd" : 268		},		{			"operatorDescription" : "Replace #= with #'~='",			"class" : "PMAccuracy",			"operatorClass" : "ReplaceEqualWithNotEqualOperator",			"mutationStart" : 107,			"method" : "findKey",			"mutationEnd" : 129		},		{			"operatorDescription" : "Replace #ifTrue: receiver with false",			"class" : "PMAccuracy",			"operatorClass" : "ReplaceIfTrueReceiverWithFalseOperator",			"mutationStart" : 107,			"method" : "findKey",			"mutationEnd" : 158		},		{			"operatorDescription" : "Replace #ifTrue: receiver with true",			"class" : "PMAccuracy",			"operatorClass" : "ReplaceIfTrueReceiverWithTrueOperator",			"mutationStart" : 107,			"method" : "findKey",			"mutationEnd" : 158		},		{			"operatorDescription" : "Replace #ifTrue: with #ifFalse:",			"class" : "PMAccuracy",			"operatorClass" : "ReplaceIfTrueWithIfFalseMutantOperator",			"mutationStart" : 107,			"method" : "findKey",			"mutationEnd" : 158		},		{			"operatorDescription" : "Replace detect: block with [:each | false] when #detect:ifNone: ",			"class" : "PMAccuracy",			"operatorClass" : "ReplaceDetectIfNoneFirstBlockWithAlwaysFalseBlockOperator",			"mutationStart" : 181,			"method" : "findKey",			"mutationEnd" : 248		},		{			"operatorDescription" : "Replace detect: block with [:each | true] when #detect:ifNone: ",			"class" : "PMAccuracy",			"operatorClass" : "ReplaceDetectIfNoneFirstBlockWithAlwaysTrueBlockOperator",			"mutationStart" : 181,			"method" : "findKey",			"mutationEnd" : 248		},		{			"operatorDescription" : "Replace ifNone: block with [] when #detect:ifNone:",			"class" : "PMAccuracy",			"operatorClass" : "ReplaceDetectIfNoneSecondBlockWithEmptyBlockOperator",			"mutationStart" : 181,			"method" : "findKey",			"mutationEnd" : 248		},		{			"operatorDescription" : "Replace #'>=' with #=",			"class" : "PMAccuracy class",			"operatorClass" : "ReplaceGreaterOrEqualWithEqualMutantOperator",			"mutationStart" : 906,			"method" : "floatAsShortString:digitCount:",			"mutationEnd" : 915		},		{			"operatorDescription" : "Replace #'>=' with #>",			"class" : "PMAccuracy class",			"operatorClass" : "ReplaceGreaterOrEqualWithGreaterMutantOperator",			"mutationStart" : 906,			"method" : "floatAsShortString:digitCount:",			"mutationEnd" : 915		},		{			"operatorDescription" : "Replace #'>=' with #>",			"class" : "PMAccuracy class",			"operatorClass" : "ReplaceGreaterOrEqualWithGreaterMutantOperator",			"mutationStart" : 1241,			"method" : "floatAsShortString:digitCount:",			"mutationEnd" : 1249		},		{			"operatorDescription" : "Replace #* with #/",			"class" : "PMAccuracy class",			"operatorClass" : "ReplaceMultiplicationWithDivisionMutantOperator",			"mutationStart" : 731,			"method" : "floatAsShortString:digitCount:",			"mutationEnd" : 743		},		{			"operatorDescription" : "Replace #* with #/",			"class" : "PMAccuracy class",			"operatorClass" : "ReplaceMultiplicationWithDivisionMutantOperator",			"mutationStart" : 782,			"method" : "floatAsShortString:digitCount:",			"mutationEnd" : 797		},		{			"operatorDescription" : "Replace #+ with #-",			"class" : "PMAccuracy class",			"operatorClass" : "ReplacePlusWithMinusMutantOperator",			"mutationStart" : 682,			"method" : "floatAsShortString:digitCount:",			"mutationEnd" : 697		},		{			"operatorDescription" : "Replace #+ with #-",			"class" : "PMAccuracy class",			"operatorClass" : "ReplacePlusWithMinusMutantOperator",			"mutationStart" : 761,			"method" : "floatAsShortString:digitCount:",			"mutationEnd" : 772		},		{			"operatorDescription" : "Replace #+ with #-",			"class" : "PMAccuracy class",			"operatorClass" : "ReplacePlusWithMinusMutantOperator",			"mutationStart" : 1000,			"method" : "floatAsShortString:digitCount:",			"mutationEnd" : 1006		},		{			"operatorDescription" : "Replace #/ with #*",			"class" : "PMAccuracy class",			"operatorClass" : "ReplaceDivisionWithMultiplicationMutantOperator",			"mutationStart" : 979,			"method" : "floatAsShortString:digitCount:",			"mutationEnd" : 987		},		{			"operatorDescription" : "Replace #and: with #bEqv:",			"class" : "PMAccuracy class",			"operatorClass" : "ReplaceAndWithEqvMutantOperator",			"mutationStart" : 1011,			"method" : "floatAsShortString:digitCount:",			"mutationEnd" : 1051		},		{			"operatorDescription" : "Replace #ifTrue: receiver with false",			"class" : "PMAccuracy class",			"operatorClass" : "ReplaceIfTrueReceiverWithFalseOperator",			"mutationStart" : 906,			"method" : "floatAsShortString:digitCount:",			"mutationEnd" : 1007		},		{			"operatorDescription" : "Replace #ifTrue:ifFalse: receiver with false",			"class" : "PMAccuracy class",			"operatorClass" : "ReplaceIfTrueIfFalseReceiverWithFalseOperator",			"mutationStart" : 523,			"method" : "floatAsShortString:digitCount:",			"mutationEnd" : 624		},		{			"operatorDescription" : "Remove ^",			"class" : "PMAccuracy class",			"operatorClass" : "RemoveCaretOperator",			"mutationStart" : 27,			"method" : "decimalPlaces:",			"mutationEnd" : 51		}	],	"mutationScoreAfter" : 84,	"mutationScoreBefore" : 81,	"testAmpLoc" : 595,	"amplifiedMethods" : [		"PMAccuracyTest1188>>#testArgumentAt_amp",		"PMAccuracyTest1188>>#testIterations_amp",		"PMAccuracyTest1188>>#testIfSeveralterations_amp",		"PMAccuracyTest1188>>#testIfSeveralterations_amp_N0",		"PMAccuracyTest1188>>#testPrintOn_amp",		"PMAccuracyTest1188>>#testIfSeveralterations_amp_L5"	],	"testLoc" : "248",	"amplifiedClass" : "PMAccuracyTest1188",	"numberOfAllMutationsInOriginal" : 257,	"targetLoc" : 416,	"newCovered" : [		{			"operatorDescription" : "Replace #ifFalse: receiver with true",			"class" : "PMAccuracy",			"operatorClass" : "ReplaceIfFalseReceiverWithTrueOperator",			"mutationStart" : 413,			"method" : "streamTest:",			"mutationEnd" : 507		},		{			"operatorDescription" : "Replace #ifFalse: with #ifTrue:",			"class" : "PMAccuracy",			"operatorClass" : "ReplaceIfFalseWithIfTrueMutantOperator",			"mutationStart" : 413,			"method" : "streamTest:",			"mutationEnd" : 507		},		{			"operatorDescription" : "Remove ^",			"class" : "PMAccuracy",			"operatorClass" : "RemoveCaretOperator",			"mutationStart" : 6,			"method" : "run",			"mutationEnd" : 21		},		{			"operatorDescription" : "Remove ^",			"class" : "PMAccuracy",			"operatorClass" : "RemoveCaretOperator",			"mutationStart" : 107,			"method" : "argument",			"mutationEnd" : 109		},		{			"operatorDescription" : "Remove ^",			"class" : "PMAccuracy",			"operatorClass" : "RemoveCaretOperator",			"mutationStart" : 45,			"method" : "iterations:",			"mutationEnd" : 55		},		{			"operatorDescription" : "Remove ^",			"class" : "PMAccuracy",			"operatorClass" : "RemoveCaretOperator",			"mutationStart" : 59,			"method" : "iterations:",			"mutationEnd" : 81		},		{			"operatorDescription" : "Replace #ifTrue: receiver with false",			"class" : "PMAccuracy",			"operatorClass" : "ReplaceIfTrueReceiverWithFalseOperator",			"mutationStart" : 24,			"method" : "iterations:",			"mutationEnd" : 56		},		{			"operatorDescription" : "Remove ^",			"class" : "PMAccuracy",			"operatorClass" : "RemoveCaretOperator",			"mutationStart" : 482,			"method" : "run:",			"mutationEnd" : 499		}	],	"timeBudgetFinished" : false,	"notCoveredInOriginal" : [		{			"operatorDescription" : "Remove ^",			"class" : "PMAccuracy",			"operatorClass" : "RemoveCaretOperator",			"mutationStart" : 109,			"method" : "argument:",			"mutationEnd" : 120		},		{			"operatorDescription" : "Replace #ifFalse: receiver with false",			"class" : "PMAccuracy",			"operatorClass" : "ReplaceIfFalseReceiverWithFalseOperator",			"mutationStart" : 413,			"method" : "streamTest:",			"mutationEnd" : 507		},		{			"operatorDescription" : "Replace #ifFalse: receiver with true",			"class" : "PMAccuracy",			"operatorClass" : "ReplaceIfFalseReceiverWithTrueOperator",			"mutationStart" : 413,			"method" : "streamTest:",			"mutationEnd" : 507		},		{			"operatorDescription" : "Replace #ifFalse: with #ifTrue:",			"class" : "PMAccuracy",			"operatorClass" : "ReplaceIfFalseWithIfTrueMutantOperator",			"mutationStart" : 413,			"method" : "streamTest:",			"mutationEnd" : 507		},		{			"operatorDescription" : "Remove ^",			"class" : "PMAccuracy",			"operatorClass" : "RemoveCaretOperator",			"mutationStart" : 6,			"method" : "run",			"mutationEnd" : 21		},		{			"operatorDescription" : "Replace #ifTrue:ifFalse: receiver with true",			"class" : "PMAccuracy",			"operatorClass" : "ReplaceIfTrueIfFalseReceiverWithTrueOperator",			"mutationStart" : 138,			"method" : "severalChecksOn:with:tree:",			"mutationEnd" : 327		},		{			"operatorDescription" : "Remove ^",			"class" : "PMAccuracy",			"operatorClass" : "RemoveCaretOperator",			"mutationStart" : 107,			"method" : "argument",			"mutationEnd" : 109		},		{			"operatorDescription" : "Replace #and: receiver with true",			"class" : "PMAccuracy",			"operatorClass" : "ReplaceAndReceiverWithTrueOperator",			"mutationStart" : 44,			"method" : "asArray:",			"mutationEnd" : 87		},		{			"operatorDescription" : "Replace #and: with #bEqv:",			"class" : "PMAccuracy",			"operatorClass" : "ReplaceAndWithEqvMutantOperator",			"mutationStart" : 44,			"method" : "asArray:",			"mutationEnd" : 87		},		{			"operatorDescription" : "Replace #ifFalse: receiver with true",			"class" : "PMAccuracy",			"operatorClass" : "ReplaceIfFalseReceiverWithTrueOperator",			"mutationStart" : 72,			"method" : "numberOfDifferentResultsAt:",			"mutationEnd" : 116		},		{			"operatorDescription" : "Remove ^",			"class" : "PMAccuracy",			"operatorClass" : "RemoveCaretOperator",			"mutationStart" : 244,			"method" : "parameter:",			"mutationEnd" : 288		},		{			"operatorDescription" : "Replace #and: with false",			"class" : "PMAccuracy",			"operatorClass" : "ReplaceAndWithFalseOperator",			"mutationStart" : 128,			"method" : "parameter:",			"mutationEnd" : 176		},		{			"operatorDescription" : "Replace #ifFalse: receiver with true",			"class" : "PMAccuracy",			"operatorClass" : "ReplaceIfFalseReceiverWithTrueOperator",			"mutationStart" : 24,			"method" : "parameter:",			"mutationEnd" : 124		},		{			"operatorDescription" : "Replace #ifTrue: receiver with false",			"class" : "PMAccuracy",			"operatorClass" : "ReplaceIfTrueReceiverWithFalseOperator",			"mutationStart" : 128,			"method" : "parameter:",			"mutationEnd" : 240		},		{			"operatorDescription" : "Replace #or: with #bXor:",			"class" : "PMAccuracy",			"operatorClass" : "ReplaceOrWithXorMutantOperator",			"mutationStart" : 24,			"method" : "parameter:",			"mutationEnd" : 68		},		{			"operatorDescription" : "Replace #or: with true",			"class" : "PMAccuracy",			"operatorClass" : "ReplaceOrWithTrueOperator",			"mutationStart" : 24,			"method" : "parameter:",			"mutationEnd" : 68		},		{			"operatorDescription" : "Remove ^",			"class" : "PMAccuracy",			"operatorClass" : "RemoveCaretOperator",			"mutationStart" : 45,			"method" : "iterations:",			"mutationEnd" : 55		},		{			"operatorDescription" : "Remove ^",			"class" : "PMAccuracy",			"operatorClass" : "RemoveCaretOperator",			"mutationStart" : 59,			"method" : "iterations:",			"mutationEnd" : 81		},		{			"operatorDescription" : "Replace #ifTrue: receiver with false",			"class" : "PMAccuracy",			"operatorClass" : "ReplaceIfTrueReceiverWithFalseOperator",			"mutationStart" : 24,			"method" : "iterations:",			"mutationEnd" : 56		},		{			"operatorDescription" : "Remove ^",			"class" : "PMAccuracy",			"operatorClass" : "RemoveCaretOperator",			"mutationStart" : 482,			"method" : "run:",			"mutationEnd" : 499		},		{			"operatorDescription" : "Replace #ifFalse: receiver with true",			"class" : "PMAccuracy",			"operatorClass" : "ReplaceIfFalseReceiverWithTrueOperator",			"mutationStart" : 63,			"method" : "run:",			"mutationEnd" : 129		},		{			"operatorDescription" : "Remove ^",			"class" : "PMAccuracy",			"operatorClass" : "RemoveCaretOperator",			"mutationStart" : 74,			"method" : "result:",			"mutationEnd" : 82		},		{			"operatorDescription" : "Replace #ifTrue:ifFalse: receiver with false",			"class" : "PMAccuracy",			"operatorClass" : "ReplaceIfTrueIfFalseReceiverWithFalseOperator",			"mutationStart" : 308,			"method" : "streamDeviationsOfResult:inCollection:tree:",			"mutationEnd" : 473		},		{			"operatorDescription" : "Replace #ifTrue:ifFalse: receiver with true",			"class" : "PMAccuracy",			"operatorClass" : "ReplaceIfTrueIfFalseReceiverWithTrueOperator",			"mutationStart" : 308,			"method" : "streamDeviationsOfResult:inCollection:tree:",			"mutationEnd" : 473		},		{			"operatorDescription" : "Remove ^",			"class" : "PMAccuracy",			"operatorClass" : "RemoveCaretOperator",			"mutationStart" : 203,			"method" : "numberOfDifferentParametersAt:",			"mutationEnd" : 204		},		{			"operatorDescription" : "Remove ^",			"class" : "PMAccuracy",			"operatorClass" : "RemoveCaretOperator",			"mutationStart" : 227,			"method" : "displayProgress:",			"mutationEnd" : 232		},		{			"operatorDescription" : "Remove ^",			"class" : "PMAccuracy",			"operatorClass" : "RemoveCaretOperator",			"mutationStart" : 143,			"method" : "findKey",			"mutationEnd" : 156		},		{			"operatorDescription" : "Remove ^",			"class" : "PMAccuracy",			"operatorClass" : "RemoveCaretOperator",			"mutationStart" : 252,			"method" : "findKey",			"mutationEnd" : 268		},		{			"operatorDescription" : "Replace #= with #'~='",			"class" : "PMAccuracy",			"operatorClass" : "ReplaceEqualWithNotEqualOperator",			"mutationStart" : 107,			"method" : "findKey",			"mutationEnd" : 129		},		{			"operatorDescription" : "Replace #ifTrue: receiver with false",			"class" : "PMAccuracy",			"operatorClass" : "ReplaceIfTrueReceiverWithFalseOperator",			"mutationStart" : 107,			"method" : "findKey",			"mutationEnd" : 158		},		{			"operatorDescription" : "Replace #ifTrue: receiver with true",			"class" : "PMAccuracy",			"operatorClass" : "ReplaceIfTrueReceiverWithTrueOperator",			"mutationStart" : 107,			"method" : "findKey",			"mutationEnd" : 158		},		{			"operatorDescription" : "Replace #ifTrue: with #ifFalse:",			"class" : "PMAccuracy",			"operatorClass" : "ReplaceIfTrueWithIfFalseMutantOperator",			"mutationStart" : 107,			"method" : "findKey",			"mutationEnd" : 158		},		{			"operatorDescription" : "Replace detect: block with [:each | false] when #detect:ifNone: ",			"class" : "PMAccuracy",			"operatorClass" : "ReplaceDetectIfNoneFirstBlockWithAlwaysFalseBlockOperator",			"mutationStart" : 181,			"method" : "findKey",			"mutationEnd" : 248		},		{			"operatorDescription" : "Replace detect: block with [:each | true] when #detect:ifNone: ",			"class" : "PMAccuracy",			"operatorClass" : "ReplaceDetectIfNoneFirstBlockWithAlwaysTrueBlockOperator",			"mutationStart" : 181,			"method" : "findKey",			"mutationEnd" : 248		},		{			"operatorDescription" : "Replace ifNone: block with [] when #detect:ifNone:",			"class" : "PMAccuracy",			"operatorClass" : "ReplaceDetectIfNoneSecondBlockWithEmptyBlockOperator",			"mutationStart" : 181,			"method" : "findKey",			"mutationEnd" : 248		},		{			"operatorDescription" : "Replace #'>=' with #=",			"class" : "PMAccuracy class",			"operatorClass" : "ReplaceGreaterOrEqualWithEqualMutantOperator",			"mutationStart" : 906,			"method" : "floatAsShortString:digitCount:",			"mutationEnd" : 915		},		{			"operatorDescription" : "Replace #'>=' with #>",			"class" : "PMAccuracy class",			"operatorClass" : "ReplaceGreaterOrEqualWithGreaterMutantOperator",			"mutationStart" : 906,			"method" : "floatAsShortString:digitCount:",			"mutationEnd" : 915		},		{			"operatorDescription" : "Replace #'>=' with #>",			"class" : "PMAccuracy class",			"operatorClass" : "ReplaceGreaterOrEqualWithGreaterMutantOperator",			"mutationStart" : 1241,			"method" : "floatAsShortString:digitCount:",			"mutationEnd" : 1249		},		{			"operatorDescription" : "Replace #* with #/",			"class" : "PMAccuracy class",			"operatorClass" : "ReplaceMultiplicationWithDivisionMutantOperator",			"mutationStart" : 731,			"method" : "floatAsShortString:digitCount:",			"mutationEnd" : 743		},		{			"operatorDescription" : "Replace #* with #/",			"class" : "PMAccuracy class",			"operatorClass" : "ReplaceMultiplicationWithDivisionMutantOperator",			"mutationStart" : 782,			"method" : "floatAsShortString:digitCount:",			"mutationEnd" : 797		},		{			"operatorDescription" : "Replace #+ with #-",			"class" : "PMAccuracy class",			"operatorClass" : "ReplacePlusWithMinusMutantOperator",			"mutationStart" : 682,			"method" : "floatAsShortString:digitCount:",			"mutationEnd" : 697		},		{			"operatorDescription" : "Replace #+ with #-",			"class" : "PMAccuracy class",			"operatorClass" : "ReplacePlusWithMinusMutantOperator",			"mutationStart" : 761,			"method" : "floatAsShortString:digitCount:",			"mutationEnd" : 772		},		{			"operatorDescription" : "Replace #+ with #-",			"class" : "PMAccuracy class",			"operatorClass" : "ReplacePlusWithMinusMutantOperator",			"mutationStart" : 1000,			"method" : "floatAsShortString:digitCount:",			"mutationEnd" : 1006		},		{			"operatorDescription" : "Replace #/ with #*",			"class" : "PMAccuracy class",			"operatorClass" : "ReplaceDivisionWithMultiplicationMutantOperator",			"mutationStart" : 979,			"method" : "floatAsShortString:digitCount:",			"mutationEnd" : 987		},		{			"operatorDescription" : "Replace #and: with #bEqv:",			"class" : "PMAccuracy class",			"operatorClass" : "ReplaceAndWithEqvMutantOperator",			"mutationStart" : 1011,			"method" : "floatAsShortString:digitCount:",			"mutationEnd" : 1051		},		{			"operatorDescription" : "Replace #ifTrue: receiver with false",			"class" : "PMAccuracy class",			"operatorClass" : "ReplaceIfTrueReceiverWithFalseOperator",			"mutationStart" : 906,			"method" : "floatAsShortString:digitCount:",			"mutationEnd" : 1007		},		{			"operatorDescription" : "Replace #ifTrue:ifFalse: receiver with false",			"class" : "PMAccuracy class",			"operatorClass" : "ReplaceIfTrueIfFalseReceiverWithFalseOperator",			"mutationStart" : 523,			"method" : "floatAsShortString:digitCount:",			"mutationEnd" : 624		},		{			"operatorDescription" : "Remove ^",			"class" : "PMAccuracy class",			"operatorClass" : "RemoveCaretOperator",			"mutationStart" : 27,			"method" : "decimalPlaces:",			"mutationEnd" : 51		}	],	"testCase" : "PMAccuracyTest",	"unixtime" : 1605074656,	"timeTotal" : 2717}