{	"targetClasses" : [		"PMAM3Stepper"	],	"testMethodsIgnored" : [ ],	"methodsNotProfiled" : [ ],	"numberOfOriginalTestMethods" : 5,	"timeDetail" : [		"init: % 3.48 (3 seconds 343 milliseconds)",		"assertionAmplification: % 50.67 (48 seconds 726 milliseconds)",		"selection: % 7.58 (7 seconds 287 milliseconds)",		"inputAmplification: % 37.34 (35 seconds 905 milliseconds)",		"finalize: % 0.94 (903 milliseconds)"	],	"notCoveredInAmplified" : [		{			"operatorDescription" : "Replace #ifTrue: receiver with false",			"class" : "PMAM3Stepper",			"operatorClass" : "ReplaceIfTrueReceiverWithFalseOperator",			"mutationStart" : 87,			"method" : "doStep:prevState:time:",			"mutationEnd" : 163		},		{			"operatorDescription" : "Replace #ifTrue: receiver with false",			"class" : "PMAM3Stepper",			"operatorClass" : "ReplaceIfTrueReceiverWithFalseOperator",			"mutationStart" : 113,			"method" : "lastStep:prevState:time:deltaT:",			"mutationEnd" : 189		}	],	"mutationScoreAfter" : 97,	"mutationScoreBefore" : 97,	"testAmpLoc" : 0,	"amplifiedMethods" : [ ],	"testLoc" : "94",	"amplifiedClass" : "PMAM3StepperTest242",	"numberOfAllMutationsInOriginal" : 70,	"targetLoc" : 52,	"newCovered" : [ ],	"timeBudgetFinished" : false,	"notCoveredInOriginal" : [		{			"operatorDescription" : "Replace #ifTrue: receiver with false",			"class" : "PMAM3Stepper",			"operatorClass" : "ReplaceIfTrueReceiverWithFalseOperator",			"mutationStart" : 87,			"method" : "doStep:prevState:time:",			"mutationEnd" : 163		},		{			"operatorDescription" : "Replace #ifTrue: receiver with false",			"class" : "PMAM3Stepper",			"operatorClass" : "ReplaceIfTrueReceiverWithFalseOperator",			"mutationStart" : 113,			"method" : "lastStep:prevState:time:deltaT:",			"mutationEnd" : 189		}	],	"testCase" : "PMAM3StepperTest",	"unixtime" : 1605024617,	"timeTotal" : 96}