{	"targetClasses" : [		"PMAM3Solver"	],	"testMethodsIgnored" : [ ],	"methodsNotProfiled" : [ ],	"numberOfOriginalTestMethods" : 3,	"timeDetail" : [		"init: % 1.85 (2 seconds 731 milliseconds)",		"assertionAmplification: % 45.39 (1 minute 7 seconds 179 milliseconds)",		"selection: % 14.57 (21 seconds 557 milliseconds)",		"inputAmplification: % 37.74 (55 seconds 847 milliseconds)",		"finalize: % 0.46 (675 milliseconds)"	],	"notCoveredInAmplified" : [		{			"operatorDescription" : "Replace #+ with #-",			"class" : "PMAM3Solver",			"operatorClass" : "ReplacePlusWithMinusMutantOperator",			"mutationStart" : 116,			"method" : "firstStepStartTime:",			"mutationEnd" : 126		},		{			"operatorDescription" : "Replace #ifFalse: receiver with false",			"class" : "PMAM3Solver",			"operatorClass" : "ReplaceIfFalseReceiverWithFalseOperator",			"mutationStart" : 85,			"method" : "lastStepPrevState:endTime:",			"mutationEnd" : 298		},		{			"operatorDescription" : "Replace #ifFalse: with #ifTrue:",			"class" : "PMAM3Solver",			"operatorClass" : "ReplaceIfFalseWithIfTrueMutantOperator",			"mutationStart" : 85,			"method" : "lastStepPrevState:endTime:",			"mutationEnd" : 298		},		{			"operatorDescription" : "Replace #'<=' with true",			"class" : "PMAM3Solver",			"operatorClass" : "ReplaceLessOrEqualWithTrueOperator",			"mutationStart" : 441,			"method" : "solve:startState:startTime:endTime:",			"mutationEnd" : 461		},		{			"operatorDescription" : "Replace #+ with #-",			"class" : "PMAM3Solver",			"operatorClass" : "ReplacePlusWithMinusMutantOperator",			"mutationStart" : 326,			"method" : "solve:startState:startTime:endTime:",			"mutationEnd" : 336		},		{			"operatorDescription" : "Replace #+ with #-",			"class" : "PMAM3Solver",			"operatorClass" : "ReplacePlusWithMinusMutantOperator",			"mutationStart" : 441,			"method" : "solve:startState:startTime:endTime:",			"mutationEnd" : 451		},		{			"operatorDescription" : "Replace #+ with #-",			"class" : "PMAM3Solver",			"operatorClass" : "ReplacePlusWithMinusMutantOperator",			"mutationStart" : 606,			"method" : "solve:startState:startTime:endTime:",			"mutationEnd" : 621		},		{			"operatorDescription" : "Replace #< with #>",			"class" : "PMAM3Solver",			"operatorClass" : "ReplaceLessWithGreaterMutantOperator",			"mutationStart" : 353,			"method" : "solve:startState:startTime:endTime:",			"mutationEnd" : 370		},		{			"operatorDescription" : "Replace #and: argument with [true]",			"class" : "PMAM3Solver",			"operatorClass" : "ReplaceAndArgumentWithTrueOperator",			"mutationStart" : 325,			"method" : "solve:startState:startTime:endTime:",			"mutationEnd" : 371		},		{			"operatorDescription" : "Replace #and: with #bEqv:",			"class" : "PMAM3Solver",			"operatorClass" : "ReplaceAndWithEqvMutantOperator",			"mutationStart" : 325,			"method" : "solve:startState:startTime:endTime:",			"mutationEnd" : 371		},		{			"operatorDescription" : "Replace #and: with false",			"class" : "PMAM3Solver",			"operatorClass" : "ReplaceAndWithFalseOperator",			"mutationStart" : 325,			"method" : "solve:startState:startTime:endTime:",			"mutationEnd" : 371		},		{			"operatorDescription" : "Replace #ifTrue: receiver with false",			"class" : "PMAM3Solver",			"operatorClass" : "ReplaceIfTrueReceiverWithFalseOperator",			"mutationStart" : 325,			"method" : "solve:startState:startTime:endTime:",			"mutationEnd" : 435		},		{			"operatorDescription" : "Replace #ifTrue: receiver with true",			"class" : "PMAM3Solver",			"operatorClass" : "ReplaceIfTrueReceiverWithTrueOperator",			"mutationStart" : 441,			"method" : "solve:startState:startTime:endTime:",			"mutationEnd" : 1059		},		{			"operatorDescription" : "Replace #or: argument with [false]",			"class" : "PMAM3Solver",			"operatorClass" : "ReplaceOrArgumentWithFalseOperator",			"mutationStart" : 833,			"method" : "solve:startState:startTime:endTime:",			"mutationEnd" : 930		},		{			"operatorDescription" : "Replace #or: with #bXor:",			"class" : "PMAM3Solver",			"operatorClass" : "ReplaceOrWithXorMutantOperator",			"mutationStart" : 833,			"method" : "solve:startState:startTime:endTime:",			"mutationEnd" : 930		},		{			"operatorDescription" : "Replace #or: with true",			"class" : "PMAM3Solver",			"operatorClass" : "ReplaceOrWithTrueOperator",			"mutationStart" : 833,			"method" : "solve:startState:startTime:endTime:",			"mutationEnd" : 930		},		{			"operatorDescription" : "Replace #+ with #-",			"class" : "PMAM3Solver",			"operatorClass" : "ReplacePlusWithMinusMutantOperator",			"mutationStart" : 473,			"method" : "mainStepsPrevState:startTime:endTime:",			"mutationEnd" : 486		}	],	"mutationScoreAfter" : 61,	"mutationScoreBefore" : 59,	"testAmpLoc" : 18,	"amplifiedMethods" : [		"PMAM3SolverTest145>>#testSimpleSystem2_amp_A12"	],	"testLoc" : "74",	"amplifiedClass" : "PMAM3SolverTest145",	"numberOfAllMutationsInOriginal" : 44,	"targetLoc" : 72,	"newCovered" : [		{			"operatorDescription" : "Replace #ifFalse: receiver with true",			"class" : "PMAM3Solver",			"operatorClass" : "ReplaceIfFalseReceiverWithTrueOperator",			"mutationStart" : 85,			"method" : "lastStepPrevState:endTime:",			"mutationEnd" : 298		}	],	"timeBudgetFinished" : false,	"notCoveredInOriginal" : [		{			"operatorDescription" : "Replace #+ with #-",			"class" : "PMAM3Solver",			"operatorClass" : "ReplacePlusWithMinusMutantOperator",			"mutationStart" : 116,			"method" : "firstStepStartTime:",			"mutationEnd" : 126		},		{			"operatorDescription" : "Replace #ifFalse: receiver with false",			"class" : "PMAM3Solver",			"operatorClass" : "ReplaceIfFalseReceiverWithFalseOperator",			"mutationStart" : 85,			"method" : "lastStepPrevState:endTime:",			"mutationEnd" : 298		},		{			"operatorDescription" : "Replace #ifFalse: receiver with true",			"class" : "PMAM3Solver",			"operatorClass" : "ReplaceIfFalseReceiverWithTrueOperator",			"mutationStart" : 85,			"method" : "lastStepPrevState:endTime:",			"mutationEnd" : 298		},		{			"operatorDescription" : "Replace #ifFalse: with #ifTrue:",			"class" : "PMAM3Solver",			"operatorClass" : "ReplaceIfFalseWithIfTrueMutantOperator",			"mutationStart" : 85,			"method" : "lastStepPrevState:endTime:",			"mutationEnd" : 298		},		{			"operatorDescription" : "Replace #'<=' with true",			"class" : "PMAM3Solver",			"operatorClass" : "ReplaceLessOrEqualWithTrueOperator",			"mutationStart" : 441,			"method" : "solve:startState:startTime:endTime:",			"mutationEnd" : 461		},		{			"operatorDescription" : "Replace #+ with #-",			"class" : "PMAM3Solver",			"operatorClass" : "ReplacePlusWithMinusMutantOperator",			"mutationStart" : 326,			"method" : "solve:startState:startTime:endTime:",			"mutationEnd" : 336		},		{			"operatorDescription" : "Replace #+ with #-",			"class" : "PMAM3Solver",			"operatorClass" : "ReplacePlusWithMinusMutantOperator",			"mutationStart" : 441,			"method" : "solve:startState:startTime:endTime:",			"mutationEnd" : 451		},		{			"operatorDescription" : "Replace #+ with #-",			"class" : "PMAM3Solver",			"operatorClass" : "ReplacePlusWithMinusMutantOperator",			"mutationStart" : 606,			"method" : "solve:startState:startTime:endTime:",			"mutationEnd" : 621		},		{			"operatorDescription" : "Replace #< with #>",			"class" : "PMAM3Solver",			"operatorClass" : "ReplaceLessWithGreaterMutantOperator",			"mutationStart" : 353,			"method" : "solve:startState:startTime:endTime:",			"mutationEnd" : 370		},		{			"operatorDescription" : "Replace #and: argument with [true]",			"class" : "PMAM3Solver",			"operatorClass" : "ReplaceAndArgumentWithTrueOperator",			"mutationStart" : 325,			"method" : "solve:startState:startTime:endTime:",			"mutationEnd" : 371		},		{			"operatorDescription" : "Replace #and: with #bEqv:",			"class" : "PMAM3Solver",			"operatorClass" : "ReplaceAndWithEqvMutantOperator",			"mutationStart" : 325,			"method" : "solve:startState:startTime:endTime:",			"mutationEnd" : 371		},		{			"operatorDescription" : "Replace #and: with false",			"class" : "PMAM3Solver",			"operatorClass" : "ReplaceAndWithFalseOperator",			"mutationStart" : 325,			"method" : "solve:startState:startTime:endTime:",			"mutationEnd" : 371		},		{			"operatorDescription" : "Replace #ifTrue: receiver with false",			"class" : "PMAM3Solver",			"operatorClass" : "ReplaceIfTrueReceiverWithFalseOperator",			"mutationStart" : 325,			"method" : "solve:startState:startTime:endTime:",			"mutationEnd" : 435		},		{			"operatorDescription" : "Replace #ifTrue: receiver with true",			"class" : "PMAM3Solver",			"operatorClass" : "ReplaceIfTrueReceiverWithTrueOperator",			"mutationStart" : 441,			"method" : "solve:startState:startTime:endTime:",			"mutationEnd" : 1059		},		{			"operatorDescription" : "Replace #or: argument with [false]",			"class" : "PMAM3Solver",			"operatorClass" : "ReplaceOrArgumentWithFalseOperator",			"mutationStart" : 833,			"method" : "solve:startState:startTime:endTime:",			"mutationEnd" : 930		},		{			"operatorDescription" : "Replace #or: with #bXor:",			"class" : "PMAM3Solver",			"operatorClass" : "ReplaceOrWithXorMutantOperator",			"mutationStart" : 833,			"method" : "solve:startState:startTime:endTime:",			"mutationEnd" : 930		},		{			"operatorDescription" : "Replace #or: with true",			"class" : "PMAM3Solver",			"operatorClass" : "ReplaceOrWithTrueOperator",			"mutationStart" : 833,			"method" : "solve:startState:startTime:endTime:",			"mutationEnd" : 930		},		{			"operatorDescription" : "Replace #+ with #-",			"class" : "PMAM3Solver",			"operatorClass" : "ReplacePlusWithMinusMutantOperator",			"mutationStart" : 473,			"method" : "mainStepsPrevState:startTime:endTime:",			"mutationEnd" : 486		}	],	"testCase" : "PMAM3SolverTest",	"unixtime" : 1605022514,	"timeTotal" : 147}