{	"targetClasses" : [		"PMAM4Stepper"	],	"testMethodsIgnored" : [ ],	"methodsNotProfiled" : [ ],	"numberOfOriginalTestMethods" : 4,	"timeDetail" : [		"init: % 4.75 (5 seconds 486 milliseconds)",		"assertionAmplification: % 46.10 (53 seconds 257 milliseconds)",		"selection: % 19.16 (22 seconds 133 milliseconds)",		"inputAmplification: % 28.91 (33 seconds 396 milliseconds)",		"finalize: % 1.08 (1 second 247 milliseconds)"	],	"notCoveredInAmplified" : [		{			"operatorDescription" : "Replace #ifTrue: receiver with false",			"class" : "PMAM4Stepper",			"operatorClass" : "ReplaceIfTrueReceiverWithFalseOperator",			"mutationStart" : 142,			"method" : "lastStep:prevState:prevPrevState:time:deltaT:",			"mutationEnd" : 218		},		{			"operatorDescription" : "Replace #ifTrue: receiver with false",			"class" : "PMAM4Stepper",			"operatorClass" : "ReplaceIfTrueReceiverWithFalseOperator",			"mutationStart" : 116,			"method" : "doStep:prevState:prevPrevState:time:",			"mutationEnd" : 192		}	],	"mutationScoreAfter" : 97,	"mutationScoreBefore" : 73,	"testAmpLoc" : 76,	"amplifiedMethods" : [		"PMAM4StepperTest187>>#testSimpleSystem_amp_A2",		"PMAM4StepperTest187>>#testSimpleSystem2_amp_A2",		"PMAM4StepperTest187>>#testSimpleSystem_amp_A3",		"PMAM4StepperTest187>>#testSimpleSystem2_amp_A3"	],	"testLoc" : "58",	"amplifiedClass" : "PMAM4StepperTest187",	"numberOfAllMutationsInOriginal" : 83,	"targetLoc" : 61,	"newCovered" : [		{			"operatorDescription" : "Replace #* with #/",			"class" : "PMAM4Stepper",			"operatorClass" : "ReplaceMultiplicationWithDivisionMutantOperator",			"mutationStart" : 869,			"method" : "lastStep:prevState:prevPrevState:time:deltaT:",			"mutationEnd" : 940		},		{			"operatorDescription" : "Replace #+ with #-",			"class" : "PMAM4Stepper",			"operatorClass" : "ReplacePlusWithMinusMutantOperator",			"mutationStart" : 243,			"method" : "lastStep:prevState:prevPrevState:time:deltaT:",			"mutationEnd" : 299		},		{			"operatorDescription" : "Replace #+ with #-",			"class" : "PMAM4Stepper",			"operatorClass" : "ReplacePlusWithMinusMutantOperator",			"mutationStart" : 364,			"method" : "lastStep:prevState:prevPrevState:time:deltaT:",			"mutationEnd" : 629		},		{			"operatorDescription" : "Replace #+ with #-",			"class" : "PMAM4Stepper",			"operatorClass" : "ReplacePlusWithMinusMutantOperator",			"mutationStart" : 676,			"method" : "lastStep:prevState:prevPrevState:time:deltaT:",			"mutationEnd" : 941		},		{			"operatorDescription" : "Replace #- with #+",			"class" : "PMAM4Stepper",			"operatorClass" : "ReplaceMinusWithPlusMutantOperator",			"mutationStart" : 527,			"method" : "lastStep:prevState:prevPrevState:time:deltaT:",			"mutationEnd" : 545		},		{			"operatorDescription" : "Replace #/ with #*",			"class" : "PMAM4Stepper",			"operatorClass" : "ReplaceDivisionWithMultiplicationMutantOperator",			"mutationStart" : 558,			"method" : "lastStep:prevState:prevPrevState:time:deltaT:",			"mutationEnd" : 563		},		{			"operatorDescription" : "Replace #* with #/",			"class" : "PMAM4Stepper",			"operatorClass" : "ReplaceMultiplicationWithDivisionMutantOperator",			"mutationStart" : 226,			"method" : "doStep:prevState:prevPrevState:time:",			"mutationEnd" : 273		},		{			"operatorDescription" : "Replace #* with #/",			"class" : "PMAM4Stepper",			"operatorClass" : "ReplaceMultiplicationWithDivisionMutantOperator",			"mutationStart" : 312,			"method" : "doStep:prevState:prevPrevState:time:",			"mutationEnd" : 598		},		{			"operatorDescription" : "Replace #* with #/",			"class" : "PMAM4Stepper",			"operatorClass" : "ReplaceMultiplicationWithDivisionMutantOperator",			"mutationStart" : 339,			"method" : "doStep:prevState:prevPrevState:time:",			"mutationEnd" : 403		},		{			"operatorDescription" : "Replace #* with #/",			"class" : "PMAM4Stepper",			"operatorClass" : "ReplaceMultiplicationWithDivisionMutantOperator",			"mutationStart" : 407,			"method" : "doStep:prevState:prevPrevState:time:",			"mutationEnd" : 448		},		{			"operatorDescription" : "Replace #* with #/",			"class" : "PMAM4Stepper",			"operatorClass" : "ReplaceMultiplicationWithDivisionMutantOperator",			"mutationStart" : 458,			"method" : "doStep:prevState:prevPrevState:time:",			"mutationEnd" : 517		},		{			"operatorDescription" : "Replace #* with #/",			"class" : "PMAM4Stepper",			"operatorClass" : "ReplaceMultiplicationWithDivisionMutantOperator",			"mutationStart" : 576,			"method" : "doStep:prevState:prevPrevState:time:",			"mutationEnd" : 594		},		{			"operatorDescription" : "Replace #* with #/",			"class" : "PMAM4Stepper",			"operatorClass" : "ReplaceMultiplicationWithDivisionMutantOperator",			"mutationStart" : 764,			"method" : "doStep:prevState:prevPrevState:time:",			"mutationEnd" : 823		},		{			"operatorDescription" : "Replace #+ with #-",			"class" : "PMAM4Stepper",			"operatorClass" : "ReplacePlusWithMinusMutantOperator",			"mutationStart" : 217,			"method" : "doStep:prevState:prevPrevState:time:",			"mutationEnd" : 273		},		{			"operatorDescription" : "Replace #+ with #-",			"class" : "PMAM4Stepper",			"operatorClass" : "ReplacePlusWithMinusMutantOperator",			"mutationStart" : 298,			"method" : "doStep:prevState:prevPrevState:time:",			"mutationEnd" : 598		},		{			"operatorDescription" : "Replace #+ with #-",			"class" : "PMAM4Stepper",			"operatorClass" : "ReplacePlusWithMinusMutantOperator",			"mutationStart" : 338,			"method" : "doStep:prevState:prevPrevState:time:",			"mutationEnd" : 597		},		{			"operatorDescription" : "Replace #+ with #-",			"class" : "PMAM4Stepper",			"operatorClass" : "ReplacePlusWithMinusMutantOperator",			"mutationStart" : 339,			"method" : "doStep:prevState:prevPrevState:time:",			"mutationEnd" : 448		},		{			"operatorDescription" : "Replace #+ with #-",			"class" : "PMAM4Stepper",			"operatorClass" : "ReplacePlusWithMinusMutantOperator",			"mutationStart" : 386,			"method" : "doStep:prevState:prevPrevState:time:",			"mutationEnd" : 402		},		{			"operatorDescription" : "Replace #- with #+",			"class" : "PMAM4Stepper",			"operatorClass" : "ReplaceMinusWithPlusMutantOperator",			"mutationStart" : 339,			"method" : "doStep:prevState:prevPrevState:time:",			"mutationEnd" : 517		},		{			"operatorDescription" : "Replace #- with #+",			"class" : "PMAM4Stepper",			"operatorClass" : "ReplaceMinusWithPlusMutantOperator",			"mutationStart" : 499,			"method" : "doStep:prevState:prevPrevState:time:",			"mutationEnd" : 515		},		{			"operatorDescription" : "Replace #- with #+",			"class" : "PMAM4Stepper",			"operatorClass" : "ReplaceMinusWithPlusMutantOperator",			"mutationStart" : 572,			"method" : "doStep:prevState:prevPrevState:time:",			"mutationEnd" : 594		},		{			"operatorDescription" : "Replace #- with #+",			"class" : "PMAM4Stepper",			"operatorClass" : "ReplaceMinusWithPlusMutantOperator",			"mutationStart" : 878,			"method" : "doStep:prevState:prevPrevState:time:",			"mutationEnd" : 900		},		{			"operatorDescription" : "Replace #/ with #*",			"class" : "PMAM4Stepper",			"operatorClass" : "ReplaceDivisionWithMultiplicationMutantOperator",			"mutationStart" : 339,			"method" : "doStep:prevState:prevPrevState:time:",			"mutationEnd" : 343		},		{			"operatorDescription" : "Replace #/ with #*",			"class" : "PMAM4Stepper",			"operatorClass" : "ReplaceDivisionWithMultiplicationMutantOperator",			"mutationStart" : 408,			"method" : "doStep:prevState:prevPrevState:time:",			"mutationEnd" : 414		},		{			"operatorDescription" : "Replace #/ with #*",			"class" : "PMAM4Stepper",			"operatorClass" : "ReplaceDivisionWithMultiplicationMutantOperator",			"mutationStart" : 459,			"method" : "doStep:prevState:prevPrevState:time:",			"mutationEnd" : 464		},		{			"operatorDescription" : "Replace #/ with #*",			"class" : "PMAM4Stepper",			"operatorClass" : "ReplaceDivisionWithMultiplicationMutantOperator",			"mutationStart" : 528,			"method" : "doStep:prevState:prevPrevState:time:",			"mutationEnd" : 533		},		{			"operatorDescription" : "Remove ^",			"class" : "PMAM4Stepper",			"operatorClass" : "RemoveCaretOperator",			"mutationStart" : 231,			"method" : "doStep:prevState:prevPrevState:time:stepSize:",			"mutationEnd" : 317		}	],	"timeBudgetFinished" : false,	"notCoveredInOriginal" : [		{			"operatorDescription" : "Replace #+ with #-",			"class" : "PMAM4Stepper",			"operatorClass" : "ReplacePlusWithMinusMutantOperator",			"mutationStart" : 676,			"method" : "lastStep:prevState:prevPrevState:time:deltaT:",			"mutationEnd" : 941		},		{			"operatorDescription" : "Replace #/ with #*",			"class" : "PMAM4Stepper",			"operatorClass" : "ReplaceDivisionWithMultiplicationMutantOperator",			"mutationStart" : 558,			"method" : "lastStep:prevState:prevPrevState:time:deltaT:",			"mutationEnd" : 563		},		{			"operatorDescription" : "Replace #ifTrue: receiver with false",			"class" : "PMAM4Stepper",			"operatorClass" : "ReplaceIfTrueReceiverWithFalseOperator",			"mutationStart" : 142,			"method" : "lastStep:prevState:prevPrevState:time:deltaT:",			"mutationEnd" : 218		},		{			"operatorDescription" : "Replace #* with #/",			"class" : "PMAM4Stepper",			"operatorClass" : "ReplaceMultiplicationWithDivisionMutantOperator",			"mutationStart" : 226,			"method" : "doStep:prevState:prevPrevState:time:",			"mutationEnd" : 273		},		{			"operatorDescription" : "Replace #* with #/",			"class" : "PMAM4Stepper",			"operatorClass" : "ReplaceMultiplicationWithDivisionMutantOperator",			"mutationStart" : 312,			"method" : "doStep:prevState:prevPrevState:time:",			"mutationEnd" : 598		},		{			"operatorDescription" : "Replace #* with #/",			"class" : "PMAM4Stepper",			"operatorClass" : "ReplaceMultiplicationWithDivisionMutantOperator",			"mutationStart" : 339,			"method" : "doStep:prevState:prevPrevState:time:",			"mutationEnd" : 403		},		{			"operatorDescription" : "Replace #* with #/",			"class" : "PMAM4Stepper",			"operatorClass" : "ReplaceMultiplicationWithDivisionMutantOperator",			"mutationStart" : 407,			"method" : "doStep:prevState:prevPrevState:time:",			"mutationEnd" : 448		},		{			"operatorDescription" : "Replace #* with #/",			"class" : "PMAM4Stepper",			"operatorClass" : "ReplaceMultiplicationWithDivisionMutantOperator",			"mutationStart" : 576,			"method" : "doStep:prevState:prevPrevState:time:",			"mutationEnd" : 594		},		{			"operatorDescription" : "Replace #+ with #-",			"class" : "PMAM4Stepper",			"operatorClass" : "ReplacePlusWithMinusMutantOperator",			"mutationStart" : 217,			"method" : "doStep:prevState:prevPrevState:time:",			"mutationEnd" : 273		},		{			"operatorDescription" : "Replace #+ with #-",			"class" : "PMAM4Stepper",			"operatorClass" : "ReplacePlusWithMinusMutantOperator",			"mutationStart" : 298,			"method" : "doStep:prevState:prevPrevState:time:",			"mutationEnd" : 598		},		{			"operatorDescription" : "Replace #+ with #-",			"class" : "PMAM4Stepper",			"operatorClass" : "ReplacePlusWithMinusMutantOperator",			"mutationStart" : 338,			"method" : "doStep:prevState:prevPrevState:time:",			"mutationEnd" : 597		},		{			"operatorDescription" : "Replace #+ with #-",			"class" : "PMAM4Stepper",			"operatorClass" : "ReplacePlusWithMinusMutantOperator",			"mutationStart" : 339,			"method" : "doStep:prevState:prevPrevState:time:",			"mutationEnd" : 448		},		{			"operatorDescription" : "Replace #+ with #-",			"class" : "PMAM4Stepper",			"operatorClass" : "ReplacePlusWithMinusMutantOperator",			"mutationStart" : 386,			"method" : "doStep:prevState:prevPrevState:time:",			"mutationEnd" : 402		},		{			"operatorDescription" : "Replace #- with #+",			"class" : "PMAM4Stepper",			"operatorClass" : "ReplaceMinusWithPlusMutantOperator",			"mutationStart" : 339,			"method" : "doStep:prevState:prevPrevState:time:",			"mutationEnd" : 517		},		{			"operatorDescription" : "Replace #- with #+",			"class" : "PMAM4Stepper",			"operatorClass" : "ReplaceMinusWithPlusMutantOperator",			"mutationStart" : 499,			"method" : "doStep:prevState:prevPrevState:time:",			"mutationEnd" : 515		},		{			"operatorDescription" : "Replace #- with #+",			"class" : "PMAM4Stepper",			"operatorClass" : "ReplaceMinusWithPlusMutantOperator",			"mutationStart" : 572,			"method" : "doStep:prevState:prevPrevState:time:",			"mutationEnd" : 594		},		{			"operatorDescription" : "Replace #- with #+",			"class" : "PMAM4Stepper",			"operatorClass" : "ReplaceMinusWithPlusMutantOperator",			"mutationStart" : 878,			"method" : "doStep:prevState:prevPrevState:time:",			"mutationEnd" : 900		},		{			"operatorDescription" : "Replace #/ with #*",			"class" : "PMAM4Stepper",			"operatorClass" : "ReplaceDivisionWithMultiplicationMutantOperator",			"mutationStart" : 339,			"method" : "doStep:prevState:prevPrevState:time:",			"mutationEnd" : 343		},		{			"operatorDescription" : "Replace #/ with #*",			"class" : "PMAM4Stepper",			"operatorClass" : "ReplaceDivisionWithMultiplicationMutantOperator",			"mutationStart" : 408,			"method" : "doStep:prevState:prevPrevState:time:",			"mutationEnd" : 414		},		{			"operatorDescription" : "Replace #/ with #*",			"class" : "PMAM4Stepper",			"operatorClass" : "ReplaceDivisionWithMultiplicationMutantOperator",			"mutationStart" : 459,			"method" : "doStep:prevState:prevPrevState:time:",			"mutationEnd" : 464		},		{			"operatorDescription" : "Replace #/ with #*",			"class" : "PMAM4Stepper",			"operatorClass" : "ReplaceDivisionWithMultiplicationMutantOperator",			"mutationStart" : 528,			"method" : "doStep:prevState:prevPrevState:time:",			"mutationEnd" : 533		},		{			"operatorDescription" : "Replace #ifTrue: receiver with false",			"class" : "PMAM4Stepper",			"operatorClass" : "ReplaceIfTrueReceiverWithFalseOperator",			"mutationStart" : 116,			"method" : "doStep:prevState:prevPrevState:time:",			"mutationEnd" : 192		}	],	"testCase" : "PMAM4StepperTest",	"unixtime" : 1605009919,	"timeTotal" : 115}