{	"targetClasses" : [		"PMAM4Solver"	],	"testMethodsIgnored" : [ ],	"methodsNotProfiled" : [ ],	"numberOfOriginalTestMethods" : 3,	"timeDetail" : [		"init: % 8.52 (6 seconds 316 milliseconds)",		"assertionAmplification: % 32.70 (24 seconds 234 milliseconds)",		"selection: % 20.98 (15 seconds 543 milliseconds)",		"inputAmplification: % 35.30 (26 seconds 156 milliseconds)",		"finalize: % 2.50 (1 second 853 milliseconds)"	],	"notCoveredInAmplified" : [		{			"operatorDescription" : "Replace #ifFalse: receiver with false",			"class" : "PMAM4Solver",			"operatorClass" : "ReplaceIfFalseReceiverWithFalseOperator",			"mutationStart" : 114,			"method" : "lastStepPrevState:prevPrevState:endTime:",			"mutationEnd" : 370		},		{			"operatorDescription" : "Replace #+ with #-",			"class" : "PMAM4Solver",			"operatorClass" : "ReplacePlusWithMinusMutantOperator",			"mutationStart" : 662,			"method" : "mainStepsPrevState:prevPrevState:startTime:endTime:",			"mutationEnd" : 675		},		{			"operatorDescription" : "Replace #'<=' with true",			"class" : "PMAM4Solver",			"operatorClass" : "ReplaceLessOrEqualWithTrueOperator",			"mutationStart" : 456,			"method" : "solve:startState:startTime:endTime:",			"mutationEnd" : 476		},		{			"operatorDescription" : "Replace #'<=' with true",			"class" : "PMAM4Solver",			"operatorClass" : "ReplaceLessOrEqualWithTrueOperator",			"mutationStart" : 1381,			"method" : "solve:startState:startTime:endTime:",			"mutationEnd" : 1401		},		{			"operatorDescription" : "Replace #+ with #-",			"class" : "PMAM4Solver",			"operatorClass" : "ReplacePlusWithMinusMutantOperator",			"mutationStart" : 456,			"method" : "solve:startState:startTime:endTime:",			"mutationEnd" : 466		},		{			"operatorDescription" : "Replace #+ with #-",			"class" : "PMAM4Solver",			"operatorClass" : "ReplacePlusWithMinusMutantOperator",			"mutationStart" : 647,			"method" : "solve:startState:startTime:endTime:",			"mutationEnd" : 657		},		{			"operatorDescription" : "Replace #+ with #-",			"class" : "PMAM4Solver",			"operatorClass" : "ReplacePlusWithMinusMutantOperator",			"mutationStart" : 1156,			"method" : "solve:startState:startTime:endTime:",			"mutationEnd" : 1166		},		{			"operatorDescription" : "Replace #+ with #-",			"class" : "PMAM4Solver",			"operatorClass" : "ReplacePlusWithMinusMutantOperator",			"mutationStart" : 1381,			"method" : "solve:startState:startTime:endTime:",			"mutationEnd" : 1391		},		{			"operatorDescription" : "Replace #< with #>",			"class" : "PMAM4Solver",			"operatorClass" : "ReplaceLessWithGreaterMutantOperator",			"mutationStart" : 674,			"method" : "solve:startState:startTime:endTime:",			"mutationEnd" : 691		},		{			"operatorDescription" : "Replace #< with #>",			"class" : "PMAM4Solver",			"operatorClass" : "ReplaceLessWithGreaterMutantOperator",			"mutationStart" : 1183,			"method" : "solve:startState:startTime:endTime:",			"mutationEnd" : 1200		},		{			"operatorDescription" : "Replace #and: argument with [true]",			"class" : "PMAM4Solver",			"operatorClass" : "ReplaceAndArgumentWithTrueOperator",			"mutationStart" : 340,			"method" : "solve:startState:startTime:endTime:",			"mutationEnd" : 386		},		{			"operatorDescription" : "Replace #and: argument with [true]",			"class" : "PMAM4Solver",			"operatorClass" : "ReplaceAndArgumentWithTrueOperator",			"mutationStart" : 646,			"method" : "solve:startState:startTime:endTime:",			"mutationEnd" : 692		},		{			"operatorDescription" : "Replace #and: argument with [true]",			"class" : "PMAM4Solver",			"operatorClass" : "ReplaceAndArgumentWithTrueOperator",			"mutationStart" : 1155,			"method" : "solve:startState:startTime:endTime:",			"mutationEnd" : 1201		},		{			"operatorDescription" : "Replace #and: with #bEqv:",			"class" : "PMAM4Solver",			"operatorClass" : "ReplaceAndWithEqvMutantOperator",			"mutationStart" : 340,			"method" : "solve:startState:startTime:endTime:",			"mutationEnd" : 386		},		{			"operatorDescription" : "Replace #and: with #bEqv:",			"class" : "PMAM4Solver",			"operatorClass" : "ReplaceAndWithEqvMutantOperator",			"mutationStart" : 646,			"method" : "solve:startState:startTime:endTime:",			"mutationEnd" : 692		},		{			"operatorDescription" : "Replace #and: with #bEqv:",			"class" : "PMAM4Solver",			"operatorClass" : "ReplaceAndWithEqvMutantOperator",			"mutationStart" : 1155,			"method" : "solve:startState:startTime:endTime:",			"mutationEnd" : 1201		},		{			"operatorDescription" : "Replace #and: with false",			"class" : "PMAM4Solver",			"operatorClass" : "ReplaceAndWithFalseOperator",			"mutationStart" : 646,			"method" : "solve:startState:startTime:endTime:",			"mutationEnd" : 692		},		{			"operatorDescription" : "Replace #and: with false",			"class" : "PMAM4Solver",			"operatorClass" : "ReplaceAndWithFalseOperator",			"mutationStart" : 1155,			"method" : "solve:startState:startTime:endTime:",			"mutationEnd" : 1201		},		{			"operatorDescription" : "Replace #ifTrue: receiver with false",			"class" : "PMAM4Solver",			"operatorClass" : "ReplaceIfTrueReceiverWithFalseOperator",			"mutationStart" : 646,			"method" : "solve:startState:startTime:endTime:",			"mutationEnd" : 834		},		{			"operatorDescription" : "Replace #ifTrue: receiver with false",			"class" : "PMAM4Solver",			"operatorClass" : "ReplaceIfTrueReceiverWithFalseOperator",			"mutationStart" : 1155,			"method" : "solve:startState:startTime:endTime:",			"mutationEnd" : 1371		},		{			"operatorDescription" : "Replace #ifTrue: receiver with true",			"class" : "PMAM4Solver",			"operatorClass" : "ReplaceIfTrueReceiverWithTrueOperator",			"mutationStart" : 456,			"method" : "solve:startState:startTime:endTime:",			"mutationEnd" : 2134		},		{			"operatorDescription" : "Replace #ifTrue: receiver with true",			"class" : "PMAM4Solver",			"operatorClass" : "ReplaceIfTrueReceiverWithTrueOperator",			"mutationStart" : 1381,			"method" : "solve:startState:startTime:endTime:",			"mutationEnd" : 2132		},		{			"operatorDescription" : "Replace #or: argument with [false]",			"class" : "PMAM4Solver",			"operatorClass" : "ReplaceOrArgumentWithFalseOperator",			"mutationStart" : 1837,			"method" : "solve:startState:startTime:endTime:",			"mutationEnd" : 1934		},		{			"operatorDescription" : "Replace #or: with #bXor:",			"class" : "PMAM4Solver",			"operatorClass" : "ReplaceOrWithXorMutantOperator",			"mutationStart" : 1837,			"method" : "solve:startState:startTime:endTime:",			"mutationEnd" : 1934		},		{			"operatorDescription" : "Replace #or: with true",			"class" : "PMAM4Solver",			"operatorClass" : "ReplaceOrWithTrueOperator",			"mutationStart" : 1837,			"method" : "solve:startState:startTime:endTime:",			"mutationEnd" : 1934		},		{			"operatorDescription" : "Replace #+ with #-",			"class" : "PMAM4Solver",			"operatorClass" : "ReplacePlusWithMinusMutantOperator",			"mutationStart" : 161,			"method" : "secondStepPrevState:startTime:",			"mutationEnd" : 171		}	],	"mutationScoreAfter" : 68,	"mutationScoreBefore" : 63,	"testAmpLoc" : 25,	"amplifiedMethods" : [		"PMAM4SolverTest155>>#testSimpleSystem2_amp_A33"	],	"testLoc" : "74",	"amplifiedClass" : "PMAM4SolverTest155",	"numberOfAllMutationsInOriginal" : 82,	"targetLoc" : 102,	"newCovered" : [		{			"operatorDescription" : "Replace #+ with #-",			"class" : "PMAM4Solver",			"operatorClass" : "ReplacePlusWithMinusMutantOperator",			"mutationStart" : 341,			"method" : "solve:startState:startTime:endTime:",			"mutationEnd" : 351		},		{			"operatorDescription" : "Replace #< with #>",			"class" : "PMAM4Solver",			"operatorClass" : "ReplaceLessWithGreaterMutantOperator",			"mutationStart" : 368,			"method" : "solve:startState:startTime:endTime:",			"mutationEnd" : 385		},		{			"operatorDescription" : "Replace #and: with false",			"class" : "PMAM4Solver",			"operatorClass" : "ReplaceAndWithFalseOperator",			"mutationStart" : 340,			"method" : "solve:startState:startTime:endTime:",			"mutationEnd" : 386		},		{			"operatorDescription" : "Replace #ifTrue: receiver with false",			"class" : "PMAM4Solver",			"operatorClass" : "ReplaceIfTrueReceiverWithFalseOperator",			"mutationStart" : 340,			"method" : "solve:startState:startTime:endTime:",			"mutationEnd" : 450		}	],	"timeBudgetFinished" : false,	"notCoveredInOriginal" : [		{			"operatorDescription" : "Replace #ifFalse: receiver with false",			"class" : "PMAM4Solver",			"operatorClass" : "ReplaceIfFalseReceiverWithFalseOperator",			"mutationStart" : 114,			"method" : "lastStepPrevState:prevPrevState:endTime:",			"mutationEnd" : 370		},		{			"operatorDescription" : "Replace #+ with #-",			"class" : "PMAM4Solver",			"operatorClass" : "ReplacePlusWithMinusMutantOperator",			"mutationStart" : 662,			"method" : "mainStepsPrevState:prevPrevState:startTime:endTime:",			"mutationEnd" : 675		},		{			"operatorDescription" : "Replace #'<=' with true",			"class" : "PMAM4Solver",			"operatorClass" : "ReplaceLessOrEqualWithTrueOperator",			"mutationStart" : 456,			"method" : "solve:startState:startTime:endTime:",			"mutationEnd" : 476		},		{			"operatorDescription" : "Replace #'<=' with true",			"class" : "PMAM4Solver",			"operatorClass" : "ReplaceLessOrEqualWithTrueOperator",			"mutationStart" : 1381,			"method" : "solve:startState:startTime:endTime:",			"mutationEnd" : 1401		},		{			"operatorDescription" : "Replace #+ with #-",			"class" : "PMAM4Solver",			"operatorClass" : "ReplacePlusWithMinusMutantOperator",			"mutationStart" : 341,			"method" : "solve:startState:startTime:endTime:",			"mutationEnd" : 351		},		{			"operatorDescription" : "Replace #+ with #-",			"class" : "PMAM4Solver",			"operatorClass" : "ReplacePlusWithMinusMutantOperator",			"mutationStart" : 456,			"method" : "solve:startState:startTime:endTime:",			"mutationEnd" : 466		},		{			"operatorDescription" : "Replace #+ with #-",			"class" : "PMAM4Solver",			"operatorClass" : "ReplacePlusWithMinusMutantOperator",			"mutationStart" : 647,			"method" : "solve:startState:startTime:endTime:",			"mutationEnd" : 657		},		{			"operatorDescription" : "Replace #+ with #-",			"class" : "PMAM4Solver",			"operatorClass" : "ReplacePlusWithMinusMutantOperator",			"mutationStart" : 1156,			"method" : "solve:startState:startTime:endTime:",			"mutationEnd" : 1166		},		{			"operatorDescription" : "Replace #+ with #-",			"class" : "PMAM4Solver",			"operatorClass" : "ReplacePlusWithMinusMutantOperator",			"mutationStart" : 1381,			"method" : "solve:startState:startTime:endTime:",			"mutationEnd" : 1391		},		{			"operatorDescription" : "Replace #< with #>",			"class" : "PMAM4Solver",			"operatorClass" : "ReplaceLessWithGreaterMutantOperator",			"mutationStart" : 368,			"method" : "solve:startState:startTime:endTime:",			"mutationEnd" : 385		},		{			"operatorDescription" : "Replace #< with #>",			"class" : "PMAM4Solver",			"operatorClass" : "ReplaceLessWithGreaterMutantOperator",			"mutationStart" : 674,			"method" : "solve:startState:startTime:endTime:",			"mutationEnd" : 691		},		{			"operatorDescription" : "Replace #< with #>",			"class" : "PMAM4Solver",			"operatorClass" : "ReplaceLessWithGreaterMutantOperator",			"mutationStart" : 1183,			"method" : "solve:startState:startTime:endTime:",			"mutationEnd" : 1200		},		{			"operatorDescription" : "Replace #and: argument with [true]",			"class" : "PMAM4Solver",			"operatorClass" : "ReplaceAndArgumentWithTrueOperator",			"mutationStart" : 340,			"method" : "solve:startState:startTime:endTime:",			"mutationEnd" : 386		},		{			"operatorDescription" : "Replace #and: argument with [true]",			"class" : "PMAM4Solver",			"operatorClass" : "ReplaceAndArgumentWithTrueOperator",			"mutationStart" : 646,			"method" : "solve:startState:startTime:endTime:",			"mutationEnd" : 692		},		{			"operatorDescription" : "Replace #and: argument with [true]",			"class" : "PMAM4Solver",			"operatorClass" : "ReplaceAndArgumentWithTrueOperator",			"mutationStart" : 1155,			"method" : "solve:startState:startTime:endTime:",			"mutationEnd" : 1201		},		{			"operatorDescription" : "Replace #and: with #bEqv:",			"class" : "PMAM4Solver",			"operatorClass" : "ReplaceAndWithEqvMutantOperator",			"mutationStart" : 340,			"method" : "solve:startState:startTime:endTime:",			"mutationEnd" : 386		},		{			"operatorDescription" : "Replace #and: with #bEqv:",			"class" : "PMAM4Solver",			"operatorClass" : "ReplaceAndWithEqvMutantOperator",			"mutationStart" : 646,			"method" : "solve:startState:startTime:endTime:",			"mutationEnd" : 692		},		{			"operatorDescription" : "Replace #and: with #bEqv:",			"class" : "PMAM4Solver",			"operatorClass" : "ReplaceAndWithEqvMutantOperator",			"mutationStart" : 1155,			"method" : "solve:startState:startTime:endTime:",			"mutationEnd" : 1201		},		{			"operatorDescription" : "Replace #and: with false",			"class" : "PMAM4Solver",			"operatorClass" : "ReplaceAndWithFalseOperator",			"mutationStart" : 340,			"method" : "solve:startState:startTime:endTime:",			"mutationEnd" : 386		},		{			"operatorDescription" : "Replace #and: with false",			"class" : "PMAM4Solver",			"operatorClass" : "ReplaceAndWithFalseOperator",			"mutationStart" : 646,			"method" : "solve:startState:startTime:endTime:",			"mutationEnd" : 692		},		{			"operatorDescription" : "Replace #and: with false",			"class" : "PMAM4Solver",			"operatorClass" : "ReplaceAndWithFalseOperator",			"mutationStart" : 1155,			"method" : "solve:startState:startTime:endTime:",			"mutationEnd" : 1201		},		{			"operatorDescription" : "Replace #ifTrue: receiver with false",			"class" : "PMAM4Solver",			"operatorClass" : "ReplaceIfTrueReceiverWithFalseOperator",			"mutationStart" : 340,			"method" : "solve:startState:startTime:endTime:",			"mutationEnd" : 450		},		{			"operatorDescription" : "Replace #ifTrue: receiver with false",			"class" : "PMAM4Solver",			"operatorClass" : "ReplaceIfTrueReceiverWithFalseOperator",			"mutationStart" : 646,			"method" : "solve:startState:startTime:endTime:",			"mutationEnd" : 834		},		{			"operatorDescription" : "Replace #ifTrue: receiver with false",			"class" : "PMAM4Solver",			"operatorClass" : "ReplaceIfTrueReceiverWithFalseOperator",			"mutationStart" : 1155,			"method" : "solve:startState:startTime:endTime:",			"mutationEnd" : 1371		},		{			"operatorDescription" : "Replace #ifTrue: receiver with true",			"class" : "PMAM4Solver",			"operatorClass" : "ReplaceIfTrueReceiverWithTrueOperator",			"mutationStart" : 456,			"method" : "solve:startState:startTime:endTime:",			"mutationEnd" : 2134		},		{			"operatorDescription" : "Replace #ifTrue: receiver with true",			"class" : "PMAM4Solver",			"operatorClass" : "ReplaceIfTrueReceiverWithTrueOperator",			"mutationStart" : 1381,			"method" : "solve:startState:startTime:endTime:",			"mutationEnd" : 2132		},		{			"operatorDescription" : "Replace #or: argument with [false]",			"class" : "PMAM4Solver",			"operatorClass" : "ReplaceOrArgumentWithFalseOperator",			"mutationStart" : 1837,			"method" : "solve:startState:startTime:endTime:",			"mutationEnd" : 1934		},		{			"operatorDescription" : "Replace #or: with #bXor:",			"class" : "PMAM4Solver",			"operatorClass" : "ReplaceOrWithXorMutantOperator",			"mutationStart" : 1837,			"method" : "solve:startState:startTime:endTime:",			"mutationEnd" : 1934		},		{			"operatorDescription" : "Replace #or: with true",			"class" : "PMAM4Solver",			"operatorClass" : "ReplaceOrWithTrueOperator",			"mutationStart" : 1837,			"method" : "solve:startState:startTime:endTime:",			"mutationEnd" : 1934		},		{			"operatorDescription" : "Replace #+ with #-",			"class" : "PMAM4Solver",			"operatorClass" : "ReplacePlusWithMinusMutantOperator",			"mutationStart" : 161,			"method" : "secondStepPrevState:startTime:",			"mutationEnd" : 171		}	],	"testCase" : "PMAM4SolverTest",	"unixtime" : 1605022247,	"timeTotal" : 74}