{	"targetClasses" : [		"PMAnotherGeneticOptimizer"	],	"testMethodsIgnored" : [ ],	"methodsNotProfiled" : [ ],	"numberOfOriginalTestMethods" : 12,	"timeDetail" : [		"init: % 2.89 (3 minutes 24 seconds 71 milliseconds)",		"assertionAmplification: % 46.45 (54 minutes 37 seconds 50 milliseconds)",		"selection: % 20.14 (23 minutes 41 seconds 79 milliseconds)",		"inputAmplification: % 27.37 (32 minutes 10 seconds 836 milliseconds)",		"finalize: % 3.14 (3 minutes 41 seconds 783 milliseconds)"	],	"notCoveredInAmplified" : [		{			"operatorDescription" : "Replace #ifFalse: receiver with true",			"class" : "PMAnotherGeneticOptimizer",			"operatorClass" : "ReplaceIfFalseReceiverWithTrueOperator",			"mutationStart" : 22,			"method" : "setFunction:",			"mutationEnd" : 125		},		{			"operatorDescription" : "Replace #'>=' with #=",			"class" : "PMAnotherGeneticOptimizer",			"operatorClass" : "ReplaceGreaterOrEqualWithEqualMutantOperator",			"mutationStart" : 23,			"method" : "initializeIterations",			"mutationEnd" : 71		},		{			"operatorDescription" : "Replace #'>=' with #>",			"class" : "PMAnotherGeneticOptimizer",			"operatorClass" : "ReplaceGreaterOrEqualWithGreaterMutantOperator",			"mutationStart" : 23,			"method" : "initializeIterations",			"mutationEnd" : 71		},		{			"operatorDescription" : "Replace #ifTrue: receiver with false",			"class" : "PMAnotherGeneticOptimizer",			"operatorClass" : "ReplaceIfTrueReceiverWithFalseOperator",			"mutationStart" : 23,			"method" : "initializeIterations",			"mutationEnd" : 155		},		{			"operatorDescription" : "Replace #max: with #min:",			"class" : "PMAnotherGeneticOptimizer",			"operatorClass" : "ReplaceMaxWithMinMutantOperator",			"mutationStart" : 126,			"method" : "initializeIterations",			"mutationEnd" : 154		},		{			"operatorDescription" : "Replace #'>=' with #=",			"class" : "PMAnotherGeneticOptimizer",			"operatorClass" : "ReplaceGreaterOrEqualWithEqualMutantOperator",			"mutationStart" : 281,			"method" : "addPointAt:",			"mutationEnd" : 333		},		{			"operatorDescription" : "Replace #ifTrue: receiver with true",			"class" : "PMAnotherGeneticOptimizer",			"operatorClass" : "ReplaceIfTrueReceiverWithTrueOperator",			"mutationStart" : 346,			"method" : "addPointAt:",			"mutationEnd" : 485		},		{			"operatorDescription" : "Replace #or: receiver with false",			"class" : "PMAnotherGeneticOptimizer",			"operatorClass" : "ReplaceOrReceiverWithFalseOperator",			"mutationStart" : 223,			"method" : "addPointAt:",			"mutationEnd" : 262		},		{			"operatorDescription" : "Replace #or: with #bXor:",			"class" : "PMAnotherGeneticOptimizer",			"operatorClass" : "ReplaceOrWithXorMutantOperator",			"mutationStart" : 223,			"method" : "addPointAt:",			"mutationEnd" : 262		},		{			"operatorDescription" : "Remove ^",			"class" : "PMAnotherGeneticOptimizer",			"operatorClass" : "RemoveCaretOperator",			"mutationStart" : 351,			"method" : "findNearestTo:",			"mutationEnd" : 356		},		{			"operatorDescription" : "Remove ^",			"class" : "PMAnotherGeneticOptimizer",			"operatorClass" : "RemoveCaretOperator",			"mutationStart" : 453,			"method" : "findNearestTo:",			"mutationEnd" : 462		},		{			"operatorDescription" : "Replace #/ with #*",			"class" : "PMAnotherGeneticOptimizer",			"operatorClass" : "ReplaceDivisionWithMultiplicationMutantOperator",			"mutationStart" : 230,			"method" : "findNearestTo:",			"mutationEnd" : 322		},		{			"operatorDescription" : "Replace #ifTrue: receiver with false",			"class" : "PMAnotherGeneticOptimizer",			"operatorClass" : "ReplaceIfTrueReceiverWithFalseOperator",			"mutationStart" : 336,			"method" : "findNearestTo:",			"mutationEnd" : 358		},		{			"operatorDescription" : "Replace #ifTrue:ifFalse: receiver with false",			"class" : "PMAnotherGeneticOptimizer",			"operatorClass" : "ReplaceIfTrueIfFalseReceiverWithFalseOperator",			"mutationStart" : 154,			"method" : "findNearestTo:",			"mutationEnd" : 463		},		{			"operatorDescription" : "Replace #ifTrue: receiver with false",			"class" : "PMAnotherGeneticOptimizer",			"operatorClass" : "ReplaceIfTrueReceiverWithFalseOperator",			"mutationStart" : 225,			"method" : "processRandomParents:",			"mutationEnd" : 280		},		{			"operatorDescription" : "Replace #ifTrue: receiver with true",			"class" : "PMAnotherGeneticOptimizer",			"operatorClass" : "ReplaceIfTrueReceiverWithTrueOperator",			"mutationStart" : 225,			"method" : "processRandomParents:",			"mutationEnd" : 280		},		{			"operatorDescription" : "Replace #- with #+",			"class" : "PMAnotherGeneticOptimizer",			"operatorClass" : "ReplaceMinusWithPlusMutantOperator",			"mutationStart" : 256,			"method" : "computePrecision:",			"mutationEnd" : 301		},		{			"operatorDescription" : "Replace #ifTrue:ifFalse: receiver with true",			"class" : "PMAnotherGeneticOptimizer",			"operatorClass" : "ReplaceIfTrueIfFalseReceiverWithTrueOperator",			"mutationStart" : 235,			"method" : "computePrecision:",			"mutationEnd" : 315		},		{			"operatorDescription" : "Replace #- with #+",			"class" : "PMAnotherGeneticOptimizer",			"operatorClass" : "ReplaceMinusWithPlusMutantOperator",			"mutationStart" : 188,			"method" : "mixupGeneration",			"mutationEnd" : 196		},		{			"operatorDescription" : "Replace #- with #+",			"class" : "PMAnotherGeneticOptimizer",			"operatorClass" : "ReplaceMinusWithPlusMutantOperator",			"mutationStart" : 225,			"method" : "mixupGeneration",			"mutationEnd" : 232		},		{			"operatorDescription" : "Replace #< with #>",			"class" : "PMAnotherGeneticOptimizer",			"operatorClass" : "ReplaceLessWithGreaterMutantOperator",			"mutationStart" : 188,			"method" : "mixupGeneration",			"mutationEnd" : 205		},		{			"operatorDescription" : "Replace #= with #'~='",			"class" : "PMAnotherGeneticOptimizer",			"operatorClass" : "ReplaceEqualWithNotEqualOperator",			"mutationStart" : 128,			"method" : "mixupGeneration",			"mutationEnd" : 132		},		{			"operatorDescription" : "Replace #= with #'~='",			"class" : "PMAnotherGeneticOptimizer",			"operatorClass" : "ReplaceEqualWithNotEqualOperator",			"mutationStart" : 146,			"method" : "mixupGeneration",			"mutationEnd" : 151		},		{			"operatorDescription" : "Replace #ifTrue: receiver with false",			"class" : "PMAnotherGeneticOptimizer",			"operatorClass" : "ReplaceIfTrueReceiverWithFalseOperator",			"mutationStart" : 257,			"method" : "mixupGeneration",			"mutationEnd" : 414		},		{			"operatorDescription" : "Replace #ifTrue: receiver with true",			"class" : "PMAnotherGeneticOptimizer",			"operatorClass" : "ReplaceIfTrueReceiverWithTrueOperator",			"mutationStart" : 257,			"method" : "mixupGeneration",			"mutationEnd" : 414		},		{			"operatorDescription" : "Replace #ifTrue:ifFalse: receiver with false",			"class" : "PMAnotherGeneticOptimizer",			"operatorClass" : "ReplaceIfTrueIfFalseReceiverWithFalseOperator",			"mutationStart" : 146,			"method" : "mixupGeneration",			"mutationEnd" : 207		},		{			"operatorDescription" : "Replace #ifTrue:ifFalse: receiver with true",			"class" : "PMAnotherGeneticOptimizer",			"operatorClass" : "ReplaceIfTrueIfFalseReceiverWithTrueOperator",			"mutationStart" : 128,			"method" : "mixupGeneration",			"mutationEnd" : 253		},		{			"operatorDescription" : "Replace #ifTrue:ifFalse: receiver with true",			"class" : "PMAnotherGeneticOptimizer",			"operatorClass" : "ReplaceIfTrueIfFalseReceiverWithTrueOperator",			"mutationStart" : 146,			"method" : "mixupGeneration",			"mutationEnd" : 207		},		{			"operatorDescription" : "Replace #max: with #min:",			"class" : "PMAnotherGeneticOptimizer",			"operatorClass" : "ReplaceMaxWithMinMutantOperator",			"mutationStart" : 317,			"method" : "mixupGeneration",			"mutationEnd" : 345		},		{			"operatorDescription" : "Remove ^",			"class" : "PMAnotherGeneticOptimizer class",			"operatorClass" : "RemoveCaretOperator",			"mutationStart" : 284,			"method" : "function:minimumValues:maximumValues:",			"mutationEnd" : 358		},		{			"operatorDescription" : "Replace #ifFalse: receiver with true",			"class" : "PMAnotherGeneticOptimizer class",			"operatorClass" : "ReplaceIfFalseReceiverWithTrueOperator",			"mutationStart" : 218,			"method" : "function:minimumValues:maximumValues:",			"mutationEnd" : 359		}	],	"mutationScoreAfter" : 69,	"mutationScoreBefore" : 65,	"testAmpLoc" : 61,	"amplifiedMethods" : [		"PMAnotherGeneticOptimizerTest567>>#testChromosomeManager_amp_A18"	],	"testLoc" : "133",	"amplifiedClass" : "PMAnotherGeneticOptimizerTest567",	"numberOfAllMutationsInOriginal" : 103,	"targetLoc" : 178,	"newCovered" : [		{			"operatorDescription" : "Replace #ifTrue:ifFalse: receiver with false",			"class" : "PMAnotherGeneticOptimizer",			"operatorClass" : "ReplaceIfTrueIfFalseReceiverWithFalseOperator",			"mutationStart" : 392,			"method" : "addPointAt:",			"mutationEnd" : 468		},		{			"operatorDescription" : "Replace #ifTrue:ifFalse: receiver with true",			"class" : "PMAnotherGeneticOptimizer",			"operatorClass" : "ReplaceIfTrueIfFalseReceiverWithTrueOperator",			"mutationStart" : 49,			"method" : "nextGeneration",			"mutationEnd" : 120		},		{			"operatorDescription" : "Replace #= with #'~='",			"class" : "PMAnotherGeneticOptimizer",			"operatorClass" : "ReplaceEqualWithNotEqualOperator",			"mutationStart" : 336,			"method" : "findNearestTo:",			"mutationEnd" : 341		},		{			"operatorDescription" : "Replace #> with #<",			"class" : "PMAnotherGeneticOptimizer",			"operatorClass" : "ReplaceGreaterWithLessMutantOperator",			"mutationStart" : 225,			"method" : "processRandomParents:",			"mutationEnd" : 235		},		{			"operatorDescription" : "Remove ^",			"class" : "PMAnotherGeneticOptimizer",			"operatorClass" : "RemoveCaretOperator",			"mutationStart" : 23,			"method" : "add:",			"mutationEnd" : 55		},		{			"operatorDescription" : "Replace #ifTrue:ifFalse: receiver with false",			"class" : "PMAnotherGeneticOptimizer",			"operatorClass" : "ReplaceIfTrueIfFalseReceiverWithFalseOperator",			"mutationStart" : 128,			"method" : "mixupGeneration",			"mutationEnd" : 253		}	],	"timeBudgetFinished" : false,	"notCoveredInOriginal" : [		{			"operatorDescription" : "Replace #ifFalse: receiver with true",			"class" : "PMAnotherGeneticOptimizer",			"operatorClass" : "ReplaceIfFalseReceiverWithTrueOperator",			"mutationStart" : 22,			"method" : "setFunction:",			"mutationEnd" : 125		},		{			"operatorDescription" : "Replace #'>=' with #=",			"class" : "PMAnotherGeneticOptimizer",			"operatorClass" : "ReplaceGreaterOrEqualWithEqualMutantOperator",			"mutationStart" : 23,			"method" : "initializeIterations",			"mutationEnd" : 71		},		{			"operatorDescription" : "Replace #'>=' with #>",			"class" : "PMAnotherGeneticOptimizer",			"operatorClass" : "ReplaceGreaterOrEqualWithGreaterMutantOperator",			"mutationStart" : 23,			"method" : "initializeIterations",			"mutationEnd" : 71		},		{			"operatorDescription" : "Replace #ifTrue: receiver with false",			"class" : "PMAnotherGeneticOptimizer",			"operatorClass" : "ReplaceIfTrueReceiverWithFalseOperator",			"mutationStart" : 23,			"method" : "initializeIterations",			"mutationEnd" : 155		},		{			"operatorDescription" : "Replace #max: with #min:",			"class" : "PMAnotherGeneticOptimizer",			"operatorClass" : "ReplaceMaxWithMinMutantOperator",			"mutationStart" : 126,			"method" : "initializeIterations",			"mutationEnd" : 154		},		{			"operatorDescription" : "Replace #'>=' with #=",			"class" : "PMAnotherGeneticOptimizer",			"operatorClass" : "ReplaceGreaterOrEqualWithEqualMutantOperator",			"mutationStart" : 281,			"method" : "addPointAt:",			"mutationEnd" : 333		},		{			"operatorDescription" : "Replace #ifTrue: receiver with true",			"class" : "PMAnotherGeneticOptimizer",			"operatorClass" : "ReplaceIfTrueReceiverWithTrueOperator",			"mutationStart" : 346,			"method" : "addPointAt:",			"mutationEnd" : 485		},		{			"operatorDescription" : "Replace #ifTrue:ifFalse: receiver with false",			"class" : "PMAnotherGeneticOptimizer",			"operatorClass" : "ReplaceIfTrueIfFalseReceiverWithFalseOperator",			"mutationStart" : 392,			"method" : "addPointAt:",			"mutationEnd" : 468		},		{			"operatorDescription" : "Replace #or: receiver with false",			"class" : "PMAnotherGeneticOptimizer",			"operatorClass" : "ReplaceOrReceiverWithFalseOperator",			"mutationStart" : 223,			"method" : "addPointAt:",			"mutationEnd" : 262		},		{			"operatorDescription" : "Replace #or: with #bXor:",			"class" : "PMAnotherGeneticOptimizer",			"operatorClass" : "ReplaceOrWithXorMutantOperator",			"mutationStart" : 223,			"method" : "addPointAt:",			"mutationEnd" : 262		},		{			"operatorDescription" : "Replace #ifTrue:ifFalse: receiver with true",			"class" : "PMAnotherGeneticOptimizer",			"operatorClass" : "ReplaceIfTrueIfFalseReceiverWithTrueOperator",			"mutationStart" : 49,			"method" : "nextGeneration",			"mutationEnd" : 120		},		{			"operatorDescription" : "Remove ^",			"class" : "PMAnotherGeneticOptimizer",			"operatorClass" : "RemoveCaretOperator",			"mutationStart" : 351,			"method" : "findNearestTo:",			"mutationEnd" : 356		},		{			"operatorDescription" : "Remove ^",			"class" : "PMAnotherGeneticOptimizer",			"operatorClass" : "RemoveCaretOperator",			"mutationStart" : 453,			"method" : "findNearestTo:",			"mutationEnd" : 462		},		{			"operatorDescription" : "Replace #/ with #*",			"class" : "PMAnotherGeneticOptimizer",			"operatorClass" : "ReplaceDivisionWithMultiplicationMutantOperator",			"mutationStart" : 230,			"method" : "findNearestTo:",			"mutationEnd" : 322		},		{			"operatorDescription" : "Replace #= with #'~='",			"class" : "PMAnotherGeneticOptimizer",			"operatorClass" : "ReplaceEqualWithNotEqualOperator",			"mutationStart" : 336,			"method" : "findNearestTo:",			"mutationEnd" : 341		},		{			"operatorDescription" : "Replace #ifTrue: receiver with false",			"class" : "PMAnotherGeneticOptimizer",			"operatorClass" : "ReplaceIfTrueReceiverWithFalseOperator",			"mutationStart" : 336,			"method" : "findNearestTo:",			"mutationEnd" : 358		},		{			"operatorDescription" : "Replace #ifTrue:ifFalse: receiver with false",			"class" : "PMAnotherGeneticOptimizer",			"operatorClass" : "ReplaceIfTrueIfFalseReceiverWithFalseOperator",			"mutationStart" : 154,			"method" : "findNearestTo:",			"mutationEnd" : 463		},		{			"operatorDescription" : "Replace #> with #<",			"class" : "PMAnotherGeneticOptimizer",			"operatorClass" : "ReplaceGreaterWithLessMutantOperator",			"mutationStart" : 225,			"method" : "processRandomParents:",			"mutationEnd" : 235		},		{			"operatorDescription" : "Replace #ifTrue: receiver with false",			"class" : "PMAnotherGeneticOptimizer",			"operatorClass" : "ReplaceIfTrueReceiverWithFalseOperator",			"mutationStart" : 225,			"method" : "processRandomParents:",			"mutationEnd" : 280		},		{			"operatorDescription" : "Replace #ifTrue: receiver with true",			"class" : "PMAnotherGeneticOptimizer",			"operatorClass" : "ReplaceIfTrueReceiverWithTrueOperator",			"mutationStart" : 225,			"method" : "processRandomParents:",			"mutationEnd" : 280		},		{			"operatorDescription" : "Remove ^",			"class" : "PMAnotherGeneticOptimizer",			"operatorClass" : "RemoveCaretOperator",			"mutationStart" : 23,			"method" : "add:",			"mutationEnd" : 55		},		{			"operatorDescription" : "Replace #- with #+",			"class" : "PMAnotherGeneticOptimizer",			"operatorClass" : "ReplaceMinusWithPlusMutantOperator",			"mutationStart" : 256,			"method" : "computePrecision:",			"mutationEnd" : 301		},		{			"operatorDescription" : "Replace #ifTrue:ifFalse: receiver with true",			"class" : "PMAnotherGeneticOptimizer",			"operatorClass" : "ReplaceIfTrueIfFalseReceiverWithTrueOperator",			"mutationStart" : 235,			"method" : "computePrecision:",			"mutationEnd" : 315		},		{			"operatorDescription" : "Replace #- with #+",			"class" : "PMAnotherGeneticOptimizer",			"operatorClass" : "ReplaceMinusWithPlusMutantOperator",			"mutationStart" : 188,			"method" : "mixupGeneration",			"mutationEnd" : 196		},		{			"operatorDescription" : "Replace #- with #+",			"class" : "PMAnotherGeneticOptimizer",			"operatorClass" : "ReplaceMinusWithPlusMutantOperator",			"mutationStart" : 225,			"method" : "mixupGeneration",			"mutationEnd" : 232		},		{			"operatorDescription" : "Replace #< with #>",			"class" : "PMAnotherGeneticOptimizer",			"operatorClass" : "ReplaceLessWithGreaterMutantOperator",			"mutationStart" : 188,			"method" : "mixupGeneration",			"mutationEnd" : 205		},		{			"operatorDescription" : "Replace #= with #'~='",			"class" : "PMAnotherGeneticOptimizer",			"operatorClass" : "ReplaceEqualWithNotEqualOperator",			"mutationStart" : 128,			"method" : "mixupGeneration",			"mutationEnd" : 132		},		{			"operatorDescription" : "Replace #= with #'~='",			"class" : "PMAnotherGeneticOptimizer",			"operatorClass" : "ReplaceEqualWithNotEqualOperator",			"mutationStart" : 146,			"method" : "mixupGeneration",			"mutationEnd" : 151		},		{			"operatorDescription" : "Replace #ifTrue: receiver with false",			"class" : "PMAnotherGeneticOptimizer",			"operatorClass" : "ReplaceIfTrueReceiverWithFalseOperator",			"mutationStart" : 257,			"method" : "mixupGeneration",			"mutationEnd" : 414		},		{			"operatorDescription" : "Replace #ifTrue:ifFalse: receiver with false",			"class" : "PMAnotherGeneticOptimizer",			"operatorClass" : "ReplaceIfTrueIfFalseReceiverWithFalseOperator",			"mutationStart" : 128,			"method" : "mixupGeneration",			"mutationEnd" : 253		},		{			"operatorDescription" : "Replace #ifTrue:ifFalse: receiver with false",			"class" : "PMAnotherGeneticOptimizer",			"operatorClass" : "ReplaceIfTrueIfFalseReceiverWithFalseOperator",			"mutationStart" : 146,			"method" : "mixupGeneration",			"mutationEnd" : 207		},		{			"operatorDescription" : "Replace #ifTrue:ifFalse: receiver with true",			"class" : "PMAnotherGeneticOptimizer",			"operatorClass" : "ReplaceIfTrueIfFalseReceiverWithTrueOperator",			"mutationStart" : 128,			"method" : "mixupGeneration",			"mutationEnd" : 253		},		{			"operatorDescription" : "Replace #ifTrue:ifFalse: receiver with true",			"class" : "PMAnotherGeneticOptimizer",			"operatorClass" : "ReplaceIfTrueIfFalseReceiverWithTrueOperator",			"mutationStart" : 146,			"method" : "mixupGeneration",			"mutationEnd" : 207		},		{			"operatorDescription" : "Replace #max: with #min:",			"class" : "PMAnotherGeneticOptimizer",			"operatorClass" : "ReplaceMaxWithMinMutantOperator",			"mutationStart" : 317,			"method" : "mixupGeneration",			"mutationEnd" : 345		},		{			"operatorDescription" : "Remove ^",			"class" : "PMAnotherGeneticOptimizer class",			"operatorClass" : "RemoveCaretOperator",			"mutationStart" : 284,			"method" : "function:minimumValues:maximumValues:",			"mutationEnd" : 358		},		{			"operatorDescription" : "Replace #ifFalse: receiver with true",			"class" : "PMAnotherGeneticOptimizer class",			"operatorClass" : "ReplaceIfFalseReceiverWithTrueOperator",			"mutationStart" : 218,			"method" : "function:minimumValues:maximumValues:",			"mutationEnd" : 359		}	],	"testCase" : "PMAnotherGeneticOptimizerTest",	"unixtime" : 1605058330,	"timeTotal" : 7054}