{	"targetClasses" : [		"PMAnotherChromosomeManager"	],	"testMethodsIgnored" : [ ],	"methodsNotProfiled" : [ ],	"numberOfOriginalTestMethods" : 11,	"timeDetail" : [		"init: % 1.63 (24 seconds 224 milliseconds)",		"assertionAmplification: % 77.58 (19 minutes 13 seconds 327 milliseconds)",		"selection: % 3.08 (45 seconds 725 milliseconds)",		"inputAmplification: % 16.93 (4 minutes 11 seconds 673 milliseconds)",		"finalize: % 0.78 (11 seconds 612 milliseconds)"	],	"notCoveredInAmplified" : [		{			"operatorDescription" : "Replace #ifTrue:ifFalse: receiver with false",			"class" : "PMAnotherChromosomeManager",			"operatorClass" : "ReplaceIfTrueIfFalseReceiverWithFalseOperator",			"mutationStart" : 197,			"method" : "process:and:",			"mutationEnd" : 804		},		{			"operatorDescription" : "Replace #ifFalse: receiver with true",			"class" : "PMAnotherChromosomeManager",			"operatorClass" : "ReplaceIfFalseReceiverWithTrueOperator",			"mutationStart" : 21,			"method" : "randomizePopulation",			"mutationEnd" : 69		},		{			"operatorDescription" : "Replace #ifFalse: with #ifTrue:",			"class" : "PMAnotherChromosomeManager",			"operatorClass" : "ReplaceIfFalseWithIfTrueMutantOperator",			"mutationStart" : 21,			"method" : "randomizePopulation",			"mutationEnd" : 69		},		{			"operatorDescription" : "Replace #< with #>",			"class" : "PMAnotherChromosomeManager",			"operatorClass" : "ReplaceLessWithGreaterMutantOperator",			"mutationStart" : 379,			"method" : "crossover:and:",			"mutationEnd" : 397		},		{			"operatorDescription" : "Replace #ifTrue: with #ifFalse:",			"class" : "PMAnotherChromosomeManager",			"operatorClass" : "ReplaceIfTrueWithIfFalseMutantOperator",			"mutationStart" : 379,			"method" : "crossover:and:",			"mutationEnd" : 487		},		{			"operatorDescription" : "Replace #- with #+",			"class" : "PMAnotherChromosomeManager",			"operatorClass" : "ReplaceMinusWithPlusMutantOperator",			"mutationStart" : 449,			"method" : "lineCrossOver:and:",			"mutationEnd" : 467		},		{			"operatorDescription" : "Replace #/ with #*",			"class" : "PMAnotherChromosomeManager",			"operatorClass" : "ReplaceDivisionWithMultiplicationMutantOperator",			"mutationStart" : 373,			"method" : "lineCrossOver:and:",			"mutationEnd" : 381		},		{			"operatorDescription" : "Replace #+ with #-",			"class" : "PMAnotherChromosomeManager",			"operatorClass" : "ReplacePlusWithMinusMutantOperator",			"mutationStart" : 550,			"method" : "eirCrossover:and:",			"mutationEnd" : 572		}	],	"mutationScoreAfter" : 93,	"mutationScoreBefore" : 68,	"testAmpLoc" : 85,	"amplifiedMethods" : [		"PMAnotherChromosomeManagerTest540>>#testPrint_amp_A17_N3_A36",		"PMAnotherChromosomeManagerTest540>>#testAccessing_amp_O0_A73_A43",		"PMAnotherChromosomeManagerTest540>>#testCrossOver_amp_A7",		"PMAnotherChromosomeManagerTest540>>#testPrint_amp_A17_L2_A7"	],	"testLoc" : "176",	"amplifiedClass" : "PMAnotherChromosomeManagerTest540",	"numberOfAllMutationsInOriginal" : 123,	"targetLoc" : 181,	"newCovered" : [		{			"operatorDescription" : "Replace #+ with #-",			"class" : "PMAnotherChromosomeManager",			"operatorClass" : "ReplacePlusWithMinusMutantOperator",			"mutationStart" : 204,			"method" : "process:and:",			"mutationEnd" : 237		},		{			"operatorDescription" : "Replace #+ with #-",			"class" : "PMAnotherChromosomeManager",			"operatorClass" : "ReplacePlusWithMinusMutantOperator",			"mutationStart" : 377,			"method" : "process:and:",			"mutationEnd" : 420		},		{			"operatorDescription" : "Replace #+ with #-",			"class" : "PMAnotherChromosomeManager",			"operatorClass" : "ReplacePlusWithMinusMutantOperator",			"mutationStart" : 378,			"method" : "process:and:",			"mutationEnd" : 409		},		{			"operatorDescription" : "Replace #< with #>",			"class" : "PMAnotherChromosomeManager",			"operatorClass" : "ReplaceLessWithGreaterMutantOperator",			"mutationStart" : 197,			"method" : "process:and:",			"mutationEnd" : 237		},		{			"operatorDescription" : "Replace #< with #>",			"class" : "PMAnotherChromosomeManager",			"operatorClass" : "ReplaceLessWithGreaterMutantOperator",			"mutationStart" : 370,			"method" : "process:and:",			"mutationEnd" : 420		},		{			"operatorDescription" : "Replace #ifTrue:ifFalse: receiver with false",			"class" : "PMAnotherChromosomeManager",			"operatorClass" : "ReplaceIfTrueIfFalseReceiverWithFalseOperator",			"mutationStart" : 370,			"method" : "process:and:",			"mutationEnd" : 803		},		{			"operatorDescription" : "Replace #ifTrue:ifFalse: receiver with true",			"class" : "PMAnotherChromosomeManager",			"operatorClass" : "ReplaceIfTrueIfFalseReceiverWithTrueOperator",			"mutationStart" : 197,			"method" : "process:and:",			"mutationEnd" : 804		},		{			"operatorDescription" : "Replace #ifTrue:ifFalse: receiver with true",			"class" : "PMAnotherChromosomeManager",			"operatorClass" : "ReplaceIfTrueIfFalseReceiverWithTrueOperator",			"mutationStart" : 370,			"method" : "process:and:",			"mutationEnd" : 803		},		{			"operatorDescription" : "Replace #ifTrue:ifFalse: receiver with true",			"class" : "PMAnotherChromosomeManager",			"operatorClass" : "ReplaceIfTrueIfFalseReceiverWithTrueOperator",			"mutationStart" : 534,			"method" : "process:and:",			"mutationEnd" : 802		},		{			"operatorDescription" : "Remove ^",			"class" : "PMAnotherChromosomeManager",			"operatorClass" : "RemoveCaretOperator",			"mutationStart" : 42,			"method" : "randomizePopulation",			"mutationEnd" : 67		},		{			"operatorDescription" : "Replace #ifFalse: receiver with false",			"class" : "PMAnotherChromosomeManager",			"operatorClass" : "ReplaceIfFalseReceiverWithFalseOperator",			"mutationStart" : 21,			"method" : "randomizePopulation",			"mutationEnd" : 69		},		{			"operatorDescription" : "Replace #+ with #-",			"class" : "PMAnotherChromosomeManager",			"operatorClass" : "ReplacePlusWithMinusMutantOperator",			"mutationStart" : 247,			"method" : "mutate:",			"mutationEnd" : 347		},		{			"operatorDescription" : "Replace #+ with #-",			"class" : "PMAnotherChromosomeManager",			"operatorClass" : "ReplacePlusWithMinusMutantOperator",			"mutationStart" : 431,			"method" : "mutate:",			"mutationEnd" : 539		},		{			"operatorDescription" : "Replace #< with #>",			"class" : "PMAnotherChromosomeManager",			"operatorClass" : "ReplaceLessWithGreaterMutantOperator",			"mutationStart" : 174,			"method" : "mutate:",			"mutationEnd" : 197		},		{			"operatorDescription" : "Replace #< with #>",			"class" : "PMAnotherChromosomeManager",			"operatorClass" : "ReplaceLessWithGreaterMutantOperator",			"mutationStart" : 267,			"method" : "mutate:",			"mutationEnd" : 283		},		{			"operatorDescription" : "Replace #< with #>",			"class" : "PMAnotherChromosomeManager",			"operatorClass" : "ReplaceLessWithGreaterMutantOperator",			"mutationStart" : 455,			"method" : "mutate:",			"mutationEnd" : 471		},		{			"operatorDescription" : "Replace #ifFalse: receiver with false",			"class" : "PMAnotherChromosomeManager",			"operatorClass" : "ReplaceIfFalseReceiverWithFalseOperator",			"mutationStart" : 353,			"method" : "mutate:",			"mutationEnd" : 540		},		{			"operatorDescription" : "Replace #ifFalse: receiver with true",			"class" : "PMAnotherChromosomeManager",			"operatorClass" : "ReplaceIfFalseReceiverWithTrueOperator",			"mutationStart" : 353,			"method" : "mutate:",			"mutationEnd" : 540		},		{			"operatorDescription" : "Replace #ifFalse: with #ifTrue:",			"class" : "PMAnotherChromosomeManager",			"operatorClass" : "ReplaceIfFalseWithIfTrueMutantOperator",			"mutationStart" : 353,			"method" : "mutate:",			"mutationEnd" : 540		},		{			"operatorDescription" : "Replace #ifTrue: with #ifFalse:",			"class" : "PMAnotherChromosomeManager",			"operatorClass" : "ReplaceIfTrueWithIfFalseMutantOperator",			"mutationStart" : 174,			"method" : "mutate:",			"mutationEnd" : 348		},		{			"operatorDescription" : "Replace #ifTrue:ifFalse: receiver with false",			"class" : "PMAnotherChromosomeManager",			"operatorClass" : "ReplaceIfTrueIfFalseReceiverWithFalseOperator",			"mutationStart" : 454,			"method" : "mutate:",			"mutationEnd" : 510		},		{			"operatorDescription" : "Replace #ifTrue:ifFalse: receiver with true",			"class" : "PMAnotherChromosomeManager",			"operatorClass" : "ReplaceIfTrueIfFalseReceiverWithTrueOperator",			"mutationStart" : 266,			"method" : "mutate:",			"mutationEnd" : 322		},		{			"operatorDescription" : "Replace #ifTrue:ifFalse: receiver with true",			"class" : "PMAnotherChromosomeManager",			"operatorClass" : "ReplaceIfTrueIfFalseReceiverWithTrueOperator",			"mutationStart" : 454,			"method" : "mutate:",			"mutationEnd" : 510		},		{			"operatorDescription" : "Remove ^",			"class" : "PMAnotherChromosomeManager",			"operatorClass" : "RemoveCaretOperator",			"mutationStart" : 205,			"method" : "crossover:and:",			"mutationEnd" : 278		},		{			"operatorDescription" : "Replace #ifTrue: receiver with false",			"class" : "PMAnotherChromosomeManager",			"operatorClass" : "ReplaceIfTrueReceiverWithFalseOperator",			"mutationStart" : 171,			"method" : "crossover:and:",			"mutationEnd" : 280		},		{			"operatorDescription" : "Replace #ifTrue: receiver with true",			"class" : "PMAnotherChromosomeManager",			"operatorClass" : "ReplaceIfTrueReceiverWithTrueOperator",			"mutationStart" : 379,			"method" : "crossover:and:",			"mutationEnd" : 487		},		{			"operatorDescription" : "Remove ^",			"class" : "PMAnotherChromosomeManager",			"operatorClass" : "RemoveCaretOperator",			"mutationStart" : 289,			"method" : "lineCrossOver:and:",			"mutationEnd" : 361		},		{			"operatorDescription" : "Replace #+ with #-",			"class" : "PMAnotherChromosomeManager",			"operatorClass" : "ReplacePlusWithMinusMutantOperator",			"mutationStart" : 419,			"method" : "lineCrossOver:and:",			"mutationEnd" : 437		},		{			"operatorDescription" : "Replace #- with #+",			"class" : "PMAnotherChromosomeManager",			"operatorClass" : "ReplaceMinusWithPlusMutantOperator",			"mutationStart" : 221,			"method" : "lineCrossOver:and:",			"mutationEnd" : 249		},		{			"operatorDescription" : "Replace #ifTrue: receiver with false",			"class" : "PMAnotherChromosomeManager",			"operatorClass" : "ReplaceIfTrueReceiverWithFalseOperator",			"mutationStart" : 273,			"method" : "lineCrossOver:and:",			"mutationEnd" : 362		},		{			"operatorDescription" : "Remove ^",			"class" : "PMAnotherChromosomeManager",			"operatorClass" : "RemoveCaretOperator",			"mutationStart" : 309,			"method" : "eirCrossover:and:",			"mutationEnd" : 382		},		{			"operatorDescription" : "Replace #ifTrue: receiver with false",			"class" : "PMAnotherChromosomeManager",			"operatorClass" : "ReplaceIfTrueReceiverWithFalseOperator",			"mutationStart" : 290,			"method" : "eirCrossover:and:",			"mutationEnd" : 384		},		{			"operatorDescription" : "Replace #ifTrue:ifFalse: receiver with false",			"class" : "PMAnotherChromosomeManager class",			"operatorClass" : "ReplaceIfTrueIfFalseReceiverWithFalseOperator",			"mutationStart" : 182,			"method" : "numberOfHamersleyPoints:dimension:randomized:",			"mutationEnd" : 245		}	],	"timeBudgetFinished" : false,	"notCoveredInOriginal" : [		{			"operatorDescription" : "Replace #+ with #-",			"class" : "PMAnotherChromosomeManager",			"operatorClass" : "ReplacePlusWithMinusMutantOperator",			"mutationStart" : 204,			"method" : "process:and:",			"mutationEnd" : 237		},		{			"operatorDescription" : "Replace #+ with #-",			"class" : "PMAnotherChromosomeManager",			"operatorClass" : "ReplacePlusWithMinusMutantOperator",			"mutationStart" : 377,			"method" : "process:and:",			"mutationEnd" : 420		},		{			"operatorDescription" : "Replace #< with #>",			"class" : "PMAnotherChromosomeManager",			"operatorClass" : "ReplaceLessWithGreaterMutantOperator",			"mutationStart" : 197,			"method" : "process:and:",			"mutationEnd" : 237		},		{			"operatorDescription" : "Replace #< with #>",			"class" : "PMAnotherChromosomeManager",			"operatorClass" : "ReplaceLessWithGreaterMutantOperator",			"mutationStart" : 370,			"method" : "process:and:",			"mutationEnd" : 420		},		{			"operatorDescription" : "Replace #ifTrue:ifFalse: receiver with false",			"class" : "PMAnotherChromosomeManager",			"operatorClass" : "ReplaceIfTrueIfFalseReceiverWithFalseOperator",			"mutationStart" : 197,			"method" : "process:and:",			"mutationEnd" : 804		},		{			"operatorDescription" : "Replace #ifTrue:ifFalse: receiver with false",			"class" : "PMAnotherChromosomeManager",			"operatorClass" : "ReplaceIfTrueIfFalseReceiverWithFalseOperator",			"mutationStart" : 370,			"method" : "process:and:",			"mutationEnd" : 803		},		{			"operatorDescription" : "Replace #ifTrue:ifFalse: receiver with true",			"class" : "PMAnotherChromosomeManager",			"operatorClass" : "ReplaceIfTrueIfFalseReceiverWithTrueOperator",			"mutationStart" : 197,			"method" : "process:and:",			"mutationEnd" : 804		},		{			"operatorDescription" : "Replace #ifTrue:ifFalse: receiver with true",			"class" : "PMAnotherChromosomeManager",			"operatorClass" : "ReplaceIfTrueIfFalseReceiverWithTrueOperator",			"mutationStart" : 370,			"method" : "process:and:",			"mutationEnd" : 803		},		{			"operatorDescription" : "Replace #ifTrue:ifFalse: receiver with true",			"class" : "PMAnotherChromosomeManager",			"operatorClass" : "ReplaceIfTrueIfFalseReceiverWithTrueOperator",			"mutationStart" : 534,			"method" : "process:and:",			"mutationEnd" : 802		},		{			"operatorDescription" : "Remove ^",			"class" : "PMAnotherChromosomeManager",			"operatorClass" : "RemoveCaretOperator",			"mutationStart" : 42,			"method" : "randomizePopulation",			"mutationEnd" : 67		},		{			"operatorDescription" : "Replace #ifFalse: receiver with false",			"class" : "PMAnotherChromosomeManager",			"operatorClass" : "ReplaceIfFalseReceiverWithFalseOperator",			"mutationStart" : 21,			"method" : "randomizePopulation",			"mutationEnd" : 69		},		{			"operatorDescription" : "Replace #ifFalse: receiver with true",			"class" : "PMAnotherChromosomeManager",			"operatorClass" : "ReplaceIfFalseReceiverWithTrueOperator",			"mutationStart" : 21,			"method" : "randomizePopulation",			"mutationEnd" : 69		},		{			"operatorDescription" : "Replace #+ with #-",			"class" : "PMAnotherChromosomeManager",			"operatorClass" : "ReplacePlusWithMinusMutantOperator",			"mutationStart" : 247,			"method" : "mutate:",			"mutationEnd" : 347		},		{			"operatorDescription" : "Replace #+ with #-",			"class" : "PMAnotherChromosomeManager",			"operatorClass" : "ReplacePlusWithMinusMutantOperator",			"mutationStart" : 431,			"method" : "mutate:",			"mutationEnd" : 539		},		{			"operatorDescription" : "Replace #< with #>",			"class" : "PMAnotherChromosomeManager",			"operatorClass" : "ReplaceLessWithGreaterMutantOperator",			"mutationStart" : 174,			"method" : "mutate:",			"mutationEnd" : 197		},		{			"operatorDescription" : "Replace #< with #>",			"class" : "PMAnotherChromosomeManager",			"operatorClass" : "ReplaceLessWithGreaterMutantOperator",			"mutationStart" : 267,			"method" : "mutate:",			"mutationEnd" : 283		},		{			"operatorDescription" : "Replace #< with #>",			"class" : "PMAnotherChromosomeManager",			"operatorClass" : "ReplaceLessWithGreaterMutantOperator",			"mutationStart" : 455,			"method" : "mutate:",			"mutationEnd" : 471		},		{			"operatorDescription" : "Replace #ifFalse: receiver with false",			"class" : "PMAnotherChromosomeManager",			"operatorClass" : "ReplaceIfFalseReceiverWithFalseOperator",			"mutationStart" : 353,			"method" : "mutate:",			"mutationEnd" : 540		},		{			"operatorDescription" : "Replace #ifFalse: receiver with true",			"class" : "PMAnotherChromosomeManager",			"operatorClass" : "ReplaceIfFalseReceiverWithTrueOperator",			"mutationStart" : 353,			"method" : "mutate:",			"mutationEnd" : 540		},		{			"operatorDescription" : "Replace #ifFalse: with #ifTrue:",			"class" : "PMAnotherChromosomeManager",			"operatorClass" : "ReplaceIfFalseWithIfTrueMutantOperator",			"mutationStart" : 353,			"method" : "mutate:",			"mutationEnd" : 540		},		{			"operatorDescription" : "Replace #ifTrue: with #ifFalse:",			"class" : "PMAnotherChromosomeManager",			"operatorClass" : "ReplaceIfTrueWithIfFalseMutantOperator",			"mutationStart" : 174,			"method" : "mutate:",			"mutationEnd" : 348		},		{			"operatorDescription" : "Replace #ifTrue:ifFalse: receiver with false",			"class" : "PMAnotherChromosomeManager",			"operatorClass" : "ReplaceIfTrueIfFalseReceiverWithFalseOperator",			"mutationStart" : 454,			"method" : "mutate:",			"mutationEnd" : 510		},		{			"operatorDescription" : "Replace #ifTrue:ifFalse: receiver with true",			"class" : "PMAnotherChromosomeManager",			"operatorClass" : "ReplaceIfTrueIfFalseReceiverWithTrueOperator",			"mutationStart" : 266,			"method" : "mutate:",			"mutationEnd" : 322		},		{			"operatorDescription" : "Replace #ifTrue:ifFalse: receiver with true",			"class" : "PMAnotherChromosomeManager",			"operatorClass" : "ReplaceIfTrueIfFalseReceiverWithTrueOperator",			"mutationStart" : 454,			"method" : "mutate:",			"mutationEnd" : 510		},		{			"operatorDescription" : "Remove ^",			"class" : "PMAnotherChromosomeManager",			"operatorClass" : "RemoveCaretOperator",			"mutationStart" : 205,			"method" : "crossover:and:",			"mutationEnd" : 278		},		{			"operatorDescription" : "Replace #< with #>",			"class" : "PMAnotherChromosomeManager",			"operatorClass" : "ReplaceLessWithGreaterMutantOperator",			"mutationStart" : 379,			"method" : "crossover:and:",			"mutationEnd" : 397		},		{			"operatorDescription" : "Replace #ifTrue: receiver with false",			"class" : "PMAnotherChromosomeManager",			"operatorClass" : "ReplaceIfTrueReceiverWithFalseOperator",			"mutationStart" : 171,			"method" : "crossover:and:",			"mutationEnd" : 280		},		{			"operatorDescription" : "Replace #ifTrue: receiver with true",			"class" : "PMAnotherChromosomeManager",			"operatorClass" : "ReplaceIfTrueReceiverWithTrueOperator",			"mutationStart" : 379,			"method" : "crossover:and:",			"mutationEnd" : 487		},		{			"operatorDescription" : "Replace #ifTrue: with #ifFalse:",			"class" : "PMAnotherChromosomeManager",			"operatorClass" : "ReplaceIfTrueWithIfFalseMutantOperator",			"mutationStart" : 379,			"method" : "crossover:and:",			"mutationEnd" : 487		},		{			"operatorDescription" : "Remove ^",			"class" : "PMAnotherChromosomeManager",			"operatorClass" : "RemoveCaretOperator",			"mutationStart" : 289,			"method" : "lineCrossOver:and:",			"mutationEnd" : 361		},		{			"operatorDescription" : "Replace #+ with #-",			"class" : "PMAnotherChromosomeManager",			"operatorClass" : "ReplacePlusWithMinusMutantOperator",			"mutationStart" : 419,			"method" : "lineCrossOver:and:",			"mutationEnd" : 437		},		{			"operatorDescription" : "Replace #- with #+",			"class" : "PMAnotherChromosomeManager",			"operatorClass" : "ReplaceMinusWithPlusMutantOperator",			"mutationStart" : 221,			"method" : "lineCrossOver:and:",			"mutationEnd" : 249		},		{			"operatorDescription" : "Replace #- with #+",			"class" : "PMAnotherChromosomeManager",			"operatorClass" : "ReplaceMinusWithPlusMutantOperator",			"mutationStart" : 449,			"method" : "lineCrossOver:and:",			"mutationEnd" : 467		},		{			"operatorDescription" : "Replace #/ with #*",			"class" : "PMAnotherChromosomeManager",			"operatorClass" : "ReplaceDivisionWithMultiplicationMutantOperator",			"mutationStart" : 373,			"method" : "lineCrossOver:and:",			"mutationEnd" : 381		},		{			"operatorDescription" : "Replace #ifTrue: receiver with false",			"class" : "PMAnotherChromosomeManager",			"operatorClass" : "ReplaceIfTrueReceiverWithFalseOperator",			"mutationStart" : 273,			"method" : "lineCrossOver:and:",			"mutationEnd" : 362		},		{			"operatorDescription" : "Remove ^",			"class" : "PMAnotherChromosomeManager",			"operatorClass" : "RemoveCaretOperator",			"mutationStart" : 309,			"method" : "eirCrossover:and:",			"mutationEnd" : 382		},		{			"operatorDescription" : "Replace #+ with #-",			"class" : "PMAnotherChromosomeManager",			"operatorClass" : "ReplacePlusWithMinusMutantOperator",			"mutationStart" : 550,			"method" : "eirCrossover:and:",			"mutationEnd" : 572		},		{			"operatorDescription" : "Replace #ifTrue: receiver with false",			"class" : "PMAnotherChromosomeManager",			"operatorClass" : "ReplaceIfTrueReceiverWithFalseOperator",			"mutationStart" : 290,			"method" : "eirCrossover:and:",			"mutationEnd" : 384		},		{			"operatorDescription" : "Replace #ifTrue:ifFalse: receiver with false",			"class" : "PMAnotherChromosomeManager class",			"operatorClass" : "ReplaceIfTrueIfFalseReceiverWithFalseOperator",			"mutationStart" : 182,			"method" : "numberOfHamersleyPoints:dimension:randomized:",			"mutationEnd" : 245		}	],	"testCase" : "PMAnotherChromosomeManagerTest",	"unixtime" : 1605060347,	"timeTotal" : 1486}