{	"targetClasses" : [		"PMBDF4Stepper"	],	"testMethodsIgnored" : [ ],	"methodsNotProfiled" : [ ],	"numberOfOriginalTestMethods" : 4,	"timeDetail" : [		"init: % 1.65 (1 second 462 milliseconds)",		"assertionAmplification: % 54.71 (48 seconds 607 milliseconds)",		"selection: % 6.58 (5 seconds 843 milliseconds)",		"inputAmplification: % 36.16 (32 seconds 125 milliseconds)",		"finalize: % 0.90 (803 milliseconds)"	],	"notCoveredInAmplified" : [		{			"operatorDescription" : "Replace #ifTrue: receiver with false",			"class" : "PMBDF4Stepper",			"operatorClass" : "ReplaceIfTrueReceiverWithFalseOperator",			"mutationStart" : 131,			"method" : "doStep3State:secondState:firstState:initState:thirdTime:",			"mutationEnd" : 207		}	],	"mutationScoreAfter" : 95,	"mutationScoreBefore" : 95,	"testAmpLoc" : 0,	"amplifiedMethods" : [ ],	"testLoc" : "80",	"amplifiedClass" : "PMBDF4StepperTest193",	"numberOfAllMutationsInOriginal" : 24,	"targetLoc" : 17,	"newCovered" : [		{			"operatorDescription" : "Replace #+ with #-",			"class" : "PMBDF4Stepper",			"operatorClass" : "ReplacePlusWithMinusMutantOperator",			"mutationStart" : 472,			"method" : "doStep3State:secondState:firstState:initState:thirdTime:",			"mutationEnd" : 488		}	],	"timeBudgetFinished" : false,	"notCoveredInOriginal" : [		{			"operatorDescription" : "Replace #ifTrue: receiver with false",			"class" : "PMBDF4Stepper",			"operatorClass" : "ReplaceIfTrueReceiverWithFalseOperator",			"mutationStart" : 131,			"method" : "doStep3State:secondState:firstState:initState:thirdTime:",			"mutationEnd" : 207		}	],	"testCase" : "PMBDF4StepperTest",	"unixtime" : 1605022769,	"timeTotal" : 88}