{	"targetClasses" : [		"PMBDF2Solver"	],	"testMethodsIgnored" : [ ],	"methodsNotProfiled" : [ ],	"numberOfOriginalTestMethods" : 4,	"timeDetail" : [		"init: % 0.97 (509 milliseconds)",		"assertionAmplification: % 50.06 (26 seconds 366 milliseconds)",		"selection: % 9.60 (5 seconds 56 milliseconds)",		"inputAmplification: % 38.07 (20 seconds 51 milliseconds)",		"finalize: % 1.30 (684 milliseconds)"	],	"notCoveredInAmplified" : [		{			"operatorDescription" : "Replace #+ with #-",			"class" : "PMBDF2Solver",			"operatorClass" : "ReplacePlusWithMinusMutantOperator",			"mutationStart" : 117,			"method" : "firstStepStartTime:",			"mutationEnd" : 127		},		{			"operatorDescription" : "Replace #+ with #-",			"class" : "PMBDF2Solver",			"operatorClass" : "ReplacePlusWithMinusMutantOperator",			"mutationStart" : 441,			"method" : "solve:startState:startTime:endTime:",			"mutationEnd" : 451		},		{			"operatorDescription" : "Replace #+ with #-",			"class" : "PMBDF2Solver",			"operatorClass" : "ReplacePlusWithMinusMutantOperator",			"mutationStart" : 606,			"method" : "solve:startState:startTime:endTime:",			"mutationEnd" : 621		},		{			"operatorDescription" : "Replace #and: with #bEqv:",			"class" : "PMBDF2Solver",			"operatorClass" : "ReplaceAndWithEqvMutantOperator",			"mutationStart" : 325,			"method" : "solve:startState:startTime:endTime:",			"mutationEnd" : 371		},		{			"operatorDescription" : "Replace #or: argument with [false]",			"class" : "PMBDF2Solver",			"operatorClass" : "ReplaceOrArgumentWithFalseOperator",			"mutationStart" : 890,			"method" : "solve:startState:startTime:endTime:",			"mutationEnd" : 987		},		{			"operatorDescription" : "Replace #or: with #bXor:",			"class" : "PMBDF2Solver",			"operatorClass" : "ReplaceOrWithXorMutantOperator",			"mutationStart" : 890,			"method" : "solve:startState:startTime:endTime:",			"mutationEnd" : 987		},		{			"operatorDescription" : "Replace #+ with #-",			"class" : "PMBDF2Solver",			"operatorClass" : "ReplacePlusWithMinusMutantOperator",			"mutationStart" : 466,			"method" : "mainStepsPrevState:startTime:endTime:",			"mutationEnd" : 479		}	],	"mutationScoreAfter" : 83,	"mutationScoreBefore" : 60,	"testAmpLoc" : 116,	"amplifiedMethods" : [		"PMBDF2SolverTest190>>#testSimpleSystem2_amp_A22",		"PMBDF2SolverTest190>>#testSolveStartStateStartTimeEndTimeStepSize_amp_O0",		"PMBDF2SolverTest190>>#testSolveStartStateStartTimeEndTimeStepSize_amp_L2",		"PMBDF2SolverTest190>>#testSolveStartStateStartTimeEndTimeStepSize_amp_L0",		"PMBDF2SolverTest190>>#testSimpleSystem2_amp_A33"	],	"testLoc" : "77",	"amplifiedClass" : "PMBDF2SolverTest190",	"numberOfAllMutationsInOriginal" : 43,	"targetLoc" : 72,	"newCovered" : [		{			"operatorDescription" : "Replace #- with #+",			"class" : "PMBDF2Solver",			"operatorClass" : "ReplaceMinusWithPlusMutantOperator",			"mutationStart" : 220,			"method" : "lastStepPrevState:endTime:",			"mutationEnd" : 237		},		{			"operatorDescription" : "Replace #ifFalse: receiver with true",			"class" : "PMBDF2Solver",			"operatorClass" : "ReplaceIfFalseReceiverWithTrueOperator",			"mutationStart" : 85,			"method" : "lastStepPrevState:endTime:",			"mutationEnd" : 282		},		{			"operatorDescription" : "Replace #'<=' with true",			"class" : "PMBDF2Solver",			"operatorClass" : "ReplaceLessOrEqualWithTrueOperator",			"mutationStart" : 441,			"method" : "solve:startState:startTime:endTime:",			"mutationEnd" : 461		},		{			"operatorDescription" : "Replace #+ with #-",			"class" : "PMBDF2Solver",			"operatorClass" : "ReplacePlusWithMinusMutantOperator",			"mutationStart" : 326,			"method" : "solve:startState:startTime:endTime:",			"mutationEnd" : 336		},		{			"operatorDescription" : "Replace #< with #>",			"class" : "PMBDF2Solver",			"operatorClass" : "ReplaceLessWithGreaterMutantOperator",			"mutationStart" : 353,			"method" : "solve:startState:startTime:endTime:",			"mutationEnd" : 370		},		{			"operatorDescription" : "Replace #and: argument with [true]",			"class" : "PMBDF2Solver",			"operatorClass" : "ReplaceAndArgumentWithTrueOperator",			"mutationStart" : 325,			"method" : "solve:startState:startTime:endTime:",			"mutationEnd" : 371		},		{			"operatorDescription" : "Replace #and: with false",			"class" : "PMBDF2Solver",			"operatorClass" : "ReplaceAndWithFalseOperator",			"mutationStart" : 325,			"method" : "solve:startState:startTime:endTime:",			"mutationEnd" : 371		},		{			"operatorDescription" : "Replace #ifTrue: receiver with false",			"class" : "PMBDF2Solver",			"operatorClass" : "ReplaceIfTrueReceiverWithFalseOperator",			"mutationStart" : 325,			"method" : "solve:startState:startTime:endTime:",			"mutationEnd" : 435		},		{			"operatorDescription" : "Replace #ifTrue: receiver with true",			"class" : "PMBDF2Solver",			"operatorClass" : "ReplaceIfTrueReceiverWithTrueOperator",			"mutationStart" : 441,			"method" : "solve:startState:startTime:endTime:",			"mutationEnd" : 1085		},		{			"operatorDescription" : "Replace #or: with true",			"class" : "PMBDF2Solver",			"operatorClass" : "ReplaceOrWithTrueOperator",			"mutationStart" : 890,			"method" : "solve:startState:startTime:endTime:",			"mutationEnd" : 987		}	],	"timeBudgetFinished" : false,	"notCoveredInOriginal" : [		{			"operatorDescription" : "Replace #+ with #-",			"class" : "PMBDF2Solver",			"operatorClass" : "ReplacePlusWithMinusMutantOperator",			"mutationStart" : 117,			"method" : "firstStepStartTime:",			"mutationEnd" : 127		},		{			"operatorDescription" : "Replace #- with #+",			"class" : "PMBDF2Solver",			"operatorClass" : "ReplaceMinusWithPlusMutantOperator",			"mutationStart" : 220,			"method" : "lastStepPrevState:endTime:",			"mutationEnd" : 237		},		{			"operatorDescription" : "Replace #ifFalse: receiver with true",			"class" : "PMBDF2Solver",			"operatorClass" : "ReplaceIfFalseReceiverWithTrueOperator",			"mutationStart" : 85,			"method" : "lastStepPrevState:endTime:",			"mutationEnd" : 282		},		{			"operatorDescription" : "Replace #'<=' with true",			"class" : "PMBDF2Solver",			"operatorClass" : "ReplaceLessOrEqualWithTrueOperator",			"mutationStart" : 441,			"method" : "solve:startState:startTime:endTime:",			"mutationEnd" : 461		},		{			"operatorDescription" : "Replace #+ with #-",			"class" : "PMBDF2Solver",			"operatorClass" : "ReplacePlusWithMinusMutantOperator",			"mutationStart" : 326,			"method" : "solve:startState:startTime:endTime:",			"mutationEnd" : 336		},		{			"operatorDescription" : "Replace #+ with #-",			"class" : "PMBDF2Solver",			"operatorClass" : "ReplacePlusWithMinusMutantOperator",			"mutationStart" : 441,			"method" : "solve:startState:startTime:endTime:",			"mutationEnd" : 451		},		{			"operatorDescription" : "Replace #+ with #-",			"class" : "PMBDF2Solver",			"operatorClass" : "ReplacePlusWithMinusMutantOperator",			"mutationStart" : 606,			"method" : "solve:startState:startTime:endTime:",			"mutationEnd" : 621		},		{			"operatorDescription" : "Replace #< with #>",			"class" : "PMBDF2Solver",			"operatorClass" : "ReplaceLessWithGreaterMutantOperator",			"mutationStart" : 353,			"method" : "solve:startState:startTime:endTime:",			"mutationEnd" : 370		},		{			"operatorDescription" : "Replace #and: argument with [true]",			"class" : "PMBDF2Solver",			"operatorClass" : "ReplaceAndArgumentWithTrueOperator",			"mutationStart" : 325,			"method" : "solve:startState:startTime:endTime:",			"mutationEnd" : 371		},		{			"operatorDescription" : "Replace #and: with #bEqv:",			"class" : "PMBDF2Solver",			"operatorClass" : "ReplaceAndWithEqvMutantOperator",			"mutationStart" : 325,			"method" : "solve:startState:startTime:endTime:",			"mutationEnd" : 371		},		{			"operatorDescription" : "Replace #and: with false",			"class" : "PMBDF2Solver",			"operatorClass" : "ReplaceAndWithFalseOperator",			"mutationStart" : 325,			"method" : "solve:startState:startTime:endTime:",			"mutationEnd" : 371		},		{			"operatorDescription" : "Replace #ifTrue: receiver with false",			"class" : "PMBDF2Solver",			"operatorClass" : "ReplaceIfTrueReceiverWithFalseOperator",			"mutationStart" : 325,			"method" : "solve:startState:startTime:endTime:",			"mutationEnd" : 435		},		{			"operatorDescription" : "Replace #ifTrue: receiver with true",			"class" : "PMBDF2Solver",			"operatorClass" : "ReplaceIfTrueReceiverWithTrueOperator",			"mutationStart" : 441,			"method" : "solve:startState:startTime:endTime:",			"mutationEnd" : 1085		},		{			"operatorDescription" : "Replace #or: argument with [false]",			"class" : "PMBDF2Solver",			"operatorClass" : "ReplaceOrArgumentWithFalseOperator",			"mutationStart" : 890,			"method" : "solve:startState:startTime:endTime:",			"mutationEnd" : 987		},		{			"operatorDescription" : "Replace #or: with #bXor:",			"class" : "PMBDF2Solver",			"operatorClass" : "ReplaceOrWithXorMutantOperator",			"mutationStart" : 890,			"method" : "solve:startState:startTime:endTime:",			"mutationEnd" : 987		},		{			"operatorDescription" : "Replace #or: with true",			"class" : "PMBDF2Solver",			"operatorClass" : "ReplaceOrWithTrueOperator",			"mutationStart" : 890,			"method" : "solve:startState:startTime:endTime:",			"mutationEnd" : 987		},		{			"operatorDescription" : "Replace #+ with #-",			"class" : "PMBDF2Solver",			"operatorClass" : "ReplacePlusWithMinusMutantOperator",			"mutationStart" : 466,			"method" : "mainStepsPrevState:startTime:endTime:",			"mutationEnd" : 479		}	],	"testCase" : "PMBDF2SolverTest",	"unixtime" : 1605022566,	"timeTotal" : 52}