{	"targetClasses" : [		"PMBDF3Solver"	],	"testMethodsIgnored" : [ ],	"methodsNotProfiled" : [ ],	"numberOfOriginalTestMethods" : 3,	"timeDetail" : [		"init: % 1.05 (1 second 240 milliseconds)",		"assertionAmplification: % 38.22 (45 seconds 49 milliseconds)",		"selection: % 21.04 (24 seconds 802 milliseconds)",		"inputAmplification: % 32.66 (38 seconds 492 milliseconds)",		"finalize: % 7.02 (8 seconds 273 milliseconds)"	],	"notCoveredInAmplified" : [		{			"operatorDescription" : "Replace #+ with #-",			"class" : "PMBDF3Solver",			"operatorClass" : "ReplacePlusWithMinusMutantOperator",			"mutationStart" : 662,			"method" : "mainStepsPrevState:prevPrevState:startTime:endTime:",			"mutationEnd" : 675		},		{			"operatorDescription" : "Replace #'<=' with true",			"class" : "PMBDF3Solver",			"operatorClass" : "ReplaceLessOrEqualWithTrueOperator",			"mutationStart" : 456,			"method" : "solve:startState:startTime:endTime:",			"mutationEnd" : 476		},		{			"operatorDescription" : "Replace #'<=' with true",			"class" : "PMBDF3Solver",			"operatorClass" : "ReplaceLessOrEqualWithTrueOperator",			"mutationStart" : 1381,			"method" : "solve:startState:startTime:endTime:",			"mutationEnd" : 1401		},		{			"operatorDescription" : "Replace #+ with #-",			"class" : "PMBDF3Solver",			"operatorClass" : "ReplacePlusWithMinusMutantOperator",			"mutationStart" : 341,			"method" : "solve:startState:startTime:endTime:",			"mutationEnd" : 351		},		{			"operatorDescription" : "Replace #+ with #-",			"class" : "PMBDF3Solver",			"operatorClass" : "ReplacePlusWithMinusMutantOperator",			"mutationStart" : 456,			"method" : "solve:startState:startTime:endTime:",			"mutationEnd" : 466		},		{			"operatorDescription" : "Replace #+ with #-",			"class" : "PMBDF3Solver",			"operatorClass" : "ReplacePlusWithMinusMutantOperator",			"mutationStart" : 647,			"method" : "solve:startState:startTime:endTime:",			"mutationEnd" : 657		},		{			"operatorDescription" : "Replace #+ with #-",			"class" : "PMBDF3Solver",			"operatorClass" : "ReplacePlusWithMinusMutantOperator",			"mutationStart" : 1156,			"method" : "solve:startState:startTime:endTime:",			"mutationEnd" : 1166		},		{			"operatorDescription" : "Replace #+ with #-",			"class" : "PMBDF3Solver",			"operatorClass" : "ReplacePlusWithMinusMutantOperator",			"mutationStart" : 1381,			"method" : "solve:startState:startTime:endTime:",			"mutationEnd" : 1391		},		{			"operatorDescription" : "Replace #< with #>",			"class" : "PMBDF3Solver",			"operatorClass" : "ReplaceLessWithGreaterMutantOperator",			"mutationStart" : 368,			"method" : "solve:startState:startTime:endTime:",			"mutationEnd" : 385		},		{			"operatorDescription" : "Replace #< with #>",			"class" : "PMBDF3Solver",			"operatorClass" : "ReplaceLessWithGreaterMutantOperator",			"mutationStart" : 674,			"method" : "solve:startState:startTime:endTime:",			"mutationEnd" : 691		},		{			"operatorDescription" : "Replace #< with #>",			"class" : "PMBDF3Solver",			"operatorClass" : "ReplaceLessWithGreaterMutantOperator",			"mutationStart" : 1183,			"method" : "solve:startState:startTime:endTime:",			"mutationEnd" : 1200		},		{			"operatorDescription" : "Replace #and: argument with [true]",			"class" : "PMBDF3Solver",			"operatorClass" : "ReplaceAndArgumentWithTrueOperator",			"mutationStart" : 340,			"method" : "solve:startState:startTime:endTime:",			"mutationEnd" : 386		},		{			"operatorDescription" : "Replace #and: argument with [true]",			"class" : "PMBDF3Solver",			"operatorClass" : "ReplaceAndArgumentWithTrueOperator",			"mutationStart" : 646,			"method" : "solve:startState:startTime:endTime:",			"mutationEnd" : 692		},		{			"operatorDescription" : "Replace #and: argument with [true]",			"class" : "PMBDF3Solver",			"operatorClass" : "ReplaceAndArgumentWithTrueOperator",			"mutationStart" : 1155,			"method" : "solve:startState:startTime:endTime:",			"mutationEnd" : 1201		},		{			"operatorDescription" : "Replace #and: with #bEqv:",			"class" : "PMBDF3Solver",			"operatorClass" : "ReplaceAndWithEqvMutantOperator",			"mutationStart" : 340,			"method" : "solve:startState:startTime:endTime:",			"mutationEnd" : 386		},		{			"operatorDescription" : "Replace #and: with #bEqv:",			"class" : "PMBDF3Solver",			"operatorClass" : "ReplaceAndWithEqvMutantOperator",			"mutationStart" : 646,			"method" : "solve:startState:startTime:endTime:",			"mutationEnd" : 692		},		{			"operatorDescription" : "Replace #and: with #bEqv:",			"class" : "PMBDF3Solver",			"operatorClass" : "ReplaceAndWithEqvMutantOperator",			"mutationStart" : 1155,			"method" : "solve:startState:startTime:endTime:",			"mutationEnd" : 1201		},		{			"operatorDescription" : "Replace #and: with false",			"class" : "PMBDF3Solver",			"operatorClass" : "ReplaceAndWithFalseOperator",			"mutationStart" : 340,			"method" : "solve:startState:startTime:endTime:",			"mutationEnd" : 386		},		{			"operatorDescription" : "Replace #and: with false",			"class" : "PMBDF3Solver",			"operatorClass" : "ReplaceAndWithFalseOperator",			"mutationStart" : 646,			"method" : "solve:startState:startTime:endTime:",			"mutationEnd" : 692		},		{			"operatorDescription" : "Replace #and: with false",			"class" : "PMBDF3Solver",			"operatorClass" : "ReplaceAndWithFalseOperator",			"mutationStart" : 1155,			"method" : "solve:startState:startTime:endTime:",			"mutationEnd" : 1201		},		{			"operatorDescription" : "Replace #ifTrue: receiver with false",			"class" : "PMBDF3Solver",			"operatorClass" : "ReplaceIfTrueReceiverWithFalseOperator",			"mutationStart" : 340,			"method" : "solve:startState:startTime:endTime:",			"mutationEnd" : 450		},		{			"operatorDescription" : "Replace #ifTrue: receiver with false",			"class" : "PMBDF3Solver",			"operatorClass" : "ReplaceIfTrueReceiverWithFalseOperator",			"mutationStart" : 646,			"method" : "solve:startState:startTime:endTime:",			"mutationEnd" : 834		},		{			"operatorDescription" : "Replace #ifTrue: receiver with false",			"class" : "PMBDF3Solver",			"operatorClass" : "ReplaceIfTrueReceiverWithFalseOperator",			"mutationStart" : 1155,			"method" : "solve:startState:startTime:endTime:",			"mutationEnd" : 1371		},		{			"operatorDescription" : "Replace #ifTrue: receiver with true",			"class" : "PMBDF3Solver",			"operatorClass" : "ReplaceIfTrueReceiverWithTrueOperator",			"mutationStart" : 456,			"method" : "solve:startState:startTime:endTime:",			"mutationEnd" : 2134		},		{			"operatorDescription" : "Replace #ifTrue: receiver with true",			"class" : "PMBDF3Solver",			"operatorClass" : "ReplaceIfTrueReceiverWithTrueOperator",			"mutationStart" : 1381,			"method" : "solve:startState:startTime:endTime:",			"mutationEnd" : 2132		},		{			"operatorDescription" : "Replace #or: argument with [false]",			"class" : "PMBDF3Solver",			"operatorClass" : "ReplaceOrArgumentWithFalseOperator",			"mutationStart" : 1837,			"method" : "solve:startState:startTime:endTime:",			"mutationEnd" : 1934		},		{			"operatorDescription" : "Replace #or: with #bXor:",			"class" : "PMBDF3Solver",			"operatorClass" : "ReplaceOrWithXorMutantOperator",			"mutationStart" : 1837,			"method" : "solve:startState:startTime:endTime:",			"mutationEnd" : 1934		},		{			"operatorDescription" : "Replace #or: with true",			"class" : "PMBDF3Solver",			"operatorClass" : "ReplaceOrWithTrueOperator",			"mutationStart" : 1837,			"method" : "solve:startState:startTime:endTime:",			"mutationEnd" : 1934		},		{			"operatorDescription" : "Replace #+ with #-",			"class" : "PMBDF3Solver",			"operatorClass" : "ReplacePlusWithMinusMutantOperator",			"mutationStart" : 161,			"method" : "secondStepPrevState:startTime:",			"mutationEnd" : 171		}	],	"mutationScoreAfter" : 64,	"mutationScoreBefore" : 64,	"testAmpLoc" : 0,	"amplifiedMethods" : [ ],	"testLoc" : "74",	"amplifiedClass" : "PMBDF3SolverTest147",	"numberOfAllMutationsInOriginal" : 82,	"targetLoc" : 101,	"newCovered" : [ ],	"timeBudgetFinished" : false,	"notCoveredInOriginal" : [		{			"operatorDescription" : "Replace #+ with #-",			"class" : "PMBDF3Solver",			"operatorClass" : "ReplacePlusWithMinusMutantOperator",			"mutationStart" : 662,			"method" : "mainStepsPrevState:prevPrevState:startTime:endTime:",			"mutationEnd" : 675		},		{			"operatorDescription" : "Replace #'<=' with true",			"class" : "PMBDF3Solver",			"operatorClass" : "ReplaceLessOrEqualWithTrueOperator",			"mutationStart" : 456,			"method" : "solve:startState:startTime:endTime:",			"mutationEnd" : 476		},		{			"operatorDescription" : "Replace #'<=' with true",			"class" : "PMBDF3Solver",			"operatorClass" : "ReplaceLessOrEqualWithTrueOperator",			"mutationStart" : 1381,			"method" : "solve:startState:startTime:endTime:",			"mutationEnd" : 1401		},		{			"operatorDescription" : "Replace #+ with #-",			"class" : "PMBDF3Solver",			"operatorClass" : "ReplacePlusWithMinusMutantOperator",			"mutationStart" : 341,			"method" : "solve:startState:startTime:endTime:",			"mutationEnd" : 351		},		{			"operatorDescription" : "Replace #+ with #-",			"class" : "PMBDF3Solver",			"operatorClass" : "ReplacePlusWithMinusMutantOperator",			"mutationStart" : 456,			"method" : "solve:startState:startTime:endTime:",			"mutationEnd" : 466		},		{			"operatorDescription" : "Replace #+ with #-",			"class" : "PMBDF3Solver",			"operatorClass" : "ReplacePlusWithMinusMutantOperator",			"mutationStart" : 647,			"method" : "solve:startState:startTime:endTime:",			"mutationEnd" : 657		},		{			"operatorDescription" : "Replace #+ with #-",			"class" : "PMBDF3Solver",			"operatorClass" : "ReplacePlusWithMinusMutantOperator",			"mutationStart" : 1156,			"method" : "solve:startState:startTime:endTime:",			"mutationEnd" : 1166		},		{			"operatorDescription" : "Replace #+ with #-",			"class" : "PMBDF3Solver",			"operatorClass" : "ReplacePlusWithMinusMutantOperator",			"mutationStart" : 1381,			"method" : "solve:startState:startTime:endTime:",			"mutationEnd" : 1391		},		{			"operatorDescription" : "Replace #< with #>",			"class" : "PMBDF3Solver",			"operatorClass" : "ReplaceLessWithGreaterMutantOperator",			"mutationStart" : 368,			"method" : "solve:startState:startTime:endTime:",			"mutationEnd" : 385		},		{			"operatorDescription" : "Replace #< with #>",			"class" : "PMBDF3Solver",			"operatorClass" : "ReplaceLessWithGreaterMutantOperator",			"mutationStart" : 674,			"method" : "solve:startState:startTime:endTime:",			"mutationEnd" : 691		},		{			"operatorDescription" : "Replace #< with #>",			"class" : "PMBDF3Solver",			"operatorClass" : "ReplaceLessWithGreaterMutantOperator",			"mutationStart" : 1183,			"method" : "solve:startState:startTime:endTime:",			"mutationEnd" : 1200		},		{			"operatorDescription" : "Replace #and: argument with [true]",			"class" : "PMBDF3Solver",			"operatorClass" : "ReplaceAndArgumentWithTrueOperator",			"mutationStart" : 340,			"method" : "solve:startState:startTime:endTime:",			"mutationEnd" : 386		},		{			"operatorDescription" : "Replace #and: argument with [true]",			"class" : "PMBDF3Solver",			"operatorClass" : "ReplaceAndArgumentWithTrueOperator",			"mutationStart" : 646,			"method" : "solve:startState:startTime:endTime:",			"mutationEnd" : 692		},		{			"operatorDescription" : "Replace #and: argument with [true]",			"class" : "PMBDF3Solver",			"operatorClass" : "ReplaceAndArgumentWithTrueOperator",			"mutationStart" : 1155,			"method" : "solve:startState:startTime:endTime:",			"mutationEnd" : 1201		},		{			"operatorDescription" : "Replace #and: with #bEqv:",			"class" : "PMBDF3Solver",			"operatorClass" : "ReplaceAndWithEqvMutantOperator",			"mutationStart" : 340,			"method" : "solve:startState:startTime:endTime:",			"mutationEnd" : 386		},		{			"operatorDescription" : "Replace #and: with #bEqv:",			"class" : "PMBDF3Solver",			"operatorClass" : "ReplaceAndWithEqvMutantOperator",			"mutationStart" : 646,			"method" : "solve:startState:startTime:endTime:",			"mutationEnd" : 692		},		{			"operatorDescription" : "Replace #and: with #bEqv:",			"class" : "PMBDF3Solver",			"operatorClass" : "ReplaceAndWithEqvMutantOperator",			"mutationStart" : 1155,			"method" : "solve:startState:startTime:endTime:",			"mutationEnd" : 1201		},		{			"operatorDescription" : "Replace #and: with false",			"class" : "PMBDF3Solver",			"operatorClass" : "ReplaceAndWithFalseOperator",			"mutationStart" : 340,			"method" : "solve:startState:startTime:endTime:",			"mutationEnd" : 386		},		{			"operatorDescription" : "Replace #and: with false",			"class" : "PMBDF3Solver",			"operatorClass" : "ReplaceAndWithFalseOperator",			"mutationStart" : 646,			"method" : "solve:startState:startTime:endTime:",			"mutationEnd" : 692		},		{			"operatorDescription" : "Replace #and: with false",			"class" : "PMBDF3Solver",			"operatorClass" : "ReplaceAndWithFalseOperator",			"mutationStart" : 1155,			"method" : "solve:startState:startTime:endTime:",			"mutationEnd" : 1201		},		{			"operatorDescription" : "Replace #ifTrue: receiver with false",			"class" : "PMBDF3Solver",			"operatorClass" : "ReplaceIfTrueReceiverWithFalseOperator",			"mutationStart" : 340,			"method" : "solve:startState:startTime:endTime:",			"mutationEnd" : 450		},		{			"operatorDescription" : "Replace #ifTrue: receiver with false",			"class" : "PMBDF3Solver",			"operatorClass" : "ReplaceIfTrueReceiverWithFalseOperator",			"mutationStart" : 646,			"method" : "solve:startState:startTime:endTime:",			"mutationEnd" : 834		},		{			"operatorDescription" : "Replace #ifTrue: receiver with false",			"class" : "PMBDF3Solver",			"operatorClass" : "ReplaceIfTrueReceiverWithFalseOperator",			"mutationStart" : 1155,			"method" : "solve:startState:startTime:endTime:",			"mutationEnd" : 1371		},		{			"operatorDescription" : "Replace #ifTrue: receiver with true",			"class" : "PMBDF3Solver",			"operatorClass" : "ReplaceIfTrueReceiverWithTrueOperator",			"mutationStart" : 456,			"method" : "solve:startState:startTime:endTime:",			"mutationEnd" : 2134		},		{			"operatorDescription" : "Replace #ifTrue: receiver with true",			"class" : "PMBDF3Solver",			"operatorClass" : "ReplaceIfTrueReceiverWithTrueOperator",			"mutationStart" : 1381,			"method" : "solve:startState:startTime:endTime:",			"mutationEnd" : 2132		},		{			"operatorDescription" : "Replace #or: argument with [false]",			"class" : "PMBDF3Solver",			"operatorClass" : "ReplaceOrArgumentWithFalseOperator",			"mutationStart" : 1837,			"method" : "solve:startState:startTime:endTime:",			"mutationEnd" : 1934		},		{			"operatorDescription" : "Replace #or: with #bXor:",			"class" : "PMBDF3Solver",			"operatorClass" : "ReplaceOrWithXorMutantOperator",			"mutationStart" : 1837,			"method" : "solve:startState:startTime:endTime:",			"mutationEnd" : 1934		},		{			"operatorDescription" : "Replace #or: with true",			"class" : "PMBDF3Solver",			"operatorClass" : "ReplaceOrWithTrueOperator",			"mutationStart" : 1837,			"method" : "solve:startState:startTime:endTime:",			"mutationEnd" : 1934		},		{			"operatorDescription" : "Replace #+ with #-",			"class" : "PMBDF3Solver",			"operatorClass" : "ReplacePlusWithMinusMutantOperator",			"mutationStart" : 161,			"method" : "secondStepPrevState:startTime:",			"mutationEnd" : 171		}	],	"testCase" : "PMBDF3SolverTest",	"unixtime" : 1605022365,	"timeTotal" : 117}