{	"targetClasses" : [		"PMBDF2Stepper"	],	"testMethodsIgnored" : [ ],	"methodsNotProfiled" : [ ],	"numberOfOriginalTestMethods" : 5,	"timeDetail" : [		"init: % 0.78 (2 seconds 155 milliseconds)",		"assertionAmplification: % 27.57 (1 minute 16 seconds 15 milliseconds)",		"selection: % 14.64 (40 seconds 358 milliseconds)",		"inputAmplification: % 56.77 (2 minutes 36 seconds 518 milliseconds)",		"finalize: % 0.24 (658 milliseconds)"	],	"notCoveredInAmplified" : [		{			"operatorDescription" : "Replace #ifTrue: receiver with false",			"class" : "PMBDF2Stepper",			"operatorClass" : "ReplaceIfTrueReceiverWithFalseOperator",			"mutationStart" : 67,			"method" : "doStep:prevState:time:",			"mutationEnd" : 143		}	],	"mutationScoreAfter" : 94,	"mutationScoreBefore" : 94,	"testAmpLoc" : 0,	"amplifiedMethods" : [ ],	"testLoc" : "94",	"amplifiedClass" : "PMBDF2StepperTest245",	"numberOfAllMutationsInOriginal" : 18,	"targetLoc" : 15,	"newCovered" : [ ],	"timeBudgetFinished" : false,	"notCoveredInOriginal" : [		{			"operatorDescription" : "Replace #ifTrue: receiver with false",			"class" : "PMBDF2Stepper",			"operatorClass" : "ReplaceIfTrueReceiverWithFalseOperator",			"mutationStart" : 67,			"method" : "doStep:prevState:time:",			"mutationEnd" : 143		}	],	"testCase" : "PMBDF2StepperTest",	"unixtime" : 1605024319,	"timeTotal" : 275}