{	"targetClasses" : [		"PMBDF3Stepper"	],	"testMethodsIgnored" : [ ],	"methodsNotProfiled" : [ ],	"numberOfOriginalTestMethods" : 4,	"timeDetail" : [		"init: % 0.97 (255 milliseconds)",		"assertionAmplification: % 58.02 (15 seconds 256 milliseconds)",		"selection: % 6.51 (1 second 711 milliseconds)",		"inputAmplification: % 33.55 (8 seconds 821 milliseconds)",		"finalize: % 0.96 (253 milliseconds)"	],	"notCoveredInAmplified" : [		{			"operatorDescription" : "Replace #ifTrue: receiver with false",			"class" : "PMBDF3Stepper",			"operatorClass" : "ReplaceIfTrueReceiverWithFalseOperator",			"mutationStart" : 97,			"method" : "doStep:prevState:prevPrevState:time:",			"mutationEnd" : 173		}	],	"mutationScoreAfter" : 95,	"mutationScoreBefore" : 95,	"testAmpLoc" : 0,	"amplifiedMethods" : [ ],	"testLoc" : "58",	"amplifiedClass" : "PMBDF3StepperTest203",	"numberOfAllMutationsInOriginal" : 21,	"targetLoc" : 15,	"newCovered" : [ ],	"timeBudgetFinished" : false,	"notCoveredInOriginal" : [		{			"operatorDescription" : "Replace #ifTrue: receiver with false",			"class" : "PMBDF3Stepper",			"operatorClass" : "ReplaceIfTrueReceiverWithFalseOperator",			"mutationStart" : 97,			"method" : "doStep:prevState:prevPrevState:time:",			"mutationEnd" : 173		}	],	"testCase" : "PMBDF3StepperTest",	"unixtime" : 1605009945,	"timeTotal" : 26}