{	"targetClasses" : [		"PMBDF4Solver"	],	"testMethodsIgnored" : [ ],	"methodsNotProfiled" : [ ],	"numberOfOriginalTestMethods" : 3,	"timeDetail" : [		"init: % 7.85 (5 seconds 610 milliseconds)",		"assertionAmplification: % 32.15 (22 seconds 984 milliseconds)",		"selection: % 24.26 (17 seconds 341 milliseconds)",		"inputAmplification: % 31.90 (22 seconds 805 milliseconds)",		"finalize: % 3.85 (2 seconds 749 milliseconds)"	],	"notCoveredInAmplified" : [		{			"operatorDescription" : "Replace #+ with #-",			"class" : "PMBDF4Solver",			"operatorClass" : "ReplacePlusWithMinusMutantOperator",			"mutationStart" : 837,			"method" : "mainStepsPrevState:prevPrevState:initState:startTime:endTime:",			"mutationEnd" : 850		},		{			"operatorDescription" : "Replace #+ with #-",			"class" : "PMBDF4Solver",			"operatorClass" : "ReplacePlusWithMinusMutantOperator",			"mutationStart" : 260,			"method" : "thirdStepPrevState:prevPrevState:startTime:",			"mutationEnd" : 270		},		{			"operatorDescription" : "Replace #'<=' with #<",			"class" : "PMBDF4Solver",			"operatorClass" : "ReplaceLessOrEqualWithLessMutantOperator",			"mutationStart" : 874,			"method" : "solve:startState:startTime:endTime:",			"mutationEnd" : 897		},		{			"operatorDescription" : "Replace #'<=' with true",			"class" : "PMBDF4Solver",			"operatorClass" : "ReplaceLessOrEqualWithTrueOperator",			"mutationStart" : 469,			"method" : "solve:startState:startTime:endTime:",			"mutationEnd" : 492		},		{			"operatorDescription" : "Replace #'<=' with true",			"class" : "PMBDF4Solver",			"operatorClass" : "ReplaceLessOrEqualWithTrueOperator",			"mutationStart" : 874,			"method" : "solve:startState:startTime:endTime:",			"mutationEnd" : 897		},		{			"operatorDescription" : "Replace #'<=' with true",			"class" : "PMBDF4Solver",			"operatorClass" : "ReplaceLessOrEqualWithTrueOperator",			"mutationStart" : 1467,			"method" : "solve:startState:startTime:endTime:",			"mutationEnd" : 1490		},		{			"operatorDescription" : "Replace #+ with #-",			"class" : "PMBDF4Solver",			"operatorClass" : "ReplacePlusWithMinusMutantOperator",			"mutationStart" : 469,			"method" : "solve:startState:startTime:endTime:",			"mutationEnd" : 481		},		{			"operatorDescription" : "Replace #+ with #-",			"class" : "PMBDF4Solver",			"operatorClass" : "ReplacePlusWithMinusMutantOperator",			"mutationStart" : 667,			"method" : "solve:startState:startTime:endTime:",			"mutationEnd" : 679		},		{			"operatorDescription" : "Replace #+ with #-",			"class" : "PMBDF4Solver",			"operatorClass" : "ReplacePlusWithMinusMutantOperator",			"mutationStart" : 874,			"method" : "solve:startState:startTime:endTime:",			"mutationEnd" : 886		},		{			"operatorDescription" : "Replace #+ with #-",			"class" : "PMBDF4Solver",			"operatorClass" : "ReplacePlusWithMinusMutantOperator",			"mutationStart" : 1204,			"method" : "solve:startState:startTime:endTime:",			"mutationEnd" : 1216		},		{			"operatorDescription" : "Replace #+ with #-",			"class" : "PMBDF4Solver",			"operatorClass" : "ReplacePlusWithMinusMutantOperator",			"mutationStart" : 1467,			"method" : "solve:startState:startTime:endTime:",			"mutationEnd" : 1479		},		{			"operatorDescription" : "Replace #< with #>",			"class" : "PMBDF4Solver",			"operatorClass" : "ReplaceLessWithGreaterMutantOperator",			"mutationStart" : 696,			"method" : "solve:startState:startTime:endTime:",			"mutationEnd" : 713		},		{			"operatorDescription" : "Replace #< with #>",			"class" : "PMBDF4Solver",			"operatorClass" : "ReplaceLessWithGreaterMutantOperator",			"mutationStart" : 1233,			"method" : "solve:startState:startTime:endTime:",			"mutationEnd" : 1250		},		{			"operatorDescription" : "Replace #and: argument with [true]",			"class" : "PMBDF4Solver",			"operatorClass" : "ReplaceAndArgumentWithTrueOperator",			"mutationStart" : 348,			"method" : "solve:startState:startTime:endTime:",			"mutationEnd" : 396		},		{			"operatorDescription" : "Replace #and: argument with [true]",			"class" : "PMBDF4Solver",			"operatorClass" : "ReplaceAndArgumentWithTrueOperator",			"mutationStart" : 666,			"method" : "solve:startState:startTime:endTime:",			"mutationEnd" : 714		},		{			"operatorDescription" : "Replace #and: argument with [true]",			"class" : "PMBDF4Solver",			"operatorClass" : "ReplaceAndArgumentWithTrueOperator",			"mutationStart" : 1203,			"method" : "solve:startState:startTime:endTime:",			"mutationEnd" : 1251		},		{			"operatorDescription" : "Replace #and: argument with [true]",			"class" : "PMBDF4Solver",			"operatorClass" : "ReplaceAndArgumentWithTrueOperator",			"mutationStart" : 1937,			"method" : "solve:startState:startTime:endTime:",			"mutationEnd" : 1985		},		{			"operatorDescription" : "Replace #and: with #bEqv:",			"class" : "PMBDF4Solver",			"operatorClass" : "ReplaceAndWithEqvMutantOperator",			"mutationStart" : 348,			"method" : "solve:startState:startTime:endTime:",			"mutationEnd" : 396		},		{			"operatorDescription" : "Replace #and: with #bEqv:",			"class" : "PMBDF4Solver",			"operatorClass" : "ReplaceAndWithEqvMutantOperator",			"mutationStart" : 666,			"method" : "solve:startState:startTime:endTime:",			"mutationEnd" : 714		},		{			"operatorDescription" : "Replace #and: with #bEqv:",			"class" : "PMBDF4Solver",			"operatorClass" : "ReplaceAndWithEqvMutantOperator",			"mutationStart" : 1203,			"method" : "solve:startState:startTime:endTime:",			"mutationEnd" : 1251		},		{			"operatorDescription" : "Replace #and: with #bEqv:",			"class" : "PMBDF4Solver",			"operatorClass" : "ReplaceAndWithEqvMutantOperator",			"mutationStart" : 1937,			"method" : "solve:startState:startTime:endTime:",			"mutationEnd" : 1985		},		{			"operatorDescription" : "Replace #and: with false",			"class" : "PMBDF4Solver",			"operatorClass" : "ReplaceAndWithFalseOperator",			"mutationStart" : 666,			"method" : "solve:startState:startTime:endTime:",			"mutationEnd" : 714		},		{			"operatorDescription" : "Replace #and: with false",			"class" : "PMBDF4Solver",			"operatorClass" : "ReplaceAndWithFalseOperator",			"mutationStart" : 1203,			"method" : "solve:startState:startTime:endTime:",			"mutationEnd" : 1251		},		{			"operatorDescription" : "Replace #ifTrue: receiver with false",			"class" : "PMBDF4Solver",			"operatorClass" : "ReplaceIfTrueReceiverWithFalseOperator",			"mutationStart" : 666,			"method" : "solve:startState:startTime:endTime:",			"mutationEnd" : 864		},		{			"operatorDescription" : "Replace #ifTrue: receiver with false",			"class" : "PMBDF4Solver",			"operatorClass" : "ReplaceIfTrueReceiverWithFalseOperator",			"mutationStart" : 1203,			"method" : "solve:startState:startTime:endTime:",			"mutationEnd" : 1451		},		{			"operatorDescription" : "Replace #ifTrue: receiver with true",			"class" : "PMBDF4Solver",			"operatorClass" : "ReplaceIfTrueReceiverWithTrueOperator",			"mutationStart" : 469,			"method" : "solve:startState:startTime:endTime:",			"mutationEnd" : 3144		},		{			"operatorDescription" : "Replace #ifTrue: receiver with true",			"class" : "PMBDF4Solver",			"operatorClass" : "ReplaceIfTrueReceiverWithTrueOperator",			"mutationStart" : 874,			"method" : "solve:startState:startTime:endTime:",			"mutationEnd" : 3142		},		{			"operatorDescription" : "Replace #ifTrue: receiver with true",			"class" : "PMBDF4Solver",			"operatorClass" : "ReplaceIfTrueReceiverWithTrueOperator",			"mutationStart" : 1467,			"method" : "solve:startState:startTime:endTime:",			"mutationEnd" : 3140		},		{			"operatorDescription" : "Replace #or: argument with [false]",			"class" : "PMBDF4Solver",			"operatorClass" : "ReplaceOrArgumentWithFalseOperator",			"mutationStart" : 2814,			"method" : "solve:startState:startTime:endTime:",			"mutationEnd" : 2908		},		{			"operatorDescription" : "Replace #or: with #bXor:",			"class" : "PMBDF4Solver",			"operatorClass" : "ReplaceOrWithXorMutantOperator",			"mutationStart" : 2814,			"method" : "solve:startState:startTime:endTime:",			"mutationEnd" : 2908		},		{			"operatorDescription" : "Replace #or: with true",			"class" : "PMBDF4Solver",			"operatorClass" : "ReplaceOrWithTrueOperator",			"mutationStart" : 2814,			"method" : "solve:startState:startTime:endTime:",			"mutationEnd" : 2908		}	],	"mutationScoreAfter" : 69,	"mutationScoreBefore" : 65,	"testAmpLoc" : 50,	"amplifiedMethods" : [		"PMBDF4SolverTest159>>#testSimpleSystem2_amp_D6_L12_A33",		"PMBDF4SolverTest159>>#testSimpleSystem2_amp_A28_L30"	],	"testLoc" : "82",	"amplifiedClass" : "PMBDF4SolverTest159",	"numberOfAllMutationsInOriginal" : 102,	"targetLoc" : 148,	"newCovered" : [		{			"operatorDescription" : "Replace #'<=' with #<",			"class" : "PMBDF4Solver",			"operatorClass" : "ReplaceLessOrEqualWithLessMutantOperator",			"mutationStart" : 469,			"method" : "solve:startState:startTime:endTime:",			"mutationEnd" : 492		},		{			"operatorDescription" : "Replace #+ with #-",			"class" : "PMBDF4Solver",			"operatorClass" : "ReplacePlusWithMinusMutantOperator",			"mutationStart" : 349,			"method" : "solve:startState:startTime:endTime:",			"mutationEnd" : 361		},		{			"operatorDescription" : "Replace #< with #>",			"class" : "PMBDF4Solver",			"operatorClass" : "ReplaceLessWithGreaterMutantOperator",			"mutationStart" : 378,			"method" : "solve:startState:startTime:endTime:",			"mutationEnd" : 395		},		{			"operatorDescription" : "Replace #and: receiver with true",			"class" : "PMBDF4Solver",			"operatorClass" : "ReplaceAndReceiverWithTrueOperator",			"mutationStart" : 1937,			"method" : "solve:startState:startTime:endTime:",			"mutationEnd" : 1985		},		{			"operatorDescription" : "Replace #and: with false",			"class" : "PMBDF4Solver",			"operatorClass" : "ReplaceAndWithFalseOperator",			"mutationStart" : 348,			"method" : "solve:startState:startTime:endTime:",			"mutationEnd" : 396		},		{			"operatorDescription" : "Replace #ifTrue: receiver with false",			"class" : "PMBDF4Solver",			"operatorClass" : "ReplaceIfTrueReceiverWithFalseOperator",			"mutationStart" : 348,			"method" : "solve:startState:startTime:endTime:",			"mutationEnd" : 462		}	],	"timeBudgetFinished" : false,	"notCoveredInOriginal" : [		{			"operatorDescription" : "Replace #+ with #-",			"class" : "PMBDF4Solver",			"operatorClass" : "ReplacePlusWithMinusMutantOperator",			"mutationStart" : 837,			"method" : "mainStepsPrevState:prevPrevState:initState:startTime:endTime:",			"mutationEnd" : 850		},		{			"operatorDescription" : "Replace #+ with #-",			"class" : "PMBDF4Solver",			"operatorClass" : "ReplacePlusWithMinusMutantOperator",			"mutationStart" : 260,			"method" : "thirdStepPrevState:prevPrevState:startTime:",			"mutationEnd" : 270		},		{			"operatorDescription" : "Replace #'<=' with #<",			"class" : "PMBDF4Solver",			"operatorClass" : "ReplaceLessOrEqualWithLessMutantOperator",			"mutationStart" : 469,			"method" : "solve:startState:startTime:endTime:",			"mutationEnd" : 492		},		{			"operatorDescription" : "Replace #'<=' with #<",			"class" : "PMBDF4Solver",			"operatorClass" : "ReplaceLessOrEqualWithLessMutantOperator",			"mutationStart" : 874,			"method" : "solve:startState:startTime:endTime:",			"mutationEnd" : 897		},		{			"operatorDescription" : "Replace #'<=' with true",			"class" : "PMBDF4Solver",			"operatorClass" : "ReplaceLessOrEqualWithTrueOperator",			"mutationStart" : 469,			"method" : "solve:startState:startTime:endTime:",			"mutationEnd" : 492		},		{			"operatorDescription" : "Replace #'<=' with true",			"class" : "PMBDF4Solver",			"operatorClass" : "ReplaceLessOrEqualWithTrueOperator",			"mutationStart" : 874,			"method" : "solve:startState:startTime:endTime:",			"mutationEnd" : 897		},		{			"operatorDescription" : "Replace #'<=' with true",			"class" : "PMBDF4Solver",			"operatorClass" : "ReplaceLessOrEqualWithTrueOperator",			"mutationStart" : 1467,			"method" : "solve:startState:startTime:endTime:",			"mutationEnd" : 1490		},		{			"operatorDescription" : "Replace #+ with #-",			"class" : "PMBDF4Solver",			"operatorClass" : "ReplacePlusWithMinusMutantOperator",			"mutationStart" : 349,			"method" : "solve:startState:startTime:endTime:",			"mutationEnd" : 361		},		{			"operatorDescription" : "Replace #+ with #-",			"class" : "PMBDF4Solver",			"operatorClass" : "ReplacePlusWithMinusMutantOperator",			"mutationStart" : 469,			"method" : "solve:startState:startTime:endTime:",			"mutationEnd" : 481		},		{			"operatorDescription" : "Replace #+ with #-",			"class" : "PMBDF4Solver",			"operatorClass" : "ReplacePlusWithMinusMutantOperator",			"mutationStart" : 667,			"method" : "solve:startState:startTime:endTime:",			"mutationEnd" : 679		},		{			"operatorDescription" : "Replace #+ with #-",			"class" : "PMBDF4Solver",			"operatorClass" : "ReplacePlusWithMinusMutantOperator",			"mutationStart" : 874,			"method" : "solve:startState:startTime:endTime:",			"mutationEnd" : 886		},		{			"operatorDescription" : "Replace #+ with #-",			"class" : "PMBDF4Solver",			"operatorClass" : "ReplacePlusWithMinusMutantOperator",			"mutationStart" : 1204,			"method" : "solve:startState:startTime:endTime:",			"mutationEnd" : 1216		},		{			"operatorDescription" : "Replace #+ with #-",			"class" : "PMBDF4Solver",			"operatorClass" : "ReplacePlusWithMinusMutantOperator",			"mutationStart" : 1467,			"method" : "solve:startState:startTime:endTime:",			"mutationEnd" : 1479		},		{			"operatorDescription" : "Replace #< with #>",			"class" : "PMBDF4Solver",			"operatorClass" : "ReplaceLessWithGreaterMutantOperator",			"mutationStart" : 378,			"method" : "solve:startState:startTime:endTime:",			"mutationEnd" : 395		},		{			"operatorDescription" : "Replace #< with #>",			"class" : "PMBDF4Solver",			"operatorClass" : "ReplaceLessWithGreaterMutantOperator",			"mutationStart" : 696,			"method" : "solve:startState:startTime:endTime:",			"mutationEnd" : 713		},		{			"operatorDescription" : "Replace #< with #>",			"class" : "PMBDF4Solver",			"operatorClass" : "ReplaceLessWithGreaterMutantOperator",			"mutationStart" : 1233,			"method" : "solve:startState:startTime:endTime:",			"mutationEnd" : 1250		},		{			"operatorDescription" : "Replace #and: argument with [true]",			"class" : "PMBDF4Solver",			"operatorClass" : "ReplaceAndArgumentWithTrueOperator",			"mutationStart" : 348,			"method" : "solve:startState:startTime:endTime:",			"mutationEnd" : 396		},		{			"operatorDescription" : "Replace #and: argument with [true]",			"class" : "PMBDF4Solver",			"operatorClass" : "ReplaceAndArgumentWithTrueOperator",			"mutationStart" : 666,			"method" : "solve:startState:startTime:endTime:",			"mutationEnd" : 714		},		{			"operatorDescription" : "Replace #and: argument with [true]",			"class" : "PMBDF4Solver",			"operatorClass" : "ReplaceAndArgumentWithTrueOperator",			"mutationStart" : 1203,			"method" : "solve:startState:startTime:endTime:",			"mutationEnd" : 1251		},		{			"operatorDescription" : "Replace #and: with #bEqv:",			"class" : "PMBDF4Solver",			"operatorClass" : "ReplaceAndWithEqvMutantOperator",			"mutationStart" : 348,			"method" : "solve:startState:startTime:endTime:",			"mutationEnd" : 396		},		{			"operatorDescription" : "Replace #and: with #bEqv:",			"class" : "PMBDF4Solver",			"operatorClass" : "ReplaceAndWithEqvMutantOperator",			"mutationStart" : 666,			"method" : "solve:startState:startTime:endTime:",			"mutationEnd" : 714		},		{			"operatorDescription" : "Replace #and: with #bEqv:",			"class" : "PMBDF4Solver",			"operatorClass" : "ReplaceAndWithEqvMutantOperator",			"mutationStart" : 1203,			"method" : "solve:startState:startTime:endTime:",			"mutationEnd" : 1251		},		{			"operatorDescription" : "Replace #and: with #bEqv:",			"class" : "PMBDF4Solver",			"operatorClass" : "ReplaceAndWithEqvMutantOperator",			"mutationStart" : 1937,			"method" : "solve:startState:startTime:endTime:",			"mutationEnd" : 1985		},		{			"operatorDescription" : "Replace #and: with false",			"class" : "PMBDF4Solver",			"operatorClass" : "ReplaceAndWithFalseOperator",			"mutationStart" : 348,			"method" : "solve:startState:startTime:endTime:",			"mutationEnd" : 396		},		{			"operatorDescription" : "Replace #and: with false",			"class" : "PMBDF4Solver",			"operatorClass" : "ReplaceAndWithFalseOperator",			"mutationStart" : 666,			"method" : "solve:startState:startTime:endTime:",			"mutationEnd" : 714		},		{			"operatorDescription" : "Replace #and: with false",			"class" : "PMBDF4Solver",			"operatorClass" : "ReplaceAndWithFalseOperator",			"mutationStart" : 1203,			"method" : "solve:startState:startTime:endTime:",			"mutationEnd" : 1251		},		{			"operatorDescription" : "Replace #ifTrue: receiver with false",			"class" : "PMBDF4Solver",			"operatorClass" : "ReplaceIfTrueReceiverWithFalseOperator",			"mutationStart" : 348,			"method" : "solve:startState:startTime:endTime:",			"mutationEnd" : 462		},		{			"operatorDescription" : "Replace #ifTrue: receiver with false",			"class" : "PMBDF4Solver",			"operatorClass" : "ReplaceIfTrueReceiverWithFalseOperator",			"mutationStart" : 666,			"method" : "solve:startState:startTime:endTime:",			"mutationEnd" : 864		},		{			"operatorDescription" : "Replace #ifTrue: receiver with false",			"class" : "PMBDF4Solver",			"operatorClass" : "ReplaceIfTrueReceiverWithFalseOperator",			"mutationStart" : 1203,			"method" : "solve:startState:startTime:endTime:",			"mutationEnd" : 1451		},		{			"operatorDescription" : "Replace #ifTrue: receiver with true",			"class" : "PMBDF4Solver",			"operatorClass" : "ReplaceIfTrueReceiverWithTrueOperator",			"mutationStart" : 469,			"method" : "solve:startState:startTime:endTime:",			"mutationEnd" : 3144		},		{			"operatorDescription" : "Replace #ifTrue: receiver with true",			"class" : "PMBDF4Solver",			"operatorClass" : "ReplaceIfTrueReceiverWithTrueOperator",			"mutationStart" : 874,			"method" : "solve:startState:startTime:endTime:",			"mutationEnd" : 3142		},		{			"operatorDescription" : "Replace #ifTrue: receiver with true",			"class" : "PMBDF4Solver",			"operatorClass" : "ReplaceIfTrueReceiverWithTrueOperator",			"mutationStart" : 1467,			"method" : "solve:startState:startTime:endTime:",			"mutationEnd" : 3140		},		{			"operatorDescription" : "Replace #or: argument with [false]",			"class" : "PMBDF4Solver",			"operatorClass" : "ReplaceOrArgumentWithFalseOperator",			"mutationStart" : 2814,			"method" : "solve:startState:startTime:endTime:",			"mutationEnd" : 2908		},		{			"operatorDescription" : "Replace #or: with #bXor:",			"class" : "PMBDF4Solver",			"operatorClass" : "ReplaceOrWithXorMutantOperator",			"mutationStart" : 2814,			"method" : "solve:startState:startTime:endTime:",			"mutationEnd" : 2908		},		{			"operatorDescription" : "Replace #or: with true",			"class" : "PMBDF4Solver",			"operatorClass" : "ReplaceOrWithTrueOperator",			"mutationStart" : 2814,			"method" : "solve:startState:startTime:endTime:",			"mutationEnd" : 2908		}	],	"testCase" : "PMBDF4SolverTest",	"unixtime" : 1605022841,	"timeTotal" : 71}