{	"targetClasses" : [		"PMBernoulliGenerator"	],	"testMethodsIgnored" : [ ],	"methodsNotProfiled" : [ ],	"numberOfOriginalTestMethods" : 4,	"timeDetail" : [		"init: % 0.91 (179 milliseconds)",		"assertionAmplification: % 67.30 (13 seconds 278 milliseconds)",		"selection: % 12.68 (2 seconds 502 milliseconds)",		"inputAmplification: % 18.09 (3 seconds 569 milliseconds)",		"finalize: % 1.02 (202 milliseconds)"	],	"notCoveredInAmplified" : [		{			"operatorDescription" : "Replace #and: with #bEqv:",			"class" : "PMBernoulliGenerator class",			"operatorClass" : "ReplaceAndWithEqvMutantOperator",			"mutationStart" : 90,			"method" : "validProbability:",			"mutationEnd" : 139		}	],	"mutationScoreAfter" : 94,	"mutationScoreBefore" : 76,	"testAmpLoc" : 79,	"amplifiedMethods" : [		"PMBernoulliGeneratorTest183>>#testNextYieldsOneOrZero_amp_A1_L1",		"PMBernoulliGeneratorTest183>>#testNextYieldsOneOrZero_amp_T0_T2_L0",		"PMBernoulliGeneratorTest183>>#testOneProbabilityGivesOneNext_amp_T1_A2_A3"	],	"testLoc" : "21",	"amplifiedClass" : "PMBernoulliGeneratorTest183",	"numberOfAllMutationsInOriginal" : 17,	"targetLoc" : 29,	"newCovered" : [		{			"operatorDescription" : "Replace #and: argument with [true]",			"class" : "PMBernoulliGenerator class",			"operatorClass" : "ReplaceAndArgumentWithTrueOperator",			"mutationStart" : 90,			"method" : "validProbability:",			"mutationEnd" : 139		},		{			"operatorDescription" : "Replace #and: receiver with true",			"class" : "PMBernoulliGenerator class",			"operatorClass" : "ReplaceAndReceiverWithTrueOperator",			"mutationStart" : 90,			"method" : "validProbability:",			"mutationEnd" : 139		},		{			"operatorDescription" : "Replace #and: with #or:",			"class" : "PMBernoulliGenerator class",			"operatorClass" : "ReplaceAndWithOrMutantOperator",			"mutationStart" : 90,			"method" : "validProbability:",			"mutationEnd" : 139		}	],	"timeBudgetFinished" : false,	"notCoveredInOriginal" : [		{			"operatorDescription" : "Replace #and: argument with [true]",			"class" : "PMBernoulliGenerator class",			"operatorClass" : "ReplaceAndArgumentWithTrueOperator",			"mutationStart" : 90,			"method" : "validProbability:",			"mutationEnd" : 139		},		{			"operatorDescription" : "Replace #and: receiver with true",			"class" : "PMBernoulliGenerator class",			"operatorClass" : "ReplaceAndReceiverWithTrueOperator",			"mutationStart" : 90,			"method" : "validProbability:",			"mutationEnd" : 139		},		{			"operatorDescription" : "Replace #and: with #bEqv:",			"class" : "PMBernoulliGenerator class",			"operatorClass" : "ReplaceAndWithEqvMutantOperator",			"mutationStart" : 90,			"method" : "validProbability:",			"mutationEnd" : 139		},		{			"operatorDescription" : "Replace #and: with #or:",			"class" : "PMBernoulliGenerator class",			"operatorClass" : "ReplaceAndWithOrMutantOperator",			"mutationStart" : 90,			"method" : "validProbability:",			"mutationEnd" : 139		}	],	"testCase" : "PMBernoulliGeneratorTest",	"unixtime" : 1604998414,	"timeTotal" : 19}