{	"targetClasses" : [		"PMBinomialGenerator"	],	"testMethodsIgnored" : [ ],	"methodsNotProfiled" : [ ],	"numberOfOriginalTestMethods" : 3,	"timeDetail" : [		"init: % 0.54 (1 second 616 milliseconds)",		"assertionAmplification: % 82.99 (4 minutes 6 seconds 595 milliseconds)",		"selection: % 3.94 (11 seconds 703 milliseconds)",		"inputAmplification: % 12.28 (36 seconds 497 milliseconds)",		"finalize: % 0.24 (717 milliseconds)"	],	"notCoveredInAmplified" : [		{			"operatorDescription" : "Replace #'<=' with #<",			"class" : "PMBinomialGenerator",			"operatorClass" : "ReplaceLessOrEqualWithLessMutantOperator",			"mutationStart" : 53,			"method" : "next",			"mutationEnd" : 93		}	],	"mutationScoreAfter" : 91,	"mutationScoreBefore" : 83,	"testAmpLoc" : 87,	"amplifiedMethods" : [		"PMBinomialGeneratorTest136>>#testBinomialGeneratorWithSuccessProbabilityOfOneAlwaysReturnNumberOfTrials_amp"	],	"testLoc" : "41",	"amplifiedClass" : "PMBinomialGeneratorTest136",	"numberOfAllMutationsInOriginal" : 12,	"targetLoc" : 24,	"newCovered" : [		{			"operatorDescription" : "Replace #* with #/",			"class" : "PMBinomialGenerator",			"operatorClass" : "ReplaceMultiplicationWithDivisionMutantOperator",			"mutationStart" : 18,			"method" : "expectedValue",			"mutationEnd" : 45		}	],	"timeBudgetFinished" : false,	"notCoveredInOriginal" : [		{			"operatorDescription" : "Replace #* with #/",			"class" : "PMBinomialGenerator",			"operatorClass" : "ReplaceMultiplicationWithDivisionMutantOperator",			"mutationStart" : 18,			"method" : "expectedValue",			"mutationEnd" : 45		},		{			"operatorDescription" : "Replace #'<=' with #<",			"class" : "PMBinomialGenerator",			"operatorClass" : "ReplaceLessOrEqualWithLessMutantOperator",			"mutationStart" : 53,			"method" : "next",			"mutationEnd" : 93		}	],	"testCase" : "PMBinomialGeneratorTest",	"unixtime" : 1604999621,	"timeTotal" : 297}