{	"targetClasses" : [		"PMClusterFinder"	],	"testMethodsIgnored" : [ ],	"methodsNotProfiled" : [		"PMClusterFinder>>#printOn:"	],	"numberOfOriginalTestMethods" : 3,	"timeDetail" : [		"init: % 0.51 (2 seconds 310 milliseconds)",		"assertionAmplification: % 52.49 (3 minutes 57 seconds 423 milliseconds)",		"selection: % 28.95 (2 minutes 10 seconds 924 milliseconds)",		"inputAmplification: % 15.47 (1 minute 9 seconds 970 milliseconds)",		"finalize: % 2.58 (11 seconds 678 milliseconds)"	],	"notCoveredInAmplified" : [		{			"operatorDescription" : "Replace do block with [:each |]",			"class" : "PMClusterFinder",			"operatorClass" : "ReplaceDoBlockWithEmptyBlockOperator",			"mutationStart" : 88,			"method" : "printOn:",			"mutationEnd" : 143		},		{			"operatorDescription" : "Remove ^",			"class" : "PMClusterFinder",			"operatorClass" : "RemoveCaretOperator",			"mutationStart" : 218,			"method" : "initialize:server:type:",			"mutationEnd" : 222		},		{			"operatorDescription" : "Replace #/ with #*",			"class" : "PMClusterFinder",			"operatorClass" : "ReplaceDivisionWithMultiplicationMutantOperator",			"mutationStart" : 402,			"method" : "collectChangesAndResetClusters",			"mutationEnd" : 412		},		{			"operatorDescription" : "Replace #ifTrue: receiver with true",			"class" : "PMClusterFinder",			"operatorClass" : "ReplaceIfTrueReceiverWithTrueOperator",			"mutationStart" : 313,			"method" : "collectChangesAndResetClusters",			"mutationEnd" : 396		}	],	"mutationScoreAfter" : 86,	"mutationScoreBefore" : 79,	"testAmpLoc" : 144,	"amplifiedMethods" : [		"PMClusterFinderTest144>>#testClusterCovariance_amp",		"PMClusterFinderTest144>>#testClusterCovariance_amp_L0_D2"	],	"testLoc" : "57",	"amplifiedClass" : "PMClusterFinderTest144",	"numberOfAllMutationsInOriginal" : 29,	"targetLoc" : 77,	"newCovered" : [		{			"operatorDescription" : "Replace #ifTrue: receiver with true",			"class" : "PMClusterFinder",			"operatorClass" : "ReplaceIfTrueReceiverWithTrueOperator",			"mutationStart" : 65,			"method" : "initializeIterations",			"mutationEnd" : 123		},		{			"operatorDescription" : "Replace #+ with #-",			"class" : "PMClusterFinder",			"operatorClass" : "ReplacePlusWithMinusMutantOperator",			"mutationStart" : 147,			"method" : "collectChangesAndResetClusters",			"mutationEnd" : 168		}	],	"timeBudgetFinished" : false,	"notCoveredInOriginal" : [		{			"operatorDescription" : "Replace do block with [:each |]",			"class" : "PMClusterFinder",			"operatorClass" : "ReplaceDoBlockWithEmptyBlockOperator",			"mutationStart" : 88,			"method" : "printOn:",			"mutationEnd" : 143		},		{			"operatorDescription" : "Remove ^",			"class" : "PMClusterFinder",			"operatorClass" : "RemoveCaretOperator",			"mutationStart" : 218,			"method" : "initialize:server:type:",			"mutationEnd" : 222		},		{			"operatorDescription" : "Replace #ifTrue: receiver with true",			"class" : "PMClusterFinder",			"operatorClass" : "ReplaceIfTrueReceiverWithTrueOperator",			"mutationStart" : 65,			"method" : "initializeIterations",			"mutationEnd" : 123		},		{			"operatorDescription" : "Replace #+ with #-",			"class" : "PMClusterFinder",			"operatorClass" : "ReplacePlusWithMinusMutantOperator",			"mutationStart" : 147,			"method" : "collectChangesAndResetClusters",			"mutationEnd" : 168		},		{			"operatorDescription" : "Replace #/ with #*",			"class" : "PMClusterFinder",			"operatorClass" : "ReplaceDivisionWithMultiplicationMutantOperator",			"mutationStart" : 402,			"method" : "collectChangesAndResetClusters",			"mutationEnd" : 412		},		{			"operatorDescription" : "Replace #ifTrue: receiver with true",			"class" : "PMClusterFinder",			"operatorClass" : "ReplaceIfTrueReceiverWithTrueOperator",			"mutationStart" : 313,			"method" : "collectChangesAndResetClusters",			"mutationEnd" : 396		}	],	"testCase" : "PMClusterFinderTest",	"unixtime" : 1605009802,	"timeTotal" : 452}