{	"targetClasses" : [		"PMComplex"	],	"testMethodsIgnored" : [ ],	"methodsNotProfiled" : [		"PMComplex>>#adaptToQuaternion:andSend:",		"PMComplex>>#printOn:"	],	"numberOfOriginalTestMethods" : 52,	"timeDetail" : [		"init: % 1.74 (57 seconds 779 milliseconds)",		"assertionAmplification: % 38.80 (21 minutes 29 seconds 119 milliseconds)",		"selection: % 12.76 (7 minutes 3 seconds 884 milliseconds)",		"inputAmplification: % 45.03 (24 minutes 56 seconds 5 milliseconds)",		"finalize: % 1.67 (55 seconds 390 milliseconds)"	],	"notCoveredInAmplified" : [		{			"operatorDescription" : "Remove ^",			"class" : "PMComplex",			"operatorClass" : "RemoveCaretOperator",			"mutationStart" : 376,			"method" : "raisedTo:",			"mutationEnd" : 411		},		{			"operatorDescription" : "Replace #ifTrue:ifFalse: receiver with false",			"class" : "PMComplex",			"operatorClass" : "ReplaceIfTrueIfFalseReceiverWithFalseOperator",			"mutationStart" : 352,			"method" : "raisedTo:",			"mutationEnd" : 433		},		{			"operatorDescription" : "Remove ^",			"class" : "PMComplex",			"operatorClass" : "RemoveCaretOperator",			"mutationStart" : 448,			"method" : "raisedToInteger:",			"mutationEnd" : 463		},		{			"operatorDescription" : "Replace #ifTrue: receiver with false",			"class" : "PMComplex",			"operatorClass" : "ReplaceIfTrueReceiverWithFalseOperator",			"mutationStart" : 427,			"method" : "raisedToInteger:",			"mutationEnd" : 464		},		{			"operatorDescription" : "Replace #* with #/",			"class" : "PMComplex",			"operatorClass" : "ReplaceMultiplicationWithDivisionMutantOperator",			"mutationStart" : 689,			"method" : "divideSecureBy:",			"mutationEnd" : 695		},		{			"operatorDescription" : "Replace #+ with #-",			"class" : "PMComplex",			"operatorClass" : "ReplacePlusWithMinusMutantOperator",			"mutationStart" : 434,			"method" : "divideSecureBy:",			"mutationEnd" : 475		},		{			"operatorDescription" : "Replace #< with #>",			"class" : "PMComplex",			"operatorClass" : "ReplaceLessWithGreaterMutantOperator",			"mutationStart" : 429,			"method" : "arcTan:",			"mutationEnd" : 448		},		{			"operatorDescription" : "Replace #max: with #min:",			"class" : "PMComplex",			"operatorClass" : "ReplaceMaxWithMinMutantOperator",			"mutationStart" : 133,			"method" : "absSecure",			"mutationEnd" : 159		},		{			"operatorDescription" : "Replace #'<=' with true",			"class" : "PMComplex",			"operatorClass" : "ReplaceLessOrEqualWithTrueOperator",			"mutationStart" : 78,			"method" : "printOn:",			"mutationEnd" : 91		},		{			"operatorDescription" : "Replace #ifTrue:ifFalse: receiver with true",			"class" : "PMComplex",			"operatorClass" : "ReplaceIfTrueIfFalseReceiverWithTrueOperator",			"mutationStart" : 78,			"method" : "printOn:",			"mutationEnd" : 156		},		{			"operatorDescription" : "Replace #* with #/",			"class" : "PMComplex class",			"operatorClass" : "ReplaceMultiplicationWithDivisionMutantOperator",			"mutationStart" : 81,			"method" : "abs:arg:",			"mutationEnd" : 103		}	],	"mutationScoreAfter" : 96,	"mutationScoreBefore" : 74,	"testAmpLoc" : 1116,	"amplifiedMethods" : [		"PMComplexTest2545>>#testSubtractToPolynomial_amp_T34_A157_A35",		"PMComplexTest2545>>#testAddPolynomial_amp_T35_L2_A7",		"PMComplexTest2545>>#testSecureDivision2_amp_T44",		"PMComplexTest2545>>#testSecureDivision2_amp_A111_T48",		"PMComplexTest2545>>#testAdding_amp_A85",		"PMComplexTest2545>>#testSubtractToPolynomial_amp_T34_A147",		"PMComplexTest2545>>#testNumberAsComplex_amp_T31_A3",		"PMComplexTest2545>>#testSquared_amp_T18",		"PMComplexTest2545>>#testAbs_amp_T19_T27_A280",		"PMComplexTest2545>>#testAdding_amp_U0_A42",		"PMComplexTest2545>>#testAdding_amp_A100",		"PMComplexTest2545>>#testSecureDivision2_amp_T40",		"PMComplexTest2545>>#testSquared_amp_T18_A83_A18",		"PMComplexTest2545>>#testAbs_amp_T28_A4",		"PMComplexTest2545>>#testAbs_amp_T32_T8_A38",		"PMComplexTest2545>>#testAbs_amp_T26",		"PMComplexTest2545>>#testSecureDivision2_amp_A2_T2",		"PMComplexTest2545>>#testAbs_amp_T16_A55_A154",		"PMComplexTest2545>>#testAdding_amp_A8_A132_A78",		"PMComplexTest2545>>#testAbs_amp_T16_A9",		"PMComplexTest2545>>#testArg_amp_T20_T23",		"PMComplexTest2545>>#testRaisedTo_amp_T27_A82",		"PMComplexTest2545>>#testAbsSecure_amp_T23_A36",		"PMComplexTest2545>>#testAddPolynomial_amp_T15_T40_T38"	],	"testLoc" : "395",	"amplifiedClass" : "PMComplexTest2545",	"numberOfAllMutationsInOriginal" : 354,	"targetLoc" : 454,	"newCovered" : [		{			"operatorDescription" : "Remove ^",			"class" : "PMComplex",			"operatorClass" : "RemoveCaretOperator",			"mutationStart" : 27,			"method" : "k",			"mutationEnd" : 91		},		{			"operatorDescription" : "Remove ^",			"class" : "PMComplex",			"operatorClass" : "RemoveCaretOperator",			"mutationStart" : 14,			"method" : "absSquared",			"mutationEnd" : 72		},		{			"operatorDescription" : "Replace #* with #/",			"class" : "PMComplex",			"operatorClass" : "ReplaceMultiplicationWithDivisionMutantOperator",			"mutationStart" : 16,			"method" : "absSquared",			"mutationEnd" : 36		},		{			"operatorDescription" : "Replace #* with #/",			"class" : "PMComplex",			"operatorClass" : "ReplaceMultiplicationWithDivisionMutantOperator",			"mutationStart" : 40,			"method" : "absSquared",			"mutationEnd" : 72		},		{			"operatorDescription" : "Replace #+ with #-",			"class" : "PMComplex",			"operatorClass" : "ReplacePlusWithMinusMutantOperator",			"mutationStart" : 16,			"method" : "absSquared",			"mutationEnd" : 72		},		{			"operatorDescription" : "Replace #ifTrue: receiver with false",			"class" : "PMComplex",			"operatorClass" : "ReplaceIfTrueReceiverWithFalseOperator",			"mutationStart" : 47,			"method" : "arg",			"mutationEnd" : 103		},		{			"operatorDescription" : "Remove ^",			"class" : "PMComplex",			"operatorClass" : "RemoveCaretOperator",			"mutationStart" : 326,			"method" : "arcSin",			"mutationEnd" : 367		},		{			"operatorDescription" : "Replace #* with #/",			"class" : "PMComplex",			"operatorClass" : "ReplaceMultiplicationWithDivisionMutantOperator",			"mutationStart" : 193,			"method" : "arcSin",			"mutationEnd" : 216		},		{			"operatorDescription" : "Remove ^",			"class" : "PMComplex",			"operatorClass" : "RemoveCaretOperator",			"mutationStart" : 554,			"method" : "arCosh",			"mutationEnd" : 585		},		{			"operatorDescription" : "Remove ^",			"class" : "PMComplex",			"operatorClass" : "RemoveCaretOperator",			"mutationStart" : 601,			"method" : "arCosh",			"mutationEnd" : 642		},		{			"operatorDescription" : "Replace #ifTrue: receiver with false",			"class" : "PMComplex",			"operatorClass" : "ReplaceIfTrueReceiverWithFalseOperator",			"mutationStart" : 414,			"method" : "arCosh",			"mutationEnd" : 644		},		{			"operatorDescription" : "Remove ^",			"class" : "PMComplex",			"operatorClass" : "RemoveCaretOperator",			"mutationStart" : 134,			"method" : "raisedTo:",			"mutationEnd" : 164		},		{			"operatorDescription" : "Remove ^",			"class" : "PMComplex",			"operatorClass" : "RemoveCaretOperator",			"mutationStart" : 192,			"method" : "raisedTo:",			"mutationEnd" : 207		},		{			"operatorDescription" : "Remove ^",			"class" : "PMComplex",			"operatorClass" : "RemoveCaretOperator",			"mutationStart" : 262,			"method" : "raisedTo:",			"mutationEnd" : 267		},		{			"operatorDescription" : "Remove ^",			"class" : "PMComplex",			"operatorClass" : "RemoveCaretOperator",			"mutationStart" : 427,			"method" : "raisedTo:",			"mutationEnd" : 432		},		{			"operatorDescription" : "Replace #< with #>",			"class" : "PMComplex",			"operatorClass" : "ReplaceLessWithGreaterMutantOperator",			"mutationStart" : 352,			"method" : "raisedTo:",			"mutationEnd" : 362		},		{			"operatorDescription" : "Replace #ifTrue: receiver with false",			"class" : "PMComplex",			"operatorClass" : "ReplaceIfTrueReceiverWithFalseOperator",			"mutationStart" : 64,			"method" : "raisedTo:",			"mutationEnd" : 165		},		{			"operatorDescription" : "Replace #ifTrue: receiver with false",			"class" : "PMComplex",			"operatorClass" : "ReplaceIfTrueReceiverWithFalseOperator",			"mutationStart" : 171,			"method" : "raisedTo:",			"mutationEnd" : 208		},		{			"operatorDescription" : "Replace #ifTrue: receiver with false",			"class" : "PMComplex",			"operatorClass" : "ReplaceIfTrueReceiverWithFalseOperator",			"mutationStart" : 241,			"method" : "raisedTo:",			"mutationEnd" : 268		},		{			"operatorDescription" : "Replace #ifTrue: receiver with false",			"class" : "PMComplex",			"operatorClass" : "ReplaceIfTrueReceiverWithFalseOperator",			"mutationStart" : 301,			"method" : "raisedTo:",			"mutationEnd" : 434		},		{			"operatorDescription" : "Replace #ifTrue:ifFalse: receiver with true",			"class" : "PMComplex",			"operatorClass" : "ReplaceIfTrueIfFalseReceiverWithTrueOperator",			"mutationStart" : 352,			"method" : "raisedTo:",			"mutationEnd" : 433		},		{			"operatorDescription" : "Remove ^",			"class" : "PMComplex",			"operatorClass" : "RemoveCaretOperator",			"mutationStart" : 124,			"method" : "reciprocal",			"mutationEnd" : 159		},		{			"operatorDescription" : "Replace #ifTrue:ifFalse: receiver with false",			"class" : "PMComplex",			"operatorClass" : "ReplaceIfTrueIfFalseReceiverWithFalseOperator",			"mutationStart" : 104,			"method" : "reciprocal",			"mutationEnd" : 183		},		{			"operatorDescription" : "Remove ^",			"class" : "PMComplex",			"operatorClass" : "RemoveCaretOperator",			"mutationStart" : 841,			"method" : "divideFastAndSecureBy:",			"mutationEnd" : 883		},		{			"operatorDescription" : "Replace #* with #/",			"class" : "PMComplex",			"operatorClass" : "ReplaceMultiplicationWithDivisionMutantOperator",			"mutationStart" : 457,			"method" : "divideFastAndSecureBy:",			"mutationEnd" : 476		},		{			"operatorDescription" : "Replace #* with #/",			"class" : "PMComplex",			"operatorClass" : "ReplaceMultiplicationWithDivisionMutantOperator",			"mutationStart" : 509,			"method" : "divideFastAndSecureBy:",			"mutationEnd" : 519		},		{			"operatorDescription" : "Replace #* with #/",			"class" : "PMComplex",			"operatorClass" : "ReplaceMultiplicationWithDivisionMutantOperator",			"mutationStart" : 659,			"method" : "divideFastAndSecureBy:",			"mutationEnd" : 673		},		{			"operatorDescription" : "Replace #* with #/",			"class" : "PMComplex",			"operatorClass" : "ReplaceMultiplicationWithDivisionMutantOperator",			"mutationStart" : 711,			"method" : "divideFastAndSecureBy:",			"mutationEnd" : 716		},		{			"operatorDescription" : "Replace #* with #/",			"class" : "PMComplex",			"operatorClass" : "ReplaceMultiplicationWithDivisionMutantOperator",			"mutationStart" : 752,			"method" : "divideFastAndSecureBy:",			"mutationEnd" : 762		},		{			"operatorDescription" : "Replace #+ with #-",			"class" : "PMComplex",			"operatorClass" : "ReplacePlusWithMinusMutantOperator",			"mutationStart" : 659,			"method" : "divideFastAndSecureBy:",			"mutationEnd" : 694		},		{			"operatorDescription" : "Replace #+ with #-",			"class" : "PMComplex",			"operatorClass" : "ReplacePlusWithMinusMutantOperator",			"mutationStart" : 711,			"method" : "divideFastAndSecureBy:",			"mutationEnd" : 728		},		{			"operatorDescription" : "Replace #- with #+",			"class" : "PMComplex",			"operatorClass" : "ReplaceMinusWithPlusMutantOperator",			"mutationStart" : 752,			"method" : "divideFastAndSecureBy:",			"mutationEnd" : 769		},		{			"operatorDescription" : "Replace #/ with #*",			"class" : "PMComplex",			"operatorClass" : "ReplaceDivisionWithMultiplicationMutantOperator",			"mutationStart" : 550,			"method" : "divideFastAndSecureBy:",			"mutationEnd" : 579		},		{			"operatorDescription" : "Replace #/ with #*",			"class" : "PMComplex",			"operatorClass" : "ReplaceDivisionWithMultiplicationMutantOperator",			"mutationStart" : 615,			"method" : "divideFastAndSecureBy:",			"mutationEnd" : 648		},		{			"operatorDescription" : "Replace #/ with #*",			"class" : "PMComplex",			"operatorClass" : "ReplaceDivisionWithMultiplicationMutantOperator",			"mutationStart" : 711,			"method" : "divideFastAndSecureBy:",			"mutationEnd" : 730		},		{			"operatorDescription" : "Replace #/ with #*",			"class" : "PMComplex",			"operatorClass" : "ReplaceDivisionWithMultiplicationMutantOperator",			"mutationStart" : 752,			"method" : "divideFastAndSecureBy:",			"mutationEnd" : 771		},		{			"operatorDescription" : "Replace #ifTrue: receiver with true",			"class" : "PMComplex",			"operatorClass" : "ReplaceIfTrueReceiverWithTrueOperator",			"mutationStart" : 310,			"method" : "divideFastAndSecureBy:",			"mutationEnd" : 837		},		{			"operatorDescription" : "Replace #ifTrue:ifFalse: receiver with true",			"class" : "PMComplex",			"operatorClass" : "ReplaceIfTrueIfFalseReceiverWithTrueOperator",			"mutationStart" : 346,			"method" : "divideFastAndSecureBy:",			"mutationEnd" : 780		},		{			"operatorDescription" : "Remove ^",			"class" : "PMComplex",			"operatorClass" : "RemoveCaretOperator",			"mutationStart" : 60,			"method" : "hash",			"mutationEnd" : 93		},		{			"operatorDescription" : "Remove ^",			"class" : "PMComplex",			"operatorClass" : "RemoveCaretOperator",			"mutationStart" : 368,			"method" : "raisedToInteger:",			"mutationEnd" : 422		},		{			"operatorDescription" : "Remove ^",			"class" : "PMComplex",			"operatorClass" : "RemoveCaretOperator",			"mutationStart" : 489,			"method" : "raisedToInteger:",			"mutationEnd" : 494		},		{			"operatorDescription" : "Replace #- with #+",			"class" : "PMComplex",			"operatorClass" : "ReplaceMinusWithPlusMutantOperator",			"mutationStart" : 597,			"method" : "raisedToInteger:",			"mutationEnd" : 607		},		{			"operatorDescription" : "Replace #ifFalse: receiver with true",			"class" : "PMComplex",			"operatorClass" : "ReplaceIfFalseReceiverWithTrueOperator",			"mutationStart" : 340,			"method" : "raisedToInteger:",			"mutationEnd" : 423		},		{			"operatorDescription" : "Replace #ifTrue: receiver with false",			"class" : "PMComplex",			"operatorClass" : "ReplaceIfTrueReceiverWithFalseOperator",			"mutationStart" : 468,			"method" : "raisedToInteger:",			"mutationEnd" : 495		},		{			"operatorDescription" : "Remove ^",			"class" : "PMComplex",			"operatorClass" : "RemoveCaretOperator",			"mutationStart" : 7,			"method" : "sign",			"mutationEnd" : 17		},		{			"operatorDescription" : "Remove ^",			"class" : "PMComplex",			"operatorClass" : "RemoveCaretOperator",			"mutationStart" : 767,			"method" : "divideSecureBy:",			"mutationEnd" : 809		},		{			"operatorDescription" : "Replace #* with #/",			"class" : "PMComplex",			"operatorClass" : "ReplaceMultiplicationWithDivisionMutantOperator",			"mutationStart" : 647,			"method" : "divideSecureBy:",			"mutationEnd" : 653		},		{			"operatorDescription" : "Replace #+ with #-",			"class" : "PMComplex",			"operatorClass" : "ReplacePlusWithMinusMutantOperator",			"mutationStart" : 604,			"method" : "divideSecureBy:",			"mutationEnd" : 628		},		{			"operatorDescription" : "Replace #+ with #-",			"class" : "PMComplex",			"operatorClass" : "ReplacePlusWithMinusMutantOperator",			"mutationStart" : 647,			"method" : "divideSecureBy:",			"mutationEnd" : 665		},		{			"operatorDescription" : "Replace #/ with #*",			"class" : "PMComplex",			"operatorClass" : "ReplaceDivisionWithMultiplicationMutantOperator",			"mutationStart" : 647,			"method" : "divideSecureBy:",			"mutationEnd" : 668		},		{			"operatorDescription" : "Replace #/ with #*",			"class" : "PMComplex",			"operatorClass" : "ReplaceDivisionWithMultiplicationMutantOperator",			"mutationStart" : 689,			"method" : "divideSecureBy:",			"mutationEnd" : 709		},		{			"operatorDescription" : "Replace #ifTrue: receiver with true",			"class" : "PMComplex",			"operatorClass" : "ReplaceIfTrueReceiverWithTrueOperator",			"mutationStart" : 393,			"method" : "divideSecureBy:",			"mutationEnd" : 763		},		{			"operatorDescription" : "Remove ^",			"class" : "PMComplex",			"operatorClass" : "RemoveCaretOperator",			"mutationStart" : 126,			"method" : "adaptToQuaternion:andSend:",			"mutationEnd" : 173		},		{			"operatorDescription" : "Remove ^",			"class" : "PMComplex",			"operatorClass" : "RemoveCaretOperator",			"mutationStart" : 27,			"method" : "j",			"mutationEnd" : 83		},		{			"operatorDescription" : "Remove ^",			"class" : "PMComplex",			"operatorClass" : "RemoveCaretOperator",			"mutationStart" : 233,			"method" : "arcTan:",			"mutationEnd" : 264		},		{			"operatorDescription" : "Replace #* with #/",			"class" : "PMComplex",			"operatorClass" : "ReplaceMultiplicationWithDivisionMutantOperator",			"mutationStart" : 533,			"method" : "arcTan:",			"mutationEnd" : 546		},		{			"operatorDescription" : "Replace #+ with #-",			"class" : "PMComplex",			"operatorClass" : "ReplacePlusWithMinusMutantOperator",			"mutationStart" : 466,			"method" : "arcTan:",			"mutationEnd" : 479		},		{			"operatorDescription" : "Replace #- with #+",			"class" : "PMComplex",			"operatorClass" : "ReplaceMinusWithPlusMutantOperator",			"mutationStart" : 527,			"method" : "arcTan:",			"mutationEnd" : 546		},		{			"operatorDescription" : "Replace #/ with #*",			"class" : "PMComplex",			"operatorClass" : "ReplaceDivisionWithMultiplicationMutantOperator",			"mutationStart" : 310,			"method" : "arcTan:",			"mutationEnd" : 340		},		{			"operatorDescription" : "Replace #ifTrue: receiver with false",			"class" : "PMComplex",			"operatorClass" : "ReplaceIfTrueReceiverWithFalseOperator",			"mutationStart" : 429,			"method" : "arcTan:",			"mutationEnd" : 480		},		{			"operatorDescription" : "Replace #ifTrue: receiver with false",			"class" : "PMComplex",			"operatorClass" : "ReplaceIfTrueReceiverWithFalseOperator",			"mutationStart" : 486,			"method" : "arcTan:",			"mutationEnd" : 547		},		{			"operatorDescription" : "Replace #ifTrue:ifFalse: receiver with false",			"class" : "PMComplex",			"operatorClass" : "ReplaceIfTrueIfFalseReceiverWithFalseOperator",			"mutationStart" : 97,			"method" : "arcTan:",			"mutationEnd" : 556		},		{			"operatorDescription" : "Replace #ifTrue:ifFalse: receiver with false",			"class" : "PMComplex",			"operatorClass" : "ReplaceIfTrueIfFalseReceiverWithFalseOperator",			"mutationStart" : 132,			"method" : "arcTan:",			"mutationEnd" : 360		},		{			"operatorDescription" : "Replace #ifTrue:ifFalse: receiver with true",			"class" : "PMComplex",			"operatorClass" : "ReplaceIfTrueIfFalseReceiverWithTrueOperator",			"mutationStart" : 132,			"method" : "arcTan:",			"mutationEnd" : 360		},		{			"operatorDescription" : "Remove ^",			"class" : "PMComplex",			"operatorClass" : "RemoveCaretOperator",			"mutationStart" : 135,			"method" : "sqrt",			"mutationEnd" : 174		},		{			"operatorDescription" : "Replace #'>=' with #=",			"class" : "PMComplex",			"operatorClass" : "ReplaceGreaterOrEqualWithEqualMutantOperator",			"mutationStart" : 112,			"method" : "sqrt",			"mutationEnd" : 120		},		{			"operatorDescription" : "Replace #'>=' with #>",			"class" : "PMComplex",			"operatorClass" : "ReplaceGreaterOrEqualWithGreaterMutantOperator",			"mutationStart" : 112,			"method" : "sqrt",			"mutationEnd" : 120		},		{			"operatorDescription" : "Replace #/ with #*",			"class" : "PMComplex",			"operatorClass" : "ReplaceDivisionWithMultiplicationMutantOperator",			"mutationStart" : 218,			"method" : "sqrt",			"mutationEnd" : 234		},		{			"operatorDescription" : "Replace #/ with #*",			"class" : "PMComplex",			"operatorClass" : "ReplaceDivisionWithMultiplicationMutantOperator",			"mutationStart" : 218,			"method" : "sqrt",			"mutationEnd" : 230		},		{			"operatorDescription" : "Replace #= with #'~='",			"class" : "PMComplex",			"operatorClass" : "ReplaceEqualWithNotEqualOperator",			"mutationStart" : 92,			"method" : "sqrt",			"mutationEnd" : 104		},		{			"operatorDescription" : "Replace #and: receiver with true",			"class" : "PMComplex",			"operatorClass" : "ReplaceAndReceiverWithTrueOperator",			"mutationStart" : 91,			"method" : "sqrt",			"mutationEnd" : 122		},		{			"operatorDescription" : "Replace #and: with #bEqv:",			"class" : "PMComplex",			"operatorClass" : "ReplaceAndWithEqvMutantOperator",			"mutationStart" : 91,			"method" : "sqrt",			"mutationEnd" : 122		},		{			"operatorDescription" : "Replace #and: with false",			"class" : "PMComplex",			"operatorClass" : "ReplaceAndWithFalseOperator",			"mutationStart" : 91,			"method" : "sqrt",			"mutationEnd" : 122		},		{			"operatorDescription" : "Replace #ifTrue: receiver with false",			"class" : "PMComplex",			"operatorClass" : "ReplaceIfTrueReceiverWithFalseOperator",			"mutationStart" : 91,			"method" : "sqrt",			"mutationEnd" : 175		},		{			"operatorDescription" : "Remove ^",			"class" : "PMComplex",			"operatorClass" : "RemoveCaretOperator",			"mutationStart" : 15,			"method" : "asQuaternion",			"mutationEnd" : 71		},		{			"operatorDescription" : "Replace #ifTrue:ifFalse: receiver with false",			"class" : "PMComplex",			"operatorClass" : "ReplaceIfTrueIfFalseReceiverWithFalseOperator",			"mutationStart" : 164,			"method" : "absSecure",			"mutationEnd" : 293		},		{			"operatorDescription" : "Remove ^",			"class" : "PMComplex",			"operatorClass" : "RemoveCaretOperator",			"mutationStart" : 331,			"method" : "arcCos",			"mutationEnd" : 372		},		{			"operatorDescription" : "Replace #'<=' with #<",			"class" : "PMComplex",			"operatorClass" : "ReplaceLessOrEqualWithLessMutantOperator",			"mutationStart" : 78,			"method" : "printOn:",			"mutationEnd" : 91		},		{			"operatorDescription" : "Replace #'<=' with #=",			"class" : "PMComplex",			"operatorClass" : "ReplaceLessOrEqualWithEqualMutantOperator",			"mutationStart" : 78,			"method" : "printOn:",			"mutationEnd" : 91		},		{			"operatorDescription" : "Replace #'<=' with #>",			"class" : "PMComplex",			"operatorClass" : "ReplaceLessOrEqualWithGreaterMutantOperator",			"mutationStart" : 78,			"method" : "printOn:",			"mutationEnd" : 91		},		{			"operatorDescription" : "Replace #ifTrue:ifFalse: receiver with false",			"class" : "PMComplex",			"operatorClass" : "ReplaceIfTrueIfFalseReceiverWithFalseOperator",			"mutationStart" : 78,			"method" : "printOn:",			"mutationEnd" : 156		},		{			"operatorDescription" : "Replace #* with #/",			"class" : "PMComplex class",			"operatorClass" : "ReplaceMultiplicationWithDivisionMutantOperator",			"mutationStart" : 93,			"method" : "random",			"mutationEnd" : 111		}	],	"timeBudgetFinished" : false,	"notCoveredInOriginal" : [		{			"operatorDescription" : "Remove ^",			"class" : "PMComplex",			"operatorClass" : "RemoveCaretOperator",			"mutationStart" : 27,			"method" : "k",			"mutationEnd" : 91		},		{			"operatorDescription" : "Remove ^",			"class" : "PMComplex",			"operatorClass" : "RemoveCaretOperator",			"mutationStart" : 14,			"method" : "absSquared",			"mutationEnd" : 72		},		{			"operatorDescription" : "Replace #* with #/",			"class" : "PMComplex",			"operatorClass" : "ReplaceMultiplicationWithDivisionMutantOperator",			"mutationStart" : 16,			"method" : "absSquared",			"mutationEnd" : 36		},		{			"operatorDescription" : "Replace #* with #/",			"class" : "PMComplex",			"operatorClass" : "ReplaceMultiplicationWithDivisionMutantOperator",			"mutationStart" : 40,			"method" : "absSquared",			"mutationEnd" : 72		},		{			"operatorDescription" : "Replace #+ with #-",			"class" : "PMComplex",			"operatorClass" : "ReplacePlusWithMinusMutantOperator",			"mutationStart" : 16,			"method" : "absSquared",			"mutationEnd" : 72		},		{			"operatorDescription" : "Replace #ifTrue: receiver with false",			"class" : "PMComplex",			"operatorClass" : "ReplaceIfTrueReceiverWithFalseOperator",			"mutationStart" : 47,			"method" : "arg",			"mutationEnd" : 103		},		{			"operatorDescription" : "Remove ^",			"class" : "PMComplex",			"operatorClass" : "RemoveCaretOperator",			"mutationStart" : 326,			"method" : "arcSin",			"mutationEnd" : 367		},		{			"operatorDescription" : "Replace #* with #/",			"class" : "PMComplex",			"operatorClass" : "ReplaceMultiplicationWithDivisionMutantOperator",			"mutationStart" : 193,			"method" : "arcSin",			"mutationEnd" : 216		},		{			"operatorDescription" : "Remove ^",			"class" : "PMComplex",			"operatorClass" : "RemoveCaretOperator",			"mutationStart" : 554,			"method" : "arCosh",			"mutationEnd" : 585		},		{			"operatorDescription" : "Remove ^",			"class" : "PMComplex",			"operatorClass" : "RemoveCaretOperator",			"mutationStart" : 601,			"method" : "arCosh",			"mutationEnd" : 642		},		{			"operatorDescription" : "Replace #ifTrue: receiver with false",			"class" : "PMComplex",			"operatorClass" : "ReplaceIfTrueReceiverWithFalseOperator",			"mutationStart" : 414,			"method" : "arCosh",			"mutationEnd" : 644		},		{			"operatorDescription" : "Remove ^",			"class" : "PMComplex",			"operatorClass" : "RemoveCaretOperator",			"mutationStart" : 134,			"method" : "raisedTo:",			"mutationEnd" : 164		},		{			"operatorDescription" : "Remove ^",			"class" : "PMComplex",			"operatorClass" : "RemoveCaretOperator",			"mutationStart" : 192,			"method" : "raisedTo:",			"mutationEnd" : 207		},		{			"operatorDescription" : "Remove ^",			"class" : "PMComplex",			"operatorClass" : "RemoveCaretOperator",			"mutationStart" : 262,			"method" : "raisedTo:",			"mutationEnd" : 267		},		{			"operatorDescription" : "Remove ^",			"class" : "PMComplex",			"operatorClass" : "RemoveCaretOperator",			"mutationStart" : 376,			"method" : "raisedTo:",			"mutationEnd" : 411		},		{			"operatorDescription" : "Remove ^",			"class" : "PMComplex",			"operatorClass" : "RemoveCaretOperator",			"mutationStart" : 427,			"method" : "raisedTo:",			"mutationEnd" : 432		},		{			"operatorDescription" : "Replace #< with #>",			"class" : "PMComplex",			"operatorClass" : "ReplaceLessWithGreaterMutantOperator",			"mutationStart" : 352,			"method" : "raisedTo:",			"mutationEnd" : 362		},		{			"operatorDescription" : "Replace #ifTrue: receiver with false",			"class" : "PMComplex",			"operatorClass" : "ReplaceIfTrueReceiverWithFalseOperator",			"mutationStart" : 64,			"method" : "raisedTo:",			"mutationEnd" : 165		},		{			"operatorDescription" : "Replace #ifTrue: receiver with false",			"class" : "PMComplex",			"operatorClass" : "ReplaceIfTrueReceiverWithFalseOperator",			"mutationStart" : 171,			"method" : "raisedTo:",			"mutationEnd" : 208		},		{			"operatorDescription" : "Replace #ifTrue: receiver with false",			"class" : "PMComplex",			"operatorClass" : "ReplaceIfTrueReceiverWithFalseOperator",			"mutationStart" : 241,			"method" : "raisedTo:",			"mutationEnd" : 268		},		{			"operatorDescription" : "Replace #ifTrue: receiver with false",			"class" : "PMComplex",			"operatorClass" : "ReplaceIfTrueReceiverWithFalseOperator",			"mutationStart" : 301,			"method" : "raisedTo:",			"mutationEnd" : 434		},		{			"operatorDescription" : "Replace #ifTrue:ifFalse: receiver with false",			"class" : "PMComplex",			"operatorClass" : "ReplaceIfTrueIfFalseReceiverWithFalseOperator",			"mutationStart" : 352,			"method" : "raisedTo:",			"mutationEnd" : 433		},		{			"operatorDescription" : "Replace #ifTrue:ifFalse: receiver with true",			"class" : "PMComplex",			"operatorClass" : "ReplaceIfTrueIfFalseReceiverWithTrueOperator",			"mutationStart" : 352,			"method" : "raisedTo:",			"mutationEnd" : 433		},		{			"operatorDescription" : "Remove ^",			"class" : "PMComplex",			"operatorClass" : "RemoveCaretOperator",			"mutationStart" : 124,			"method" : "reciprocal",			"mutationEnd" : 159		},		{			"operatorDescription" : "Replace #ifTrue:ifFalse: receiver with false",			"class" : "PMComplex",			"operatorClass" : "ReplaceIfTrueIfFalseReceiverWithFalseOperator",			"mutationStart" : 104,			"method" : "reciprocal",			"mutationEnd" : 183		},		{			"operatorDescription" : "Remove ^",			"class" : "PMComplex",			"operatorClass" : "RemoveCaretOperator",			"mutationStart" : 841,			"method" : "divideFastAndSecureBy:",			"mutationEnd" : 883		},		{			"operatorDescription" : "Replace #* with #/",			"class" : "PMComplex",			"operatorClass" : "ReplaceMultiplicationWithDivisionMutantOperator",			"mutationStart" : 457,			"method" : "divideFastAndSecureBy:",			"mutationEnd" : 476		},		{			"operatorDescription" : "Replace #* with #/",			"class" : "PMComplex",			"operatorClass" : "ReplaceMultiplicationWithDivisionMutantOperator",			"mutationStart" : 509,			"method" : "divideFastAndSecureBy:",			"mutationEnd" : 519		},		{			"operatorDescription" : "Replace #* with #/",			"class" : "PMComplex",			"operatorClass" : "ReplaceMultiplicationWithDivisionMutantOperator",			"mutationStart" : 659,			"method" : "divideFastAndSecureBy:",			"mutationEnd" : 673		},		{			"operatorDescription" : "Replace #* with #/",			"class" : "PMComplex",			"operatorClass" : "ReplaceMultiplicationWithDivisionMutantOperator",			"mutationStart" : 711,			"method" : "divideFastAndSecureBy:",			"mutationEnd" : 716		},		{			"operatorDescription" : "Replace #* with #/",			"class" : "PMComplex",			"operatorClass" : "ReplaceMultiplicationWithDivisionMutantOperator",			"mutationStart" : 752,			"method" : "divideFastAndSecureBy:",			"mutationEnd" : 762		},		{			"operatorDescription" : "Replace #+ with #-",			"class" : "PMComplex",			"operatorClass" : "ReplacePlusWithMinusMutantOperator",			"mutationStart" : 659,			"method" : "divideFastAndSecureBy:",			"mutationEnd" : 694		},		{			"operatorDescription" : "Replace #+ with #-",			"class" : "PMComplex",			"operatorClass" : "ReplacePlusWithMinusMutantOperator",			"mutationStart" : 711,			"method" : "divideFastAndSecureBy:",			"mutationEnd" : 728		},		{			"operatorDescription" : "Replace #- with #+",			"class" : "PMComplex",			"operatorClass" : "ReplaceMinusWithPlusMutantOperator",			"mutationStart" : 752,			"method" : "divideFastAndSecureBy:",			"mutationEnd" : 769		},		{			"operatorDescription" : "Replace #/ with #*",			"class" : "PMComplex",			"operatorClass" : "ReplaceDivisionWithMultiplicationMutantOperator",			"mutationStart" : 550,			"method" : "divideFastAndSecureBy:",			"mutationEnd" : 579		},		{			"operatorDescription" : "Replace #/ with #*",			"class" : "PMComplex",			"operatorClass" : "ReplaceDivisionWithMultiplicationMutantOperator",			"mutationStart" : 615,			"method" : "divideFastAndSecureBy:",			"mutationEnd" : 648		},		{			"operatorDescription" : "Replace #/ with #*",			"class" : "PMComplex",			"operatorClass" : "ReplaceDivisionWithMultiplicationMutantOperator",			"mutationStart" : 711,			"method" : "divideFastAndSecureBy:",			"mutationEnd" : 730		},		{			"operatorDescription" : "Replace #/ with #*",			"class" : "PMComplex",			"operatorClass" : "ReplaceDivisionWithMultiplicationMutantOperator",			"mutationStart" : 752,			"method" : "divideFastAndSecureBy:",			"mutationEnd" : 771		},		{			"operatorDescription" : "Replace #ifTrue: receiver with true",			"class" : "PMComplex",			"operatorClass" : "ReplaceIfTrueReceiverWithTrueOperator",			"mutationStart" : 310,			"method" : "divideFastAndSecureBy:",			"mutationEnd" : 837		},		{			"operatorDescription" : "Replace #ifTrue:ifFalse: receiver with true",			"class" : "PMComplex",			"operatorClass" : "ReplaceIfTrueIfFalseReceiverWithTrueOperator",			"mutationStart" : 346,			"method" : "divideFastAndSecureBy:",			"mutationEnd" : 780		},		{			"operatorDescription" : "Remove ^",			"class" : "PMComplex",			"operatorClass" : "RemoveCaretOperator",			"mutationStart" : 60,			"method" : "hash",			"mutationEnd" : 93		},		{			"operatorDescription" : "Remove ^",			"class" : "PMComplex",			"operatorClass" : "RemoveCaretOperator",			"mutationStart" : 368,			"method" : "raisedToInteger:",			"mutationEnd" : 422		},		{			"operatorDescription" : "Remove ^",			"class" : "PMComplex",			"operatorClass" : "RemoveCaretOperator",			"mutationStart" : 448,			"method" : "raisedToInteger:",			"mutationEnd" : 463		},		{			"operatorDescription" : "Remove ^",			"class" : "PMComplex",			"operatorClass" : "RemoveCaretOperator",			"mutationStart" : 489,			"method" : "raisedToInteger:",			"mutationEnd" : 494		},		{			"operatorDescription" : "Replace #- with #+",			"class" : "PMComplex",			"operatorClass" : "ReplaceMinusWithPlusMutantOperator",			"mutationStart" : 597,			"method" : "raisedToInteger:",			"mutationEnd" : 607		},		{			"operatorDescription" : "Replace #ifFalse: receiver with true",			"class" : "PMComplex",			"operatorClass" : "ReplaceIfFalseReceiverWithTrueOperator",			"mutationStart" : 340,			"method" : "raisedToInteger:",			"mutationEnd" : 423		},		{			"operatorDescription" : "Replace #ifTrue: receiver with false",			"class" : "PMComplex",			"operatorClass" : "ReplaceIfTrueReceiverWithFalseOperator",			"mutationStart" : 427,			"method" : "raisedToInteger:",			"mutationEnd" : 464		},		{			"operatorDescription" : "Replace #ifTrue: receiver with false",			"class" : "PMComplex",			"operatorClass" : "ReplaceIfTrueReceiverWithFalseOperator",			"mutationStart" : 468,			"method" : "raisedToInteger:",			"mutationEnd" : 495		},		{			"operatorDescription" : "Remove ^",			"class" : "PMComplex",			"operatorClass" : "RemoveCaretOperator",			"mutationStart" : 7,			"method" : "sign",			"mutationEnd" : 17		},		{			"operatorDescription" : "Remove ^",			"class" : "PMComplex",			"operatorClass" : "RemoveCaretOperator",			"mutationStart" : 767,			"method" : "divideSecureBy:",			"mutationEnd" : 809		},		{			"operatorDescription" : "Replace #* with #/",			"class" : "PMComplex",			"operatorClass" : "ReplaceMultiplicationWithDivisionMutantOperator",			"mutationStart" : 647,			"method" : "divideSecureBy:",			"mutationEnd" : 653		},		{			"operatorDescription" : "Replace #* with #/",			"class" : "PMComplex",			"operatorClass" : "ReplaceMultiplicationWithDivisionMutantOperator",			"mutationStart" : 689,			"method" : "divideSecureBy:",			"mutationEnd" : 695		},		{			"operatorDescription" : "Replace #+ with #-",			"class" : "PMComplex",			"operatorClass" : "ReplacePlusWithMinusMutantOperator",			"mutationStart" : 434,			"method" : "divideSecureBy:",			"mutationEnd" : 475		},		{			"operatorDescription" : "Replace #+ with #-",			"class" : "PMComplex",			"operatorClass" : "ReplacePlusWithMinusMutantOperator",			"mutationStart" : 604,			"method" : "divideSecureBy:",			"mutationEnd" : 628		},		{			"operatorDescription" : "Replace #+ with #-",			"class" : "PMComplex",			"operatorClass" : "ReplacePlusWithMinusMutantOperator",			"mutationStart" : 647,			"method" : "divideSecureBy:",			"mutationEnd" : 665		},		{			"operatorDescription" : "Replace #/ with #*",			"class" : "PMComplex",			"operatorClass" : "ReplaceDivisionWithMultiplicationMutantOperator",			"mutationStart" : 647,			"method" : "divideSecureBy:",			"mutationEnd" : 668		},		{			"operatorDescription" : "Replace #/ with #*",			"class" : "PMComplex",			"operatorClass" : "ReplaceDivisionWithMultiplicationMutantOperator",			"mutationStart" : 689,			"method" : "divideSecureBy:",			"mutationEnd" : 709		},		{			"operatorDescription" : "Replace #ifTrue: receiver with true",			"class" : "PMComplex",			"operatorClass" : "ReplaceIfTrueReceiverWithTrueOperator",			"mutationStart" : 393,			"method" : "divideSecureBy:",			"mutationEnd" : 763		},		{			"operatorDescription" : "Remove ^",			"class" : "PMComplex",			"operatorClass" : "RemoveCaretOperator",			"mutationStart" : 126,			"method" : "adaptToQuaternion:andSend:",			"mutationEnd" : 173		},		{			"operatorDescription" : "Remove ^",			"class" : "PMComplex",			"operatorClass" : "RemoveCaretOperator",			"mutationStart" : 27,			"method" : "j",			"mutationEnd" : 83		},		{			"operatorDescription" : "Remove ^",			"class" : "PMComplex",			"operatorClass" : "RemoveCaretOperator",			"mutationStart" : 233,			"method" : "arcTan:",			"mutationEnd" : 264		},		{			"operatorDescription" : "Replace #* with #/",			"class" : "PMComplex",			"operatorClass" : "ReplaceMultiplicationWithDivisionMutantOperator",			"mutationStart" : 533,			"method" : "arcTan:",			"mutationEnd" : 546		},		{			"operatorDescription" : "Replace #+ with #-",			"class" : "PMComplex",			"operatorClass" : "ReplacePlusWithMinusMutantOperator",			"mutationStart" : 466,			"method" : "arcTan:",			"mutationEnd" : 479		},		{			"operatorDescription" : "Replace #- with #+",			"class" : "PMComplex",			"operatorClass" : "ReplaceMinusWithPlusMutantOperator",			"mutationStart" : 527,			"method" : "arcTan:",			"mutationEnd" : 546		},		{			"operatorDescription" : "Replace #/ with #*",			"class" : "PMComplex",			"operatorClass" : "ReplaceDivisionWithMultiplicationMutantOperator",			"mutationStart" : 310,			"method" : "arcTan:",			"mutationEnd" : 340		},		{			"operatorDescription" : "Replace #< with #>",			"class" : "PMComplex",			"operatorClass" : "ReplaceLessWithGreaterMutantOperator",			"mutationStart" : 429,			"method" : "arcTan:",			"mutationEnd" : 448		},		{			"operatorDescription" : "Replace #ifTrue: receiver with false",			"class" : "PMComplex",			"operatorClass" : "ReplaceIfTrueReceiverWithFalseOperator",			"mutationStart" : 429,			"method" : "arcTan:",			"mutationEnd" : 480		},		{			"operatorDescription" : "Replace #ifTrue: receiver with false",			"class" : "PMComplex",			"operatorClass" : "ReplaceIfTrueReceiverWithFalseOperator",			"mutationStart" : 486,			"method" : "arcTan:",			"mutationEnd" : 547		},		{			"operatorDescription" : "Replace #ifTrue:ifFalse: receiver with false",			"class" : "PMComplex",			"operatorClass" : "ReplaceIfTrueIfFalseReceiverWithFalseOperator",			"mutationStart" : 97,			"method" : "arcTan:",			"mutationEnd" : 556		},		{			"operatorDescription" : "Replace #ifTrue:ifFalse: receiver with false",			"class" : "PMComplex",			"operatorClass" : "ReplaceIfTrueIfFalseReceiverWithFalseOperator",			"mutationStart" : 132,			"method" : "arcTan:",			"mutationEnd" : 360		},		{			"operatorDescription" : "Replace #ifTrue:ifFalse: receiver with true",			"class" : "PMComplex",			"operatorClass" : "ReplaceIfTrueIfFalseReceiverWithTrueOperator",			"mutationStart" : 132,			"method" : "arcTan:",			"mutationEnd" : 360		},		{			"operatorDescription" : "Remove ^",			"class" : "PMComplex",			"operatorClass" : "RemoveCaretOperator",			"mutationStart" : 135,			"method" : "sqrt",			"mutationEnd" : 174		},		{			"operatorDescription" : "Replace #'>=' with #=",			"class" : "PMComplex",			"operatorClass" : "ReplaceGreaterOrEqualWithEqualMutantOperator",			"mutationStart" : 112,			"method" : "sqrt",			"mutationEnd" : 120		},		{			"operatorDescription" : "Replace #'>=' with #>",			"class" : "PMComplex",			"operatorClass" : "ReplaceGreaterOrEqualWithGreaterMutantOperator",			"mutationStart" : 112,			"method" : "sqrt",			"mutationEnd" : 120		},		{			"operatorDescription" : "Replace #/ with #*",			"class" : "PMComplex",			"operatorClass" : "ReplaceDivisionWithMultiplicationMutantOperator",			"mutationStart" : 218,			"method" : "sqrt",			"mutationEnd" : 234		},		{			"operatorDescription" : "Replace #/ with #*",			"class" : "PMComplex",			"operatorClass" : "ReplaceDivisionWithMultiplicationMutantOperator",			"mutationStart" : 218,			"method" : "sqrt",			"mutationEnd" : 230		},		{			"operatorDescription" : "Replace #= with #'~='",			"class" : "PMComplex",			"operatorClass" : "ReplaceEqualWithNotEqualOperator",			"mutationStart" : 92,			"method" : "sqrt",			"mutationEnd" : 104		},		{			"operatorDescription" : "Replace #and: receiver with true",			"class" : "PMComplex",			"operatorClass" : "ReplaceAndReceiverWithTrueOperator",			"mutationStart" : 91,			"method" : "sqrt",			"mutationEnd" : 122		},		{			"operatorDescription" : "Replace #and: with #bEqv:",			"class" : "PMComplex",			"operatorClass" : "ReplaceAndWithEqvMutantOperator",			"mutationStart" : 91,			"method" : "sqrt",			"mutationEnd" : 122		},		{			"operatorDescription" : "Replace #and: with false",			"class" : "PMComplex",			"operatorClass" : "ReplaceAndWithFalseOperator",			"mutationStart" : 91,			"method" : "sqrt",			"mutationEnd" : 122		},		{			"operatorDescription" : "Replace #ifTrue: receiver with false",			"class" : "PMComplex",			"operatorClass" : "ReplaceIfTrueReceiverWithFalseOperator",			"mutationStart" : 91,			"method" : "sqrt",			"mutationEnd" : 175		},		{			"operatorDescription" : "Remove ^",			"class" : "PMComplex",			"operatorClass" : "RemoveCaretOperator",			"mutationStart" : 15,			"method" : "asQuaternion",			"mutationEnd" : 71		},		{			"operatorDescription" : "Replace #ifTrue:ifFalse: receiver with false",			"class" : "PMComplex",			"operatorClass" : "ReplaceIfTrueIfFalseReceiverWithFalseOperator",			"mutationStart" : 164,			"method" : "absSecure",			"mutationEnd" : 293		},		{			"operatorDescription" : "Replace #max: with #min:",			"class" : "PMComplex",			"operatorClass" : "ReplaceMaxWithMinMutantOperator",			"mutationStart" : 133,			"method" : "absSecure",			"mutationEnd" : 159		},		{			"operatorDescription" : "Remove ^",			"class" : "PMComplex",			"operatorClass" : "RemoveCaretOperator",			"mutationStart" : 331,			"method" : "arcCos",			"mutationEnd" : 372		},		{			"operatorDescription" : "Replace #'<=' with #<",			"class" : "PMComplex",			"operatorClass" : "ReplaceLessOrEqualWithLessMutantOperator",			"mutationStart" : 78,			"method" : "printOn:",			"mutationEnd" : 91		},		{			"operatorDescription" : "Replace #'<=' with #=",			"class" : "PMComplex",			"operatorClass" : "ReplaceLessOrEqualWithEqualMutantOperator",			"mutationStart" : 78,			"method" : "printOn:",			"mutationEnd" : 91		},		{			"operatorDescription" : "Replace #'<=' with #>",			"class" : "PMComplex",			"operatorClass" : "ReplaceLessOrEqualWithGreaterMutantOperator",			"mutationStart" : 78,			"method" : "printOn:",			"mutationEnd" : 91		},		{			"operatorDescription" : "Replace #'<=' with true",			"class" : "PMComplex",			"operatorClass" : "ReplaceLessOrEqualWithTrueOperator",			"mutationStart" : 78,			"method" : "printOn:",			"mutationEnd" : 91		},		{			"operatorDescription" : "Replace #ifTrue:ifFalse: receiver with false",			"class" : "PMComplex",			"operatorClass" : "ReplaceIfTrueIfFalseReceiverWithFalseOperator",			"mutationStart" : 78,			"method" : "printOn:",			"mutationEnd" : 156		},		{			"operatorDescription" : "Replace #ifTrue:ifFalse: receiver with true",			"class" : "PMComplex",			"operatorClass" : "ReplaceIfTrueIfFalseReceiverWithTrueOperator",			"mutationStart" : 78,			"method" : "printOn:",			"mutationEnd" : 156		},		{			"operatorDescription" : "Replace #* with #/",			"class" : "PMComplex class",			"operatorClass" : "ReplaceMultiplicationWithDivisionMutantOperator",			"mutationStart" : 93,			"method" : "random",			"mutationEnd" : 111		}	],	"testCase" : "PMComplexTest",	"unixtime" : 1605080506,	"timeTotal" : 3322}