{	"targetClasses" : [		"PMDecimalFloatingNumber"	],	"testMethodsIgnored" : [ ],	"methodsNotProfiled" : [ ],	"numberOfOriginalTestMethods" : 8,	"timeDetail" : [		"init: % 0.11 (13 seconds 147 milliseconds)",		"assertionAmplification: % 68.70 (2 hours 16 minutes 33 seconds 257 milliseconds)",		"selection: % 10.85 (21 minutes 34 seconds 376 milliseconds)",		"inputAmplification: % 17.49 (34 minutes 45 seconds 531 milliseconds)",		"finalize: % 2.85 (5 minutes 40 seconds 195 milliseconds)"	],	"notCoveredInAmplified" : [		{			"operatorDescription" : "Remove ^",			"class" : "PMDecimalFloatingNumber",			"operatorClass" : "RemoveCaretOperator",			"mutationStart" : 12,			"method" : "-",			"mutationEnd" : 55		},		{			"operatorDescription" : "Replace #- with #+",			"class" : "PMDecimalFloatingNumber",			"operatorClass" : "ReplaceMinusWithPlusMutantOperator",			"mutationStart" : 30,			"method" : "-",			"mutationEnd" : 55		},		{			"operatorDescription" : "Remove ^",			"class" : "PMDecimalFloatingNumber",			"operatorClass" : "RemoveCaretOperator",			"mutationStart" : 162,			"method" : "normalize:",			"mutationEnd" : 167		},		{			"operatorDescription" : "Replace #- with #+",			"class" : "PMDecimalFloatingNumber",			"operatorClass" : "ReplaceMinusWithPlusMutantOperator",			"mutationStart" : 45,			"method" : "normalize:",			"mutationEnd" : 85		}	],	"mutationScoreAfter" : 80,	"mutationScoreBefore" : 95,	"testAmpLoc" : 12,	"amplifiedMethods" : [		"PMDecimalFloatingNumberTest388>>#testAdd_amp_T15"	],	"testLoc" : "69",	"amplifiedClass" : "PMDecimalFloatingNumberTest388",	"numberOfAllMutationsInOriginal" : 20,	"targetLoc" : 53,	"newCovered" : [		{			"operatorDescription" : "Replace #* with #/",			"class" : "PMDecimalFloatingNumber",			"operatorClass" : "ReplaceMultiplicationWithDivisionMutantOperator",			"mutationStart" : 107,			"method" : "normalize:",			"mutationEnd" : 148		}	],	"timeBudgetFinished" : false,	"notCoveredInOriginal" : [		{			"operatorDescription" : "Remove ^",			"class" : "PMDecimalFloatingNumber",			"operatorClass" : "RemoveCaretOperator",			"mutationStart" : 160,			"method" : "normalize:",			"mutationEnd" : 165		}	],	"testCase" : "PMDecimalFloatingNumberTest",	"unixtime" : 1605021924,	"timeTotal" : 11926}