{	"targetClasses" : [		"PMDualNumber"	],	"testMethodsIgnored" : [ ],	"methodsNotProfiled" : [		"PMDualNumber>>#printOn:base:",		"PMDualNumber class>>#zeroApproximation:"	],	"numberOfOriginalTestMethods" : 30,	"timeDetail" : [		"init: % 0.60 (15 seconds 108 milliseconds)",		"assertionAmplification: % 21.01 (8 minutes 50 seconds 428 milliseconds)",		"selection: % 2.23 (56 seconds 241 milliseconds)",		"inputAmplification: % 75.35 (31 minutes 42 seconds 601 milliseconds)",		"finalize: % 0.82 (20 seconds 699 milliseconds)"	],	"notCoveredInAmplified" : [		{			"operatorDescription" : "Replace #ifTrue: receiver with false",			"class" : "PMDualNumber",			"operatorClass" : "ReplaceIfTrueReceiverWithFalseOperator",			"mutationStart" : 25,			"method" : "ln",			"mutationEnd" : 77		},		{			"operatorDescription" : "Replace #ifTrue:ifFalse: receiver with false",			"class" : "PMDualNumber",			"operatorClass" : "ReplaceIfTrueIfFalseReceiverWithFalseOperator",			"mutationStart" : 31,			"method" : "raisedToInteger:",			"mutationEnd" : 214		},		{			"operatorDescription" : "Remove ^",			"class" : "PMDualNumber class",			"operatorClass" : "RemoveCaretOperator",			"mutationStart" : 68,			"method" : "zeroApproximation:",			"mutationEnd" : 101		}	],	"mutationScoreAfter" : 97,	"mutationScoreBefore" : 94,	"testAmpLoc" : 69,	"amplifiedMethods" : [		"PMDualNumberTest1457>>#testArcCos_amp_T82_T34_A252",		"PMDualNumberTest1457>>#testArcCos_amp_T68_A413",		"PMDualNumberTest1457>>#testAdd_amp_A117_A115_A78",		"PMDualNumberTest1457>>#testArcTan_amp_A169_T26_A246"	],	"testLoc" : "270",	"amplifiedClass" : "PMDualNumberTest1457",	"numberOfAllMutationsInOriginal" : 119,	"targetLoc" : 153,	"newCovered" : [		{			"operatorDescription" : "Remove ^",			"class" : "PMDualNumber",			"operatorClass" : "RemoveCaretOperator",			"mutationStart" : 7,			"method" : "real",			"mutationEnd" : 70		},		{			"operatorDescription" : "Replace #ifTrue:ifFalse: receiver with true",			"class" : "PMDualNumber",			"operatorClass" : "ReplaceIfTrueIfFalseReceiverWithTrueOperator",			"mutationStart" : 6,			"method" : "abs",			"mutationEnd" : 48		},		{			"operatorDescription" : "Replace #* with #/",			"class" : "PMDualNumber",			"operatorClass" : "ReplaceMultiplicationWithDivisionMutantOperator",			"mutationStart" : 41,			"method" : "cos",			"mutationEnd" : 63		},		{			"operatorDescription" : "Replace #* with #/",			"class" : "PMDualNumber",			"operatorClass" : "ReplaceMultiplicationWithDivisionMutantOperator",			"mutationStart" : 157,			"method" : "raisedToInteger:",			"mutationEnd" : 171		}	],	"timeBudgetFinished" : false,	"notCoveredInOriginal" : [		{			"operatorDescription" : "Replace #ifTrue: receiver with false",			"class" : "PMDualNumber",			"operatorClass" : "ReplaceIfTrueReceiverWithFalseOperator",			"mutationStart" : 25,			"method" : "ln",			"mutationEnd" : 77		},		{			"operatorDescription" : "Remove ^",			"class" : "PMDualNumber",			"operatorClass" : "RemoveCaretOperator",			"mutationStart" : 7,			"method" : "real",			"mutationEnd" : 70		},		{			"operatorDescription" : "Replace #ifTrue:ifFalse: receiver with true",			"class" : "PMDualNumber",			"operatorClass" : "ReplaceIfTrueIfFalseReceiverWithTrueOperator",			"mutationStart" : 6,			"method" : "abs",			"mutationEnd" : 48		},		{			"operatorDescription" : "Replace #* with #/",			"class" : "PMDualNumber",			"operatorClass" : "ReplaceMultiplicationWithDivisionMutantOperator",			"mutationStart" : 41,			"method" : "cos",			"mutationEnd" : 63		},		{			"operatorDescription" : "Replace #* with #/",			"class" : "PMDualNumber",			"operatorClass" : "ReplaceMultiplicationWithDivisionMutantOperator",			"mutationStart" : 157,			"method" : "raisedToInteger:",			"mutationEnd" : 171		},		{			"operatorDescription" : "Replace #ifTrue:ifFalse: receiver with false",			"class" : "PMDualNumber",			"operatorClass" : "ReplaceIfTrueIfFalseReceiverWithFalseOperator",			"mutationStart" : 31,			"method" : "raisedToInteger:",			"mutationEnd" : 214		},		{			"operatorDescription" : "Remove ^",			"class" : "PMDualNumber class",			"operatorClass" : "RemoveCaretOperator",			"mutationStart" : 68,			"method" : "zeroApproximation:",			"mutationEnd" : 101		}	],	"testCase" : "PMDualNumberTest",	"unixtime" : 1605077182,	"timeTotal" : 2525}