{	"targetClasses" : [		"PMErrorAsParameterFunction"	],	"testMethodsIgnored" : [ ],	"methodsNotProfiled" : [ ],	"numberOfOriginalTestMethods" : 4,	"timeDetail" : [		"init: % 0.98 (273 milliseconds)",		"assertionAmplification: % 60.55 (16 seconds 932 milliseconds)",		"selection: % 14.77 (4 seconds 130 milliseconds)",		"inputAmplification: % 22.62 (6 seconds 324 milliseconds)",		"finalize: % 1.08 (303 milliseconds)"	],	"notCoveredInAmplified" : [		{			"operatorDescription" : "Replace #* with #/",			"class" : "PMErrorAsParameterFunction",			"operatorClass" : "ReplaceMultiplicationWithDivisionMutantOperator",			"mutationStart" : 490,			"method" : "function:",			"mutationEnd" : 496		},		{			"operatorDescription" : "Replace #* with #/",			"class" : "PMErrorAsParameterFunction",			"operatorClass" : "ReplaceMultiplicationWithDivisionMutantOperator",			"mutationStart" : 541,			"method" : "function:",			"mutationEnd" : 551		},		{			"operatorDescription" : "Replace #< with #>",			"class" : "PMErrorAsParameterFunction",			"operatorClass" : "ReplaceLessWithGreaterMutantOperator",			"mutationStart" : 309,			"method" : "function:",			"mutationEnd" : 323		},		{			"operatorDescription" : "Replace #ifTrue: receiver with false",			"class" : "PMErrorAsParameterFunction",			"operatorClass" : "ReplaceIfTrueReceiverWithFalseOperator",			"mutationStart" : 309,			"method" : "function:",			"mutationEnd" : 387		},		{			"operatorDescription" : "Replace #ifTrue:ifFalse: receiver with false",			"class" : "PMErrorAsParameterFunction",			"operatorClass" : "ReplaceIfTrueIfFalseReceiverWithFalseOperator",			"mutationStart" : 504,			"method" : "function:",			"mutationEnd" : 553		},		{			"operatorDescription" : "Replace #min: with #max:",			"class" : "PMErrorAsParameterFunction",			"operatorClass" : "ReplaceMinWithMaxMutantOperator",			"mutationStart" : 266,			"method" : "function:",			"mutationEnd" : 280		}	],	"mutationScoreAfter" : 70,	"mutationScoreBefore" : 65,	"testAmpLoc" : 24,	"amplifiedMethods" : [		"PMErrorAsParameterFunctionTest189>>#testMaxFunction_amp_A4"	],	"testLoc" : "23",	"amplifiedClass" : "PMErrorAsParameterFunctionTest189",	"numberOfAllMutationsInOriginal" : 20,	"targetLoc" : 40,	"newCovered" : [		{			"operatorDescription" : "Remove ^",			"class" : "PMErrorAsParameterFunction",			"operatorClass" : "RemoveCaretOperator",			"mutationStart" : 33,			"method" : "parameters:",			"mutationEnd" : 68		}	],	"timeBudgetFinished" : false,	"notCoveredInOriginal" : [		{			"operatorDescription" : "Replace #* with #/",			"class" : "PMErrorAsParameterFunction",			"operatorClass" : "ReplaceMultiplicationWithDivisionMutantOperator",			"mutationStart" : 490,			"method" : "function:",			"mutationEnd" : 496		},		{			"operatorDescription" : "Replace #* with #/",			"class" : "PMErrorAsParameterFunction",			"operatorClass" : "ReplaceMultiplicationWithDivisionMutantOperator",			"mutationStart" : 541,			"method" : "function:",			"mutationEnd" : 551		},		{			"operatorDescription" : "Replace #< with #>",			"class" : "PMErrorAsParameterFunction",			"operatorClass" : "ReplaceLessWithGreaterMutantOperator",			"mutationStart" : 309,			"method" : "function:",			"mutationEnd" : 323		},		{			"operatorDescription" : "Replace #ifTrue: receiver with false",			"class" : "PMErrorAsParameterFunction",			"operatorClass" : "ReplaceIfTrueReceiverWithFalseOperator",			"mutationStart" : 309,			"method" : "function:",			"mutationEnd" : 387		},		{			"operatorDescription" : "Replace #ifTrue:ifFalse: receiver with false",			"class" : "PMErrorAsParameterFunction",			"operatorClass" : "ReplaceIfTrueIfFalseReceiverWithFalseOperator",			"mutationStart" : 504,			"method" : "function:",			"mutationEnd" : 553		},		{			"operatorDescription" : "Replace #min: with #max:",			"class" : "PMErrorAsParameterFunction",			"operatorClass" : "ReplaceMinWithMaxMutantOperator",			"mutationStart" : 266,			"method" : "function:",			"mutationEnd" : 280		},		{			"operatorDescription" : "Remove ^",			"class" : "PMErrorAsParameterFunction",			"operatorClass" : "RemoveCaretOperator",			"mutationStart" : 33,			"method" : "parameters:",			"mutationEnd" : 68		}	],	"testCase" : "PMErrorAsParameterFunctionTest",	"unixtime" : 1604998466,	"timeTotal" : 27}