{	"targetClasses" : [		"PMErrorOfParameterFunction"	],	"testMethodsIgnored" : [ ],	"methodsNotProfiled" : [ ],	"numberOfOriginalTestMethods" : 9,	"timeDetail" : [		"init: % 0.12 (1 second 134 milliseconds)",		"assertionAmplification: % 71.22 (11 minutes 37 seconds 324 milliseconds)",		"selection: % 16.09 (2 minutes 37 seconds 503 milliseconds)",		"inputAmplification: % 11.69 (1 minute 54 seconds 441 milliseconds)",		"finalize: % 0.89 (8 seconds 695 milliseconds)"	],	"notCoveredInAmplified" : [		{			"operatorDescription" : "Replace #+ with #-",			"class" : "PMErrorOfParameterFunction",			"operatorClass" : "ReplacePlusWithMinusMutantOperator",			"mutationStart" : 480,			"method" : "value:",			"mutationEnd" : 492		},		{			"operatorDescription" : "Replace #/ with #*",			"class" : "PMErrorOfParameterFunction",			"operatorClass" : "ReplaceDivisionWithMultiplicationMutantOperator",			"mutationStart" : 576,			"method" : "value:",			"mutationEnd" : 601		},		{			"operatorDescription" : "Replace #ifTrue: receiver with false",			"class" : "PMErrorOfParameterFunction",			"operatorClass" : "ReplaceIfTrueReceiverWithFalseOperator",			"mutationStart" : 392,			"method" : "value:",			"mutationEnd" : 605		},		{			"operatorDescription" : "Replace #min: with #max:",			"class" : "PMErrorOfParameterFunction",			"operatorClass" : "ReplaceMinWithMaxMutantOperator",			"mutationStart" : 479,			"method" : "value:",			"mutationEnd" : 505		},		{			"operatorDescription" : "Replace #ifTrue: receiver with false",			"class" : "PMErrorOfParameterFunction",			"operatorClass" : "ReplaceIfTrueReceiverWithFalseOperator",			"mutationStart" : 202,			"method" : "printOn:",			"mutationEnd" : 314		},		{			"operatorDescription" : "Replace #ifTrue: receiver with true",			"class" : "PMErrorOfParameterFunction",			"operatorClass" : "ReplaceIfTrueReceiverWithTrueOperator",			"mutationStart" : 202,			"method" : "printOn:",			"mutationEnd" : 314		},		{			"operatorDescription" : "Replace #ifTrue: with #ifFalse:",			"class" : "PMErrorOfParameterFunction",			"operatorClass" : "ReplaceIfTrueWithIfFalseMutantOperator",			"mutationStart" : 202,			"method" : "printOn:",			"mutationEnd" : 314		},		{			"operatorDescription" : "Remove ^",			"class" : "PMErrorOfParameterFunction",			"operatorClass" : "RemoveCaretOperator",			"mutationStart" : 45,			"method" : "relativeError:",			"mutationEnd" : 64		},		{			"operatorDescription" : "Remove ^",			"class" : "PMErrorOfParameterFunction",			"operatorClass" : "RemoveCaretOperator",			"mutationStart" : 217,			"method" : "errorType:",			"mutationEnd" : 344		},		{			"operatorDescription" : "Replace #ifFalse: receiver with false",			"class" : "PMErrorOfParameterFunction",			"operatorClass" : "ReplaceIfFalseReceiverWithFalseOperator",			"mutationStart" : 348,			"method" : "errorType:",			"mutationEnd" : 421		},		{			"operatorDescription" : "Replace #and: receiver with true",			"class" : "PMErrorOfParameterFunction",			"operatorClass" : "ReplaceAndReceiverWithTrueOperator",			"mutationStart" : 60,			"method" : "data:",			"mutationEnd" : 158		},		{			"operatorDescription" : "Replace #and: with #bEqv:",			"class" : "PMErrorOfParameterFunction",			"operatorClass" : "ReplaceAndWithEqvMutantOperator",			"mutationStart" : 60,			"method" : "data:",			"mutationEnd" : 158		},		{			"operatorDescription" : "Replace #/ with #*",			"class" : "PMErrorOfParameterFunction",			"operatorClass" : "ReplaceDivisionWithMultiplicationMutantOperator",			"mutationStart" : 533,			"method" : "errorCollection:",			"mutationEnd" : 552		},		{			"operatorDescription" : "Replace #/ with #*",			"class" : "PMErrorOfParameterFunction",			"operatorClass" : "ReplaceDivisionWithMultiplicationMutantOperator",			"mutationStart" : 557,			"method" : "errorCollection:",			"mutationEnd" : 577		},		{			"operatorDescription" : "Replace #/ with #*",			"class" : "PMErrorOfParameterFunction",			"operatorClass" : "ReplaceDivisionWithMultiplicationMutantOperator",			"mutationStart" : 745,			"method" : "errorCollection:",			"mutationEnd" : 753		},		{			"operatorDescription" : "Replace #/ with #*",			"class" : "PMErrorOfParameterFunction",			"operatorClass" : "ReplaceDivisionWithMultiplicationMutantOperator",			"mutationStart" : 759,			"method" : "errorCollection:",			"mutationEnd" : 767		},		{			"operatorDescription" : "Replace #ifTrue:ifFalse: receiver with false",			"class" : "PMErrorOfParameterFunction",			"operatorClass" : "ReplaceIfTrueIfFalseReceiverWithFalseOperator",			"mutationStart" : 444,			"method" : "errorCollection:",			"mutationEnd" : 474		},		{			"operatorDescription" : "Replace #or: argument with [false]",			"class" : "PMErrorOfParameterFunction",			"operatorClass" : "ReplaceOrArgumentWithFalseOperator",			"mutationStart" : 409,			"method" : "errorCollection:",			"mutationEnd" : 426		},		{			"operatorDescription" : "Replace #or: with #bXor:",			"class" : "PMErrorOfParameterFunction",			"operatorClass" : "ReplaceOrWithXorMutantOperator",			"mutationStart" : 409,			"method" : "errorCollection:",			"mutationEnd" : 426		},		{			"operatorDescription" : "Remove ^",			"class" : "PMErrorOfParameterFunction",			"operatorClass" : "RemoveCaretOperator",			"mutationStart" : 112,			"method" : "quartile:",			"mutationEnd" : 165		},		{			"operatorDescription" : "Remove ^",			"class" : "PMErrorOfParameterFunction",			"operatorClass" : "RemoveCaretOperator",			"mutationStart" : 326,			"method" : "quartile:",			"mutationEnd" : 344		}	],	"mutationScoreAfter" : 80,	"mutationScoreBefore" : 74,	"testAmpLoc" : 200,	"amplifiedMethods" : [		"PMErrorOfParameterFunctionTest463>>#testArgumentsString_amp_A8",		"PMErrorOfParameterFunctionTest463>>#testErrorCollection_amp_N3",		"PMErrorOfParameterFunctionTest463>>#testErrorCollection_amp",		"PMErrorOfParameterFunctionTest463>>#testArgumentsString_amp_A13",		"PMErrorOfParameterFunctionTest463>>#testPrint_amp_N2"	],	"testLoc" : "82",	"amplifiedClass" : "PMErrorOfParameterFunctionTest463",	"numberOfAllMutationsInOriginal" : 105,	"targetLoc" : 97,	"newCovered" : [		{			"operatorDescription" : "Remove ^",			"class" : "PMErrorOfParameterFunction",			"operatorClass" : "RemoveCaretOperator",			"mutationStart" : 524,			"method" : "errorType:",			"mutationEnd" : 543		},		{			"operatorDescription" : "Replace #and: with #bEqv:",			"class" : "PMErrorOfParameterFunction",			"operatorClass" : "ReplaceAndWithEqvMutantOperator",			"mutationStart" : 114,			"method" : "errorType:",			"mutationEnd" : 203		},		{			"operatorDescription" : "Remove ^",			"class" : "PMErrorOfParameterFunction",			"operatorClass" : "RemoveCaretOperator",			"mutationStart" : 383,			"method" : "data:",			"mutationEnd" : 387		},		{			"operatorDescription" : "Replace #and: argument with [true]",			"class" : "PMErrorOfParameterFunction",			"operatorClass" : "ReplaceAndArgumentWithTrueOperator",			"mutationStart" : 60,			"method" : "data:",			"mutationEnd" : 158		},		{			"operatorDescription" : "Replace #and: with #or:",			"class" : "PMErrorOfParameterFunction",			"operatorClass" : "ReplaceAndWithOrMutantOperator",			"mutationStart" : 60,			"method" : "data:",			"mutationEnd" : 158		},		{			"operatorDescription" : "Replace #ifFalse: receiver with true",			"class" : "PMErrorOfParameterFunction",			"operatorClass" : "ReplaceIfFalseReceiverWithTrueOperator",			"mutationStart" : 60,			"method" : "data:",			"mutationEnd" : 221		}	],	"timeBudgetFinished" : false,	"notCoveredInOriginal" : [		{			"operatorDescription" : "Replace #+ with #-",			"class" : "PMErrorOfParameterFunction",			"operatorClass" : "ReplacePlusWithMinusMutantOperator",			"mutationStart" : 480,			"method" : "value:",			"mutationEnd" : 492		},		{			"operatorDescription" : "Replace #/ with #*",			"class" : "PMErrorOfParameterFunction",			"operatorClass" : "ReplaceDivisionWithMultiplicationMutantOperator",			"mutationStart" : 576,			"method" : "value:",			"mutationEnd" : 601		},		{			"operatorDescription" : "Replace #ifTrue: receiver with false",			"class" : "PMErrorOfParameterFunction",			"operatorClass" : "ReplaceIfTrueReceiverWithFalseOperator",			"mutationStart" : 392,			"method" : "value:",			"mutationEnd" : 605		},		{			"operatorDescription" : "Replace #min: with #max:",			"class" : "PMErrorOfParameterFunction",			"operatorClass" : "ReplaceMinWithMaxMutantOperator",			"mutationStart" : 479,			"method" : "value:",			"mutationEnd" : 505		},		{			"operatorDescription" : "Replace #ifTrue: receiver with false",			"class" : "PMErrorOfParameterFunction",			"operatorClass" : "ReplaceIfTrueReceiverWithFalseOperator",			"mutationStart" : 202,			"method" : "printOn:",			"mutationEnd" : 314		},		{			"operatorDescription" : "Replace #ifTrue: receiver with true",			"class" : "PMErrorOfParameterFunction",			"operatorClass" : "ReplaceIfTrueReceiverWithTrueOperator",			"mutationStart" : 202,			"method" : "printOn:",			"mutationEnd" : 314		},		{			"operatorDescription" : "Replace #ifTrue: with #ifFalse:",			"class" : "PMErrorOfParameterFunction",			"operatorClass" : "ReplaceIfTrueWithIfFalseMutantOperator",			"mutationStart" : 202,			"method" : "printOn:",			"mutationEnd" : 314		},		{			"operatorDescription" : "Remove ^",			"class" : "PMErrorOfParameterFunction",			"operatorClass" : "RemoveCaretOperator",			"mutationStart" : 45,			"method" : "relativeError:",			"mutationEnd" : 64		},		{			"operatorDescription" : "Remove ^",			"class" : "PMErrorOfParameterFunction",			"operatorClass" : "RemoveCaretOperator",			"mutationStart" : 217,			"method" : "errorType:",			"mutationEnd" : 344		},		{			"operatorDescription" : "Remove ^",			"class" : "PMErrorOfParameterFunction",			"operatorClass" : "RemoveCaretOperator",			"mutationStart" : 524,			"method" : "errorType:",			"mutationEnd" : 543		},		{			"operatorDescription" : "Replace #and: with #bEqv:",			"class" : "PMErrorOfParameterFunction",			"operatorClass" : "ReplaceAndWithEqvMutantOperator",			"mutationStart" : 114,			"method" : "errorType:",			"mutationEnd" : 203		},		{			"operatorDescription" : "Replace #ifFalse: receiver with false",			"class" : "PMErrorOfParameterFunction",			"operatorClass" : "ReplaceIfFalseReceiverWithFalseOperator",			"mutationStart" : 348,			"method" : "errorType:",			"mutationEnd" : 421		},		{			"operatorDescription" : "Remove ^",			"class" : "PMErrorOfParameterFunction",			"operatorClass" : "RemoveCaretOperator",			"mutationStart" : 383,			"method" : "data:",			"mutationEnd" : 387		},		{			"operatorDescription" : "Replace #and: argument with [true]",			"class" : "PMErrorOfParameterFunction",			"operatorClass" : "ReplaceAndArgumentWithTrueOperator",			"mutationStart" : 60,			"method" : "data:",			"mutationEnd" : 158		},		{			"operatorDescription" : "Replace #and: receiver with true",			"class" : "PMErrorOfParameterFunction",			"operatorClass" : "ReplaceAndReceiverWithTrueOperator",			"mutationStart" : 60,			"method" : "data:",			"mutationEnd" : 158		},		{			"operatorDescription" : "Replace #and: with #bEqv:",			"class" : "PMErrorOfParameterFunction",			"operatorClass" : "ReplaceAndWithEqvMutantOperator",			"mutationStart" : 60,			"method" : "data:",			"mutationEnd" : 158		},		{			"operatorDescription" : "Replace #and: with #or:",			"class" : "PMErrorOfParameterFunction",			"operatorClass" : "ReplaceAndWithOrMutantOperator",			"mutationStart" : 60,			"method" : "data:",			"mutationEnd" : 158		},		{			"operatorDescription" : "Replace #ifFalse: receiver with true",			"class" : "PMErrorOfParameterFunction",			"operatorClass" : "ReplaceIfFalseReceiverWithTrueOperator",			"mutationStart" : 60,			"method" : "data:",			"mutationEnd" : 221		},		{			"operatorDescription" : "Replace #/ with #*",			"class" : "PMErrorOfParameterFunction",			"operatorClass" : "ReplaceDivisionWithMultiplicationMutantOperator",			"mutationStart" : 533,			"method" : "errorCollection:",			"mutationEnd" : 552		},		{			"operatorDescription" : "Replace #/ with #*",			"class" : "PMErrorOfParameterFunction",			"operatorClass" : "ReplaceDivisionWithMultiplicationMutantOperator",			"mutationStart" : 557,			"method" : "errorCollection:",			"mutationEnd" : 577		},		{			"operatorDescription" : "Replace #/ with #*",			"class" : "PMErrorOfParameterFunction",			"operatorClass" : "ReplaceDivisionWithMultiplicationMutantOperator",			"mutationStart" : 745,			"method" : "errorCollection:",			"mutationEnd" : 753		},		{			"operatorDescription" : "Replace #/ with #*",			"class" : "PMErrorOfParameterFunction",			"operatorClass" : "ReplaceDivisionWithMultiplicationMutantOperator",			"mutationStart" : 759,			"method" : "errorCollection:",			"mutationEnd" : 767		},		{			"operatorDescription" : "Replace #ifTrue:ifFalse: receiver with false",			"class" : "PMErrorOfParameterFunction",			"operatorClass" : "ReplaceIfTrueIfFalseReceiverWithFalseOperator",			"mutationStart" : 444,			"method" : "errorCollection:",			"mutationEnd" : 474		},		{			"operatorDescription" : "Replace #or: argument with [false]",			"class" : "PMErrorOfParameterFunction",			"operatorClass" : "ReplaceOrArgumentWithFalseOperator",			"mutationStart" : 409,			"method" : "errorCollection:",			"mutationEnd" : 426		},		{			"operatorDescription" : "Replace #or: with #bXor:",			"class" : "PMErrorOfParameterFunction",			"operatorClass" : "ReplaceOrWithXorMutantOperator",			"mutationStart" : 409,			"method" : "errorCollection:",			"mutationEnd" : 426		},		{			"operatorDescription" : "Remove ^",			"class" : "PMErrorOfParameterFunction",			"operatorClass" : "RemoveCaretOperator",			"mutationStart" : 112,			"method" : "quartile:",			"mutationEnd" : 165		},		{			"operatorDescription" : "Remove ^",			"class" : "PMErrorOfParameterFunction",			"operatorClass" : "RemoveCaretOperator",			"mutationStart" : 326,			"method" : "quartile:",			"mutationEnd" : 344		}	],	"testCase" : "PMErrorOfParameterFunctionTest",	"unixtime" : 1605023820,	"timeTotal" : 979}