{	"targetClasses" : [		"PMErrorMinimizer"	],	"testMethodsIgnored" : [ ],	"methodsNotProfiled" : [		"PMErrorMinimizer class>>#function:data:"	],	"numberOfOriginalTestMethods" : 1,	"timeDetail" : [		"init: % 0.47 (70 milliseconds)",		"assertionAmplification: % 37.88 (5 seconds 668 milliseconds)",		"selection: % 4.99 (747 milliseconds)",		"inputAmplification: % 56.26 (8 seconds 418 milliseconds)",		"finalize: % 0.41 (61 milliseconds)"	],	"notCoveredInAmplified" : [		{			"operatorDescription" : "Remove ^",			"class" : "PMErrorMinimizer class",			"operatorClass" : "RemoveCaretOperator",			"mutationStart" : 36,			"method" : "function:data:",			"mutationEnd" : 59		}	],	"mutationScoreAfter" : 66,	"mutationScoreBefore" : 66,	"testAmpLoc" : 0,	"amplifiedMethods" : [ ],	"testLoc" : "11",	"amplifiedClass" : "PMErrorMinimizerTest49",	"numberOfAllMutationsInOriginal" : 3,	"targetLoc" : 17,	"newCovered" : [ ],	"timeBudgetFinished" : false,	"notCoveredInOriginal" : [		{			"operatorDescription" : "Remove ^",			"class" : "PMErrorMinimizer class",			"operatorClass" : "RemoveCaretOperator",			"mutationStart" : 36,			"method" : "function:data:",			"mutationEnd" : 59		}	],	"testCase" : "PMErrorMinimizerTest",	"unixtime" : 1604998392,	"timeTotal" : 14}