{	"targetClasses" : [		"PMExponentialGenerator"	],	"testMethodsIgnored" : [ ],	"methodsNotProfiled" : [ ],	"numberOfOriginalTestMethods" : 3,	"timeDetail" : [		"init: % 0.67 (158 milliseconds)",		"assertionAmplification: % 72.00 (16 seconds 964 milliseconds)",		"selection: % 10.01 (2 seconds 359 milliseconds)",		"inputAmplification: % 16.68 (3 seconds 929 milliseconds)",		"finalize: % 0.64 (151 milliseconds)"	],	"notCoveredInAmplified" : [ ],	"mutationScoreAfter" : 100,	"mutationScoreBefore" : 90,	"testAmpLoc" : 38,	"amplifiedMethods" : [		"PMExponentialGeneratorTest136>>#testGenerator_amp"	],	"testLoc" : "21",	"amplifiedClass" : "PMExponentialGeneratorTest136",	"numberOfAllMutationsInOriginal" : 10,	"targetLoc" : 25,	"newCovered" : [		{			"operatorDescription" : "Remove ^",			"class" : "PMExponentialGenerator",			"operatorClass" : "RemoveCaretOperator",			"mutationStart" : 7,			"method" : "mean",			"mutationEnd" : 12		}	],	"timeBudgetFinished" : false,	"notCoveredInOriginal" : [		{			"operatorDescription" : "Remove ^",			"class" : "PMExponentialGenerator",			"operatorClass" : "RemoveCaretOperator",			"mutationStart" : 7,			"method" : "mean",			"mutationEnd" : 12		}	],	"testCase" : "PMExponentialGeneratorTest",	"unixtime" : 1604998438,	"timeTotal" : 23}