{	"targetClasses" : [		"PMExponentialDistribution"	],	"testMethodsIgnored" : [ ],	"methodsNotProfiled" : [		"PMExponentialDistribution>>#privateInverseDistributionValue:",		"PMExponentialDistribution>>#value:",		"PMExponentialDistribution>>#valueAndGradient:",		"PMExponentialDistribution>>#changeParametersBy:",		"PMExponentialDistribution>>#distributionValue:",		"PMExponentialDistribution class>>#fromHistogram:"	],	"numberOfOriginalTestMethods" : 1,	"timeDetail" : [		"init: % 0.67 (398 milliseconds)",		"assertionAmplification: % 7.51 (4 seconds 431 milliseconds)",		"selection: % 3.69 (2 seconds 178 milliseconds)",		"inputAmplification: % 87.34 (51 seconds 542 milliseconds)",		"finalize: % 0.78 (462 milliseconds)"	],	"notCoveredInAmplified" : [		{			"operatorDescription" : "Remove ^",			"class" : "PMExponentialDistribution",			"operatorClass" : "RemoveCaretOperator",			"mutationStart" : 104,			"method" : "privateInverseDistributionValue:",			"mutationEnd" : 135		},		{			"operatorDescription" : "Replace #* with #/",			"class" : "PMExponentialDistribution",			"operatorClass" : "ReplaceMultiplicationWithDivisionMutantOperator",			"mutationStart" : 105,			"method" : "privateInverseDistributionValue:",			"mutationEnd" : 135		},		{			"operatorDescription" : "Replace #- with #+",			"class" : "PMExponentialDistribution",			"operatorClass" : "ReplaceMinusWithPlusMutantOperator",			"mutationStart" : 105,			"method" : "privateInverseDistributionValue:",			"mutationEnd" : 117		},		{			"operatorDescription" : "Remove Exception Handler Operator",			"class" : "PMExponentialDistribution",			"operatorClass" : "RemoveExceptionHandlerOperator",			"mutationStart" : 189,			"method" : "value:",			"mutationEnd" : 276		},		{			"operatorDescription" : "Remove ^",			"class" : "PMExponentialDistribution",			"operatorClass" : "RemoveCaretOperator",			"mutationStart" : 187,			"method" : "value:",			"mutationEnd" : 276		},		{			"operatorDescription" : "Replace #/ with #*",			"class" : "PMExponentialDistribution",			"operatorClass" : "ReplaceDivisionWithMultiplicationMutantOperator",			"mutationStart" : 191,			"method" : "value:",			"mutationEnd" : 225		},		{			"operatorDescription" : "Replace #/ with #*",			"class" : "PMExponentialDistribution",			"operatorClass" : "ReplaceDivisionWithMultiplicationMutantOperator",			"mutationStart" : 191,			"method" : "value:",			"mutationEnd" : 206		},		{			"operatorDescription" : "Remove ^",			"class" : "PMExponentialDistribution",			"operatorClass" : "RemoveCaretOperator",			"mutationStart" : 236,			"method" : "valueAndGradient:",			"mutationEnd" : 307		},		{			"operatorDescription" : "Replace #* with #/",			"class" : "PMExponentialDistribution",			"operatorClass" : "ReplaceMultiplicationWithDivisionMutantOperator",			"mutationStart" : 275,			"method" : "valueAndGradient:",			"mutationEnd" : 299		},		{			"operatorDescription" : "Replace #- with #+",			"class" : "PMExponentialDistribution",			"operatorClass" : "ReplaceMinusWithPlusMutantOperator",			"mutationStart" : 275,			"method" : "valueAndGradient:",			"mutationEnd" : 294		},		{			"operatorDescription" : "Replace #/ with #*",			"class" : "PMExponentialDistribution",			"operatorClass" : "ReplaceDivisionWithMultiplicationMutantOperator",			"mutationStart" : 275,			"method" : "valueAndGradient:",			"mutationEnd" : 306		},		{			"operatorDescription" : "Replace #/ with #*",			"class" : "PMExponentialDistribution",			"operatorClass" : "ReplaceDivisionWithMultiplicationMutantOperator",			"mutationStart" : 276,			"method" : "valueAndGradient:",			"mutationEnd" : 289		},		{			"operatorDescription" : "Remove ^",			"class" : "PMExponentialDistribution",			"operatorClass" : "RemoveCaretOperator",			"mutationStart" : 181,			"method" : "initialize:",			"mutationEnd" : 186		},		{			"operatorDescription" : "Replace #+ with #-",			"class" : "PMExponentialDistribution",			"operatorClass" : "ReplacePlusWithMinusMutantOperator",			"mutationStart" : 92,			"method" : "changeParametersBy:",			"mutationEnd" : 113		},		{			"operatorDescription" : "Remove Exception Handler Operator",			"class" : "PMExponentialDistribution",			"operatorClass" : "RemoveExceptionHandlerOperator",			"mutationStart" : 176,			"method" : "distributionValue:",			"mutationEnd" : 260		},		{			"operatorDescription" : "Remove ^",			"class" : "PMExponentialDistribution",			"operatorClass" : "RemoveCaretOperator",			"mutationStart" : 175,			"method" : "distributionValue:",			"mutationEnd" : 260		},		{			"operatorDescription" : "Replace #- with #+",			"class" : "PMExponentialDistribution",			"operatorClass" : "ReplaceMinusWithPlusMutantOperator",			"mutationStart" : 177,			"method" : "distributionValue:",			"mutationEnd" : 212		},		{			"operatorDescription" : "Replace #/ with #*",			"class" : "PMExponentialDistribution",			"operatorClass" : "ReplaceDivisionWithMultiplicationMutantOperator",			"mutationStart" : 183,			"method" : "distributionValue:",			"mutationEnd" : 207		},		{			"operatorDescription" : "Remove ^",			"class" : "PMExponentialDistribution class",			"operatorClass" : "RemoveCaretOperator",			"mutationStart" : 19,			"method" : "distributionName",			"mutationEnd" : 46		},		{			"operatorDescription" : "Remove ^",			"class" : "PMExponentialDistribution class",			"operatorClass" : "RemoveCaretOperator",			"mutationStart" : 72,			"method" : "new",			"mutationEnd" : 95		},		{			"operatorDescription" : "Remove ^",			"class" : "PMExponentialDistribution class",			"operatorClass" : "RemoveCaretOperator",			"mutationStart" : 251,			"method" : "fromHistogram:",			"mutationEnd" : 254		},		{			"operatorDescription" : "Remove ^",			"class" : "PMExponentialDistribution class",			"operatorClass" : "RemoveCaretOperator",			"mutationStart" : 286,			"method" : "fromHistogram:",			"mutationEnd" : 352		},		{			"operatorDescription" : "Replace #< with #>",			"class" : "PMExponentialDistribution class",			"operatorClass" : "ReplaceLessWithGreaterMutantOperator",			"mutationStart" : 216,			"method" : "fromHistogram:",			"mutationEnd" : 237		},		{			"operatorDescription" : "Replace #> with #<",			"class" : "PMExponentialDistribution class",			"operatorClass" : "ReplaceGreaterWithLessMutantOperator",			"mutationStart" : 287,			"method" : "fromHistogram:",			"mutationEnd" : 292		},		{			"operatorDescription" : "Replace #ifTrue: receiver with false",			"class" : "PMExponentialDistribution class",			"operatorClass" : "ReplaceIfTrueReceiverWithFalseOperator",			"mutationStart" : 216,			"method" : "fromHistogram:",			"mutationEnd" : 255		},		{			"operatorDescription" : "Replace #ifTrue: receiver with true",			"class" : "PMExponentialDistribution class",			"operatorClass" : "ReplaceIfTrueReceiverWithTrueOperator",			"mutationStart" : 216,			"method" : "fromHistogram:",			"mutationEnd" : 255		},		{			"operatorDescription" : "Replace #ifTrue: with #ifFalse:",			"class" : "PMExponentialDistribution class",			"operatorClass" : "ReplaceIfTrueWithIfFalseMutantOperator",			"mutationStart" : 216,			"method" : "fromHistogram:",			"mutationEnd" : 255		},		{			"operatorDescription" : "Replace #ifTrue:ifFalse: receiver with false",			"class" : "PMExponentialDistribution class",			"operatorClass" : "ReplaceIfTrueIfFalseReceiverWithFalseOperator",			"mutationStart" : 287,			"method" : "fromHistogram:",			"mutationEnd" : 352		},		{			"operatorDescription" : "Replace #ifTrue:ifFalse: receiver with true",			"class" : "PMExponentialDistribution class",			"operatorClass" : "ReplaceIfTrueIfFalseReceiverWithTrueOperator",			"mutationStart" : 287,			"method" : "fromHistogram:",			"mutationEnd" : 352		}	],	"mutationScoreAfter" : 29,	"mutationScoreBefore" : 17,	"testAmpLoc" : 64,	"amplifiedMethods" : [		"PMExponentialDistributionTest61>>#testSampleMeanConvergesToDistributionMean_amp_A2",		"PMExponentialDistributionTest61>>#testSampleMeanConvergesToDistributionMean_amp_A0",		"PMExponentialDistributionTest61>>#testSampleMeanConvergesToDistributionMean_amp_A5",		"PMExponentialDistributionTest61>>#testSampleMeanConvergesToDistributionMean_amp_A1",		"PMExponentialDistributionTest61>>#testSampleMeanConvergesToDistributionMean_amp_N0"	],	"testLoc" : "8",	"amplifiedClass" : "PMExponentialDistributionTest61",	"numberOfAllMutationsInOriginal" : 41,	"targetLoc" : 83,	"newCovered" : [		{			"operatorDescription" : "Remove ^",			"class" : "PMExponentialDistribution",			"operatorClass" : "RemoveCaretOperator",			"mutationStart" : 52,			"method" : "kurtosis",			"mutationEnd" : 53		},		{			"operatorDescription" : "Remove ^",			"class" : "PMExponentialDistribution",			"operatorClass" : "RemoveCaretOperator",			"mutationStart" : 13,			"method" : "parameters",			"mutationEnd" : 30		},		{			"operatorDescription" : "Remove ^",			"class" : "PMExponentialDistribution",			"operatorClass" : "RemoveCaretOperator",			"mutationStart" : 52,			"method" : "skewness",			"mutationEnd" : 53		},		{			"operatorDescription" : "Replace #ifFalse: receiver with true",			"class" : "PMExponentialDistribution",			"operatorClass" : "ReplaceIfFalseReceiverWithTrueOperator",			"mutationStart" : 88,			"method" : "initialize:",			"mutationEnd" : 159		},		{			"operatorDescription" : "Remove ^",			"class" : "PMExponentialDistribution",			"operatorClass" : "RemoveCaretOperator",			"mutationStart" : 71,			"method" : "standardDeviation",			"mutationEnd" : 76		}	],	"timeBudgetFinished" : false,	"notCoveredInOriginal" : [		{			"operatorDescription" : "Remove ^",			"class" : "PMExponentialDistribution",			"operatorClass" : "RemoveCaretOperator",			"mutationStart" : 52,			"method" : "kurtosis",			"mutationEnd" : 53		},		{			"operatorDescription" : "Remove ^",			"class" : "PMExponentialDistribution",			"operatorClass" : "RemoveCaretOperator",			"mutationStart" : 104,			"method" : "privateInverseDistributionValue:",			"mutationEnd" : 135		},		{			"operatorDescription" : "Replace #* with #/",			"class" : "PMExponentialDistribution",			"operatorClass" : "ReplaceMultiplicationWithDivisionMutantOperator",			"mutationStart" : 105,			"method" : "privateInverseDistributionValue:",			"mutationEnd" : 135		},		{			"operatorDescription" : "Replace #- with #+",			"class" : "PMExponentialDistribution",			"operatorClass" : "ReplaceMinusWithPlusMutantOperator",			"mutationStart" : 105,			"method" : "privateInverseDistributionValue:",			"mutationEnd" : 117		},		{			"operatorDescription" : "Remove Exception Handler Operator",			"class" : "PMExponentialDistribution",			"operatorClass" : "RemoveExceptionHandlerOperator",			"mutationStart" : 189,			"method" : "value:",			"mutationEnd" : 276		},		{			"operatorDescription" : "Remove ^",			"class" : "PMExponentialDistribution",			"operatorClass" : "RemoveCaretOperator",			"mutationStart" : 187,			"method" : "value:",			"mutationEnd" : 276		},		{			"operatorDescription" : "Replace #/ with #*",			"class" : "PMExponentialDistribution",			"operatorClass" : "ReplaceDivisionWithMultiplicationMutantOperator",			"mutationStart" : 191,			"method" : "value:",			"mutationEnd" : 225		},		{			"operatorDescription" : "Replace #/ with #*",			"class" : "PMExponentialDistribution",			"operatorClass" : "ReplaceDivisionWithMultiplicationMutantOperator",			"mutationStart" : 191,			"method" : "value:",			"mutationEnd" : 206		},		{			"operatorDescription" : "Remove ^",			"class" : "PMExponentialDistribution",			"operatorClass" : "RemoveCaretOperator",			"mutationStart" : 236,			"method" : "valueAndGradient:",			"mutationEnd" : 307		},		{			"operatorDescription" : "Replace #* with #/",			"class" : "PMExponentialDistribution",			"operatorClass" : "ReplaceMultiplicationWithDivisionMutantOperator",			"mutationStart" : 275,			"method" : "valueAndGradient:",			"mutationEnd" : 299		},		{			"operatorDescription" : "Replace #- with #+",			"class" : "PMExponentialDistribution",			"operatorClass" : "ReplaceMinusWithPlusMutantOperator",			"mutationStart" : 275,			"method" : "valueAndGradient:",			"mutationEnd" : 294		},		{			"operatorDescription" : "Replace #/ with #*",			"class" : "PMExponentialDistribution",			"operatorClass" : "ReplaceDivisionWithMultiplicationMutantOperator",			"mutationStart" : 275,			"method" : "valueAndGradient:",			"mutationEnd" : 306		},		{			"operatorDescription" : "Replace #/ with #*",			"class" : "PMExponentialDistribution",			"operatorClass" : "ReplaceDivisionWithMultiplicationMutantOperator",			"mutationStart" : 276,			"method" : "valueAndGradient:",			"mutationEnd" : 289		},		{			"operatorDescription" : "Remove ^",			"class" : "PMExponentialDistribution",			"operatorClass" : "RemoveCaretOperator",			"mutationStart" : 13,			"method" : "parameters",			"mutationEnd" : 30		},		{			"operatorDescription" : "Remove ^",			"class" : "PMExponentialDistribution",			"operatorClass" : "RemoveCaretOperator",			"mutationStart" : 52,			"method" : "skewness",			"mutationEnd" : 53		},		{			"operatorDescription" : "Remove ^",			"class" : "PMExponentialDistribution",			"operatorClass" : "RemoveCaretOperator",			"mutationStart" : 181,			"method" : "initialize:",			"mutationEnd" : 186		},		{			"operatorDescription" : "Replace #ifFalse: receiver with true",			"class" : "PMExponentialDistribution",			"operatorClass" : "ReplaceIfFalseReceiverWithTrueOperator",			"mutationStart" : 88,			"method" : "initialize:",			"mutationEnd" : 159		},		{			"operatorDescription" : "Remove ^",			"class" : "PMExponentialDistribution",			"operatorClass" : "RemoveCaretOperator",			"mutationStart" : 71,			"method" : "standardDeviation",			"mutationEnd" : 76		},		{			"operatorDescription" : "Replace #+ with #-",			"class" : "PMExponentialDistribution",			"operatorClass" : "ReplacePlusWithMinusMutantOperator",			"mutationStart" : 92,			"method" : "changeParametersBy:",			"mutationEnd" : 113		},		{			"operatorDescription" : "Remove Exception Handler Operator",			"class" : "PMExponentialDistribution",			"operatorClass" : "RemoveExceptionHandlerOperator",			"mutationStart" : 176,			"method" : "distributionValue:",			"mutationEnd" : 260		},		{			"operatorDescription" : "Remove ^",			"class" : "PMExponentialDistribution",			"operatorClass" : "RemoveCaretOperator",			"mutationStart" : 175,			"method" : "distributionValue:",			"mutationEnd" : 260		},		{			"operatorDescription" : "Replace #- with #+",			"class" : "PMExponentialDistribution",			"operatorClass" : "ReplaceMinusWithPlusMutantOperator",			"mutationStart" : 177,			"method" : "distributionValue:",			"mutationEnd" : 212		},		{			"operatorDescription" : "Replace #/ with #*",			"class" : "PMExponentialDistribution",			"operatorClass" : "ReplaceDivisionWithMultiplicationMutantOperator",			"mutationStart" : 183,			"method" : "distributionValue:",			"mutationEnd" : 207		},		{			"operatorDescription" : "Remove ^",			"class" : "PMExponentialDistribution class",			"operatorClass" : "RemoveCaretOperator",			"mutationStart" : 19,			"method" : "distributionName",			"mutationEnd" : 46		},		{			"operatorDescription" : "Remove ^",			"class" : "PMExponentialDistribution class",			"operatorClass" : "RemoveCaretOperator",			"mutationStart" : 72,			"method" : "new",			"mutationEnd" : 95		},		{			"operatorDescription" : "Remove ^",			"class" : "PMExponentialDistribution class",			"operatorClass" : "RemoveCaretOperator",			"mutationStart" : 251,			"method" : "fromHistogram:",			"mutationEnd" : 254		},		{			"operatorDescription" : "Remove ^",			"class" : "PMExponentialDistribution class",			"operatorClass" : "RemoveCaretOperator",			"mutationStart" : 286,			"method" : "fromHistogram:",			"mutationEnd" : 352		},		{			"operatorDescription" : "Replace #< with #>",			"class" : "PMExponentialDistribution class",			"operatorClass" : "ReplaceLessWithGreaterMutantOperator",			"mutationStart" : 216,			"method" : "fromHistogram:",			"mutationEnd" : 237		},		{			"operatorDescription" : "Replace #> with #<",			"class" : "PMExponentialDistribution class",			"operatorClass" : "ReplaceGreaterWithLessMutantOperator",			"mutationStart" : 287,			"method" : "fromHistogram:",			"mutationEnd" : 292		},		{			"operatorDescription" : "Replace #ifTrue: receiver with false",			"class" : "PMExponentialDistribution class",			"operatorClass" : "ReplaceIfTrueReceiverWithFalseOperator",			"mutationStart" : 216,			"method" : "fromHistogram:",			"mutationEnd" : 255		},		{			"operatorDescription" : "Replace #ifTrue: receiver with true",			"class" : "PMExponentialDistribution class",			"operatorClass" : "ReplaceIfTrueReceiverWithTrueOperator",			"mutationStart" : 216,			"method" : "fromHistogram:",			"mutationEnd" : 255		},		{			"operatorDescription" : "Replace #ifTrue: with #ifFalse:",			"class" : "PMExponentialDistribution class",			"operatorClass" : "ReplaceIfTrueWithIfFalseMutantOperator",			"mutationStart" : 216,			"method" : "fromHistogram:",			"mutationEnd" : 255		},		{			"operatorDescription" : "Replace #ifTrue:ifFalse: receiver with false",			"class" : "PMExponentialDistribution class",			"operatorClass" : "ReplaceIfTrueIfFalseReceiverWithFalseOperator",			"mutationStart" : 287,			"method" : "fromHistogram:",			"mutationEnd" : 352		},		{			"operatorDescription" : "Replace #ifTrue:ifFalse: receiver with true",			"class" : "PMExponentialDistribution class",			"operatorClass" : "ReplaceIfTrueIfFalseReceiverWithTrueOperator",			"mutationStart" : 287,			"method" : "fromHistogram:",			"mutationEnd" : 352		}	],	"testCase" : "PMExponentialDistributionTest",	"unixtime" : 1604998377,	"timeTotal" : 59}