{	"targetClasses" : [		"PMFixpoint"	],	"testMethodsIgnored" : [ ],	"methodsNotProfiled" : [		"PMFixpoint>>#printOn:"	],	"numberOfOriginalTestMethods" : 6,	"timeDetail" : [		"init: % 1.01 (11 seconds 546 milliseconds)",		"assertionAmplification: % 37.48 (7 minutes 7 seconds 980 milliseconds)",		"selection: % 39.90 (7 minutes 35 seconds 617 milliseconds)",		"inputAmplification: % 20.99 (3 minutes 59 seconds 657 milliseconds)",		"finalize: % 0.62 (7 seconds 69 milliseconds)"	],	"notCoveredInAmplified" : [		{			"operatorDescription" : "Remove ^",			"class" : "PMFixpoint",			"operatorClass" : "RemoveCaretOperator",			"mutationStart" : 51,			"method" : "initialize",			"mutationEnd" : 67		},		{			"operatorDescription" : "Replace #'~=' with #=",			"class" : "PMFixpoint",			"operatorClass" : "ReplaceNotEqualWithEqualOperator",			"mutationStart" : 100,			"method" : "finalizeIterations",			"mutationEnd" : 116		},		{			"operatorDescription" : "Replace #'~=' with #=",			"class" : "PMFixpoint",			"operatorClass" : "ReplaceNotEqualWithEqualOperator",			"mutationStart" : 161,			"method" : "finalizeIterations",			"mutationEnd" : 177		},		{			"operatorDescription" : "Replace #= with #'~='",			"class" : "PMFixpoint",			"operatorClass" : "ReplaceEqualWithNotEqualOperator",			"mutationStart" : 76,			"method" : "finalizeIterations",			"mutationEnd" : 91		},		{			"operatorDescription" : "Replace #= with #'~='",			"class" : "PMFixpoint",			"operatorClass" : "ReplaceEqualWithNotEqualOperator",			"mutationStart" : 137,			"method" : "finalizeIterations",			"mutationEnd" : 152		},		{			"operatorDescription" : "Replace #and: argument with [true]",			"class" : "PMFixpoint",			"operatorClass" : "ReplaceAndArgumentWithTrueOperator",			"mutationStart" : 76,			"method" : "finalizeIterations",			"mutationEnd" : 118		},		{			"operatorDescription" : "Replace #and: argument with [true]",			"class" : "PMFixpoint",			"operatorClass" : "ReplaceAndArgumentWithTrueOperator",			"mutationStart" : 137,			"method" : "finalizeIterations",			"mutationEnd" : 179		},		{			"operatorDescription" : "Replace #and: receiver with true",			"class" : "PMFixpoint",			"operatorClass" : "ReplaceAndReceiverWithTrueOperator",			"mutationStart" : 76,			"method" : "finalizeIterations",			"mutationEnd" : 118		},		{			"operatorDescription" : "Replace #and: receiver with true",			"class" : "PMFixpoint",			"operatorClass" : "ReplaceAndReceiverWithTrueOperator",			"mutationStart" : 137,			"method" : "finalizeIterations",			"mutationEnd" : 179		},		{			"operatorDescription" : "Replace #and: with #bEqv:",			"class" : "PMFixpoint",			"operatorClass" : "ReplaceAndWithEqvMutantOperator",			"mutationStart" : 76,			"method" : "finalizeIterations",			"mutationEnd" : 118		},		{			"operatorDescription" : "Replace #and: with #bEqv:",			"class" : "PMFixpoint",			"operatorClass" : "ReplaceAndWithEqvMutantOperator",			"mutationStart" : 137,			"method" : "finalizeIterations",			"mutationEnd" : 179		},		{			"operatorDescription" : "Replace #and: with #nand:",			"class" : "PMFixpoint",			"operatorClass" : "ReplaceAndWithNandMutantOperator",			"mutationStart" : 76,			"method" : "finalizeIterations",			"mutationEnd" : 118		},		{			"operatorDescription" : "Replace #and: with #nand:",			"class" : "PMFixpoint",			"operatorClass" : "ReplaceAndWithNandMutantOperator",			"mutationStart" : 137,			"method" : "finalizeIterations",			"mutationEnd" : 179		},		{			"operatorDescription" : "Replace #and: with #or:",			"class" : "PMFixpoint",			"operatorClass" : "ReplaceAndWithOrMutantOperator",			"mutationStart" : 76,			"method" : "finalizeIterations",			"mutationEnd" : 118		},		{			"operatorDescription" : "Replace #and: with #or:",			"class" : "PMFixpoint",			"operatorClass" : "ReplaceAndWithOrMutantOperator",			"mutationStart" : 137,			"method" : "finalizeIterations",			"mutationEnd" : 179		},		{			"operatorDescription" : "Replace #and: with false",			"class" : "PMFixpoint",			"operatorClass" : "ReplaceAndWithFalseOperator",			"mutationStart" : 76,			"method" : "finalizeIterations",			"mutationEnd" : 118		},		{			"operatorDescription" : "Replace #and: with false",			"class" : "PMFixpoint",			"operatorClass" : "ReplaceAndWithFalseOperator",			"mutationStart" : 137,			"method" : "finalizeIterations",			"mutationEnd" : 179		},		{			"operatorDescription" : "Replace #+ with #-",			"class" : "PMFixpoint",			"operatorClass" : "ReplacePlusWithMinusMutantOperator",			"mutationStart" : 234,			"method" : "initializeIterations",			"mutationEnd" : 254		},		{			"operatorDescription" : "Replace #or: argument with [false]",			"class" : "PMFixpoint",			"operatorClass" : "ReplaceOrArgumentWithFalseOperator",			"mutationStart" : 120,			"method" : "hasConverged",			"mutationEnd" : 186		},		{			"operatorDescription" : "Remove ^",			"class" : "PMFixpoint",			"operatorClass" : "RemoveCaretOperator",			"mutationStart" : 95,			"method" : "verbose:",			"mutationEnd" : 112		},		{			"operatorDescription" : "Remove ^",			"class" : "PMFixpoint",			"operatorClass" : "RemoveCaretOperator",			"mutationStart" : 43,			"method" : "cycleInfo:",			"mutationEnd" : 47		},		{			"operatorDescription" : "Replace #ifFalse: receiver with false",			"class" : "PMFixpoint",			"operatorClass" : "ReplaceIfFalseReceiverWithFalseOperator",			"mutationStart" : 24,			"method" : "cycleInfo:",			"mutationEnd" : 49		},		{			"operatorDescription" : "Replace #ifFalse: receiver with true",			"class" : "PMFixpoint",			"operatorClass" : "ReplaceIfFalseReceiverWithTrueOperator",			"mutationStart" : 24,			"method" : "cycleInfo:",			"mutationEnd" : 49		},		{			"operatorDescription" : "Replace #ifFalse: with #ifTrue:",			"class" : "PMFixpoint",			"operatorClass" : "ReplaceIfFalseWithIfTrueMutantOperator",			"mutationStart" : 24,			"method" : "cycleInfo:",			"mutationEnd" : 49		},		{			"operatorDescription" : "Remove ^",			"class" : "PMFixpoint",			"operatorClass" : "RemoveCaretOperator",			"mutationStart" : 31,			"method" : "simpleInfo",			"mutationEnd" : 35		},		{			"operatorDescription" : "Replace #ifFalse: receiver with false",			"class" : "PMFixpoint",			"operatorClass" : "ReplaceIfFalseReceiverWithFalseOperator",			"mutationStart" : 12,			"method" : "simpleInfo",			"mutationEnd" : 37		},		{			"operatorDescription" : "Replace #ifFalse: receiver with true",			"class" : "PMFixpoint",			"operatorClass" : "ReplaceIfFalseReceiverWithTrueOperator",			"mutationStart" : 12,			"method" : "simpleInfo",			"mutationEnd" : 37		},		{			"operatorDescription" : "Replace #ifFalse: with #ifTrue:",			"class" : "PMFixpoint",			"operatorClass" : "ReplaceIfFalseWithIfTrueMutantOperator",			"mutationStart" : 12,			"method" : "simpleInfo",			"mutationEnd" : 37		},		{			"operatorDescription" : "Remove ^",			"class" : "PMFixpoint",			"operatorClass" : "RemoveCaretOperator",			"mutationStart" : 35,			"method" : "unfinishedInfo",			"mutationEnd" : 39		},		{			"operatorDescription" : "Replace #ifFalse: receiver with false",			"class" : "PMFixpoint",			"operatorClass" : "ReplaceIfFalseReceiverWithFalseOperator",			"mutationStart" : 16,			"method" : "unfinishedInfo",			"mutationEnd" : 41		},		{			"operatorDescription" : "Replace #ifFalse: receiver with true",			"class" : "PMFixpoint",			"operatorClass" : "ReplaceIfFalseReceiverWithTrueOperator",			"mutationStart" : 16,			"method" : "unfinishedInfo",			"mutationEnd" : 41		},		{			"operatorDescription" : "Replace #ifFalse: with #ifTrue:",			"class" : "PMFixpoint",			"operatorClass" : "ReplaceIfFalseWithIfTrueMutantOperator",			"mutationStart" : 16,			"method" : "unfinishedInfo",			"mutationEnd" : 41		}	],	"mutationScoreAfter" : 57,	"mutationScoreBefore" : 39,	"testAmpLoc" : 414,	"amplifiedMethods" : [		"PMFixpointTest314>>#testEqualityTest_amp_L2",		"PMFixpointTest314>>#testEqualityTest_amp",		"PMFixpointTest314>>#testBug_amp",		"PMFixpointTest314>>#testBug_amp_A2",		"PMFixpointTest314>>#testEqualityTest_amp_L11",		"PMFixpointTest314>>#testEqualityTest_amp_N9",		"PMFixpointTest314>>#testCheckForLongerCycles_amp"	],	"testLoc" : "97",	"amplifiedClass" : "PMFixpointTest314",	"numberOfAllMutationsInOriginal" : 76,	"targetLoc" : 103,	"newCovered" : [		{			"operatorDescription" : "Remove ^",			"class" : "PMFixpoint",			"operatorClass" : "RemoveCaretOperator",			"mutationStart" : 92,			"method" : "value:",			"mutationEnd" : 114		},		{			"operatorDescription" : "Remove #not",			"class" : "PMFixpoint",			"operatorClass" : "RemoveNotOperator",			"mutationStart" : 100,			"method" : "evaluateIteration",			"mutationEnd" : 112		},		{			"operatorDescription" : "Remove ^",			"class" : "PMFixpoint",			"operatorClass" : "RemoveCaretOperator",			"mutationStart" : 152,			"method" : "evaluateIteration",			"mutationEnd" : 170		},		{			"operatorDescription" : "Replace #ifTrue:ifFalse: receiver with false",			"class" : "PMFixpoint",			"operatorClass" : "ReplaceIfTrueIfFalseReceiverWithFalseOperator",			"mutationStart" : 19,			"method" : "evaluateIteration",			"mutationEnd" : 85		},		{			"operatorDescription" : "Replace #ifTrue:ifFalse: receiver with true",			"class" : "PMFixpoint",			"operatorClass" : "ReplaceIfTrueIfFalseReceiverWithTrueOperator",			"mutationStart" : 19,			"method" : "evaluateIteration",			"mutationEnd" : 85		},		{			"operatorDescription" : "Replace #ifTrue:ifFalse: receiver with false",			"class" : "PMFixpoint",			"operatorClass" : "ReplaceIfTrueIfFalseReceiverWithFalseOperator",			"mutationStart" : 21,			"method" : "finalizeIterations",			"mutationEnd" : 397		},		{			"operatorDescription" : "Replace #ifTrue:ifFalse: receiver with false",			"class" : "PMFixpoint",			"operatorClass" : "ReplaceIfTrueIfFalseReceiverWithFalseOperator",			"mutationStart" : 51,			"method" : "finalizeIterations",			"mutationEnd" : 249		},		{			"operatorDescription" : "Replace #ifTrue:ifFalse: receiver with false",			"class" : "PMFixpoint",			"operatorClass" : "ReplaceIfTrueIfFalseReceiverWithFalseOperator",			"mutationStart" : 51,			"method" : "finalizeIterations",			"mutationEnd" : 182		},		{			"operatorDescription" : "Replace #ifTrue:ifFalse: receiver with true",			"class" : "PMFixpoint",			"operatorClass" : "ReplaceIfTrueIfFalseReceiverWithTrueOperator",			"mutationStart" : 51,			"method" : "finalizeIterations",			"mutationEnd" : 249		},		{			"operatorDescription" : "Replace #ifTrue:ifFalse: receiver with true",			"class" : "PMFixpoint",			"operatorClass" : "ReplaceIfTrueIfFalseReceiverWithTrueOperator",			"mutationStart" : 51,			"method" : "finalizeIterations",			"mutationEnd" : 182		},		{			"operatorDescription" : "Replace #or: receiver with false",			"class" : "PMFixpoint",			"operatorClass" : "ReplaceOrReceiverWithFalseOperator",			"mutationStart" : 120,			"method" : "hasConverged",			"mutationEnd" : 186		},		{			"operatorDescription" : "Replace #or: with #and:",			"class" : "PMFixpoint",			"operatorClass" : "ReplaceOrWithAndMutantOperator",			"mutationStart" : 120,			"method" : "hasConverged",			"mutationEnd" : 186		},		{			"operatorDescription" : "Remove ^",			"class" : "PMFixpoint",			"operatorClass" : "RemoveCaretOperator",			"mutationStart" : 16,			"method" : "block:",			"mutationEnd" : 31		},		{			"operatorDescription" : "Remove ^",			"class" : "PMFixpoint",			"operatorClass" : "RemoveCaretOperator",			"mutationStart" : 136,			"method" : "equalityTest:",			"mutationEnd" : 156		}	],	"timeBudgetFinished" : false,	"notCoveredInOriginal" : [		{			"operatorDescription" : "Remove ^",			"class" : "PMFixpoint",			"operatorClass" : "RemoveCaretOperator",			"mutationStart" : 51,			"method" : "initialize",			"mutationEnd" : 67		},		{			"operatorDescription" : "Remove ^",			"class" : "PMFixpoint",			"operatorClass" : "RemoveCaretOperator",			"mutationStart" : 92,			"method" : "value:",			"mutationEnd" : 114		},		{			"operatorDescription" : "Remove #not",			"class" : "PMFixpoint",			"operatorClass" : "RemoveNotOperator",			"mutationStart" : 100,			"method" : "evaluateIteration",			"mutationEnd" : 112		},		{			"operatorDescription" : "Remove ^",			"class" : "PMFixpoint",			"operatorClass" : "RemoveCaretOperator",			"mutationStart" : 152,			"method" : "evaluateIteration",			"mutationEnd" : 170		},		{			"operatorDescription" : "Replace #ifTrue:ifFalse: receiver with false",			"class" : "PMFixpoint",			"operatorClass" : "ReplaceIfTrueIfFalseReceiverWithFalseOperator",			"mutationStart" : 19,			"method" : "evaluateIteration",			"mutationEnd" : 85		},		{			"operatorDescription" : "Replace #ifTrue:ifFalse: receiver with true",			"class" : "PMFixpoint",			"operatorClass" : "ReplaceIfTrueIfFalseReceiverWithTrueOperator",			"mutationStart" : 19,			"method" : "evaluateIteration",			"mutationEnd" : 85		},		{			"operatorDescription" : "Replace #'~=' with #=",			"class" : "PMFixpoint",			"operatorClass" : "ReplaceNotEqualWithEqualOperator",			"mutationStart" : 100,			"method" : "finalizeIterations",			"mutationEnd" : 116		},		{			"operatorDescription" : "Replace #'~=' with #=",			"class" : "PMFixpoint",			"operatorClass" : "ReplaceNotEqualWithEqualOperator",			"mutationStart" : 161,			"method" : "finalizeIterations",			"mutationEnd" : 177		},		{			"operatorDescription" : "Replace #= with #'~='",			"class" : "PMFixpoint",			"operatorClass" : "ReplaceEqualWithNotEqualOperator",			"mutationStart" : 76,			"method" : "finalizeIterations",			"mutationEnd" : 91		},		{			"operatorDescription" : "Replace #= with #'~='",			"class" : "PMFixpoint",			"operatorClass" : "ReplaceEqualWithNotEqualOperator",			"mutationStart" : 137,			"method" : "finalizeIterations",			"mutationEnd" : 152		},		{			"operatorDescription" : "Replace #and: argument with [true]",			"class" : "PMFixpoint",			"operatorClass" : "ReplaceAndArgumentWithTrueOperator",			"mutationStart" : 76,			"method" : "finalizeIterations",			"mutationEnd" : 118		},		{			"operatorDescription" : "Replace #and: argument with [true]",			"class" : "PMFixpoint",			"operatorClass" : "ReplaceAndArgumentWithTrueOperator",			"mutationStart" : 137,			"method" : "finalizeIterations",			"mutationEnd" : 179		},		{			"operatorDescription" : "Replace #and: receiver with true",			"class" : "PMFixpoint",			"operatorClass" : "ReplaceAndReceiverWithTrueOperator",			"mutationStart" : 76,			"method" : "finalizeIterations",			"mutationEnd" : 118		},		{			"operatorDescription" : "Replace #and: receiver with true",			"class" : "PMFixpoint",			"operatorClass" : "ReplaceAndReceiverWithTrueOperator",			"mutationStart" : 137,			"method" : "finalizeIterations",			"mutationEnd" : 179		},		{			"operatorDescription" : "Replace #and: with #bEqv:",			"class" : "PMFixpoint",			"operatorClass" : "ReplaceAndWithEqvMutantOperator",			"mutationStart" : 76,			"method" : "finalizeIterations",			"mutationEnd" : 118		},		{			"operatorDescription" : "Replace #and: with #bEqv:",			"class" : "PMFixpoint",			"operatorClass" : "ReplaceAndWithEqvMutantOperator",			"mutationStart" : 137,			"method" : "finalizeIterations",			"mutationEnd" : 179		},		{			"operatorDescription" : "Replace #and: with #nand:",			"class" : "PMFixpoint",			"operatorClass" : "ReplaceAndWithNandMutantOperator",			"mutationStart" : 76,			"method" : "finalizeIterations",			"mutationEnd" : 118		},		{			"operatorDescription" : "Replace #and: with #nand:",			"class" : "PMFixpoint",			"operatorClass" : "ReplaceAndWithNandMutantOperator",			"mutationStart" : 137,			"method" : "finalizeIterations",			"mutationEnd" : 179		},		{			"operatorDescription" : "Replace #and: with #or:",			"class" : "PMFixpoint",			"operatorClass" : "ReplaceAndWithOrMutantOperator",			"mutationStart" : 76,			"method" : "finalizeIterations",			"mutationEnd" : 118		},		{			"operatorDescription" : "Replace #and: with #or:",			"class" : "PMFixpoint",			"operatorClass" : "ReplaceAndWithOrMutantOperator",			"mutationStart" : 137,			"method" : "finalizeIterations",			"mutationEnd" : 179		},		{			"operatorDescription" : "Replace #and: with false",			"class" : "PMFixpoint",			"operatorClass" : "ReplaceAndWithFalseOperator",			"mutationStart" : 76,			"method" : "finalizeIterations",			"mutationEnd" : 118		},		{			"operatorDescription" : "Replace #and: with false",			"class" : "PMFixpoint",			"operatorClass" : "ReplaceAndWithFalseOperator",			"mutationStart" : 137,			"method" : "finalizeIterations",			"mutationEnd" : 179		},		{			"operatorDescription" : "Replace #ifTrue:ifFalse: receiver with false",			"class" : "PMFixpoint",			"operatorClass" : "ReplaceIfTrueIfFalseReceiverWithFalseOperator",			"mutationStart" : 21,			"method" : "finalizeIterations",			"mutationEnd" : 397		},		{			"operatorDescription" : "Replace #ifTrue:ifFalse: receiver with false",			"class" : "PMFixpoint",			"operatorClass" : "ReplaceIfTrueIfFalseReceiverWithFalseOperator",			"mutationStart" : 51,			"method" : "finalizeIterations",			"mutationEnd" : 249		},		{			"operatorDescription" : "Replace #ifTrue:ifFalse: receiver with false",			"class" : "PMFixpoint",			"operatorClass" : "ReplaceIfTrueIfFalseReceiverWithFalseOperator",			"mutationStart" : 51,			"method" : "finalizeIterations",			"mutationEnd" : 182		},		{			"operatorDescription" : "Replace #ifTrue:ifFalse: receiver with true",			"class" : "PMFixpoint",			"operatorClass" : "ReplaceIfTrueIfFalseReceiverWithTrueOperator",			"mutationStart" : 51,			"method" : "finalizeIterations",			"mutationEnd" : 249		},		{			"operatorDescription" : "Replace #ifTrue:ifFalse: receiver with true",			"class" : "PMFixpoint",			"operatorClass" : "ReplaceIfTrueIfFalseReceiverWithTrueOperator",			"mutationStart" : 51,			"method" : "finalizeIterations",			"mutationEnd" : 182		},		{			"operatorDescription" : "Replace #+ with #-",			"class" : "PMFixpoint",			"operatorClass" : "ReplacePlusWithMinusMutantOperator",			"mutationStart" : 234,			"method" : "initializeIterations",			"mutationEnd" : 254		},		{			"operatorDescription" : "Replace #or: argument with [false]",			"class" : "PMFixpoint",			"operatorClass" : "ReplaceOrArgumentWithFalseOperator",			"mutationStart" : 120,			"method" : "hasConverged",			"mutationEnd" : 186		},		{			"operatorDescription" : "Replace #or: receiver with false",			"class" : "PMFixpoint",			"operatorClass" : "ReplaceOrReceiverWithFalseOperator",			"mutationStart" : 120,			"method" : "hasConverged",			"mutationEnd" : 186		},		{			"operatorDescription" : "Replace #or: with #and:",			"class" : "PMFixpoint",			"operatorClass" : "ReplaceOrWithAndMutantOperator",			"mutationStart" : 120,			"method" : "hasConverged",			"mutationEnd" : 186		},		{			"operatorDescription" : "Remove ^",			"class" : "PMFixpoint",			"operatorClass" : "RemoveCaretOperator",			"mutationStart" : 16,			"method" : "block:",			"mutationEnd" : 31		},		{			"operatorDescription" : "Remove ^",			"class" : "PMFixpoint",			"operatorClass" : "RemoveCaretOperator",			"mutationStart" : 95,			"method" : "verbose:",			"mutationEnd" : 112		},		{			"operatorDescription" : "Remove ^",			"class" : "PMFixpoint",			"operatorClass" : "RemoveCaretOperator",			"mutationStart" : 136,			"method" : "equalityTest:",			"mutationEnd" : 156		},		{			"operatorDescription" : "Remove ^",			"class" : "PMFixpoint",			"operatorClass" : "RemoveCaretOperator",			"mutationStart" : 43,			"method" : "cycleInfo:",			"mutationEnd" : 47		},		{			"operatorDescription" : "Replace #ifFalse: receiver with false",			"class" : "PMFixpoint",			"operatorClass" : "ReplaceIfFalseReceiverWithFalseOperator",			"mutationStart" : 24,			"method" : "cycleInfo:",			"mutationEnd" : 49		},		{			"operatorDescription" : "Replace #ifFalse: receiver with true",			"class" : "PMFixpoint",			"operatorClass" : "ReplaceIfFalseReceiverWithTrueOperator",			"mutationStart" : 24,			"method" : "cycleInfo:",			"mutationEnd" : 49		},		{			"operatorDescription" : "Replace #ifFalse: with #ifTrue:",			"class" : "PMFixpoint",			"operatorClass" : "ReplaceIfFalseWithIfTrueMutantOperator",			"mutationStart" : 24,			"method" : "cycleInfo:",			"mutationEnd" : 49		},		{			"operatorDescription" : "Remove ^",			"class" : "PMFixpoint",			"operatorClass" : "RemoveCaretOperator",			"mutationStart" : 31,			"method" : "simpleInfo",			"mutationEnd" : 35		},		{			"operatorDescription" : "Replace #ifFalse: receiver with false",			"class" : "PMFixpoint",			"operatorClass" : "ReplaceIfFalseReceiverWithFalseOperator",			"mutationStart" : 12,			"method" : "simpleInfo",			"mutationEnd" : 37		},		{			"operatorDescription" : "Replace #ifFalse: receiver with true",			"class" : "PMFixpoint",			"operatorClass" : "ReplaceIfFalseReceiverWithTrueOperator",			"mutationStart" : 12,			"method" : "simpleInfo",			"mutationEnd" : 37		},		{			"operatorDescription" : "Replace #ifFalse: with #ifTrue:",			"class" : "PMFixpoint",			"operatorClass" : "ReplaceIfFalseWithIfTrueMutantOperator",			"mutationStart" : 12,			"method" : "simpleInfo",			"mutationEnd" : 37		},		{			"operatorDescription" : "Remove ^",			"class" : "PMFixpoint",			"operatorClass" : "RemoveCaretOperator",			"mutationStart" : 35,			"method" : "unfinishedInfo",			"mutationEnd" : 39		},		{			"operatorDescription" : "Replace #ifFalse: receiver with false",			"class" : "PMFixpoint",			"operatorClass" : "ReplaceIfFalseReceiverWithFalseOperator",			"mutationStart" : 16,			"method" : "unfinishedInfo",			"mutationEnd" : 41		},		{			"operatorDescription" : "Replace #ifFalse: receiver with true",			"class" : "PMFixpoint",			"operatorClass" : "ReplaceIfFalseReceiverWithTrueOperator",			"mutationStart" : 16,			"method" : "unfinishedInfo",			"mutationEnd" : 41		},		{			"operatorDescription" : "Replace #ifFalse: with #ifTrue:",			"class" : "PMFixpoint",			"operatorClass" : "ReplaceIfFalseWithIfTrueMutantOperator",			"mutationStart" : 16,			"method" : "unfinishedInfo",			"mutationEnd" : 41		}	],	"testCase" : "PMFixpointTest",	"unixtime" : 1605025839,	"timeTotal" : 1141}