{	"targetClasses" : [		"PMFunctionFit"	],	"testMethodsIgnored" : [ ],	"methodsNotProfiled" : [		"PMFunctionFit class>>#histogram:distributionClass:",		"PMFunctionFit class>>#points:function:"	],	"numberOfOriginalTestMethods" : 2,	"timeDetail" : [		"init: % 1.68 (427 milliseconds)",		"assertionAmplification: % 57.85 (14 seconds 666 milliseconds)",		"selection: % 15.62 (3 seconds 959 milliseconds)",		"inputAmplification: % 22.84 (5 seconds 791 milliseconds)",		"finalize: % 2.00 (508 milliseconds)"	],	"notCoveredInAmplified" : [		{			"operatorDescription" : "Remove Exception Handler Operator",			"class" : "PMFunctionFit",			"operatorClass" : "RemoveExceptionHandlerOperator",			"mutationStart" : 18,			"method" : "computeChanges",			"mutationEnd" : 157		},		{			"operatorDescription" : "Remove ^",			"class" : "PMFunctionFit",			"operatorClass" : "RemoveCaretOperator",			"mutationStart" : 457,			"method" : "initialize:data:",			"mutationEnd" : 461		},		{			"operatorDescription" : "Replace #and: argument with [true]",			"class" : "PMFunctionFit",			"operatorClass" : "ReplaceAndArgumentWithTrueOperator",			"mutationStart" : 52,			"method" : "initialize:data:",			"mutationEnd" : 134		},		{			"operatorDescription" : "Replace #and: receiver with true",			"class" : "PMFunctionFit",			"operatorClass" : "ReplaceAndReceiverWithTrueOperator",			"mutationStart" : 52,			"method" : "initialize:data:",			"mutationEnd" : 134		},		{			"operatorDescription" : "Replace #and: with #bEqv:",			"class" : "PMFunctionFit",			"operatorClass" : "ReplaceAndWithEqvMutantOperator",			"mutationStart" : 52,			"method" : "initialize:data:",			"mutationEnd" : 134		},		{			"operatorDescription" : "Replace #and: with #or:",			"class" : "PMFunctionFit",			"operatorClass" : "ReplaceAndWithOrMutantOperator",			"mutationStart" : 52,			"method" : "initialize:data:",			"mutationEnd" : 134		},		{			"operatorDescription" : "Replace #ifTrue: receiver with false",			"class" : "PMFunctionFit",			"operatorClass" : "ReplaceIfTrueReceiverWithFalseOperator",			"mutationStart" : 265,			"method" : "initialize:data:",			"mutationEnd" : 395		},		{			"operatorDescription" : "Replace #ifTrue:ifFalse: receiver with true",			"class" : "PMFunctionFit",			"operatorClass" : "ReplaceIfTrueIfFalseReceiverWithTrueOperator",			"mutationStart" : 52,			"method" : "initialize:data:",			"mutationEnd" : 261		},		{			"operatorDescription" : "Replace #* with #/",			"class" : "PMFunctionFit",			"operatorClass" : "ReplaceMultiplicationWithDivisionMutantOperator",			"mutationStart" : 172,			"method" : "accumulate:",			"mutationEnd" : 226		},		{			"operatorDescription" : "Replace #* with #/",			"class" : "PMFunctionFit",			"operatorClass" : "ReplaceMultiplicationWithDivisionMutantOperator",			"mutationStart" : 295,			"method" : "accumulate:",			"mutationEnd" : 331		},		{			"operatorDescription" : "Replace #ifFalse: receiver with false",			"class" : "PMFunctionFit",			"operatorClass" : "ReplaceIfFalseReceiverWithFalseOperator",			"mutationStart" : 415,			"method" : "computeChiSquare",			"mutationEnd" : 549		},		{			"operatorDescription" : "Remove ^",			"class" : "PMFunctionFit class",			"operatorClass" : "RemoveCaretOperator",			"mutationStart" : 76,			"method" : "histogram:distributionClass:",			"mutationEnd" : 99		},		{			"operatorDescription" : "Remove ^",			"class" : "PMFunctionFit class",			"operatorClass" : "RemoveCaretOperator",			"mutationStart" : 39,			"method" : "points:function:",			"mutationEnd" : 62		}	],	"mutationScoreAfter" : 66,	"mutationScoreBefore" : 46,	"testAmpLoc" : 60,	"amplifiedMethods" : [		"PMFunctionFitTest100>>#testFunctionFit_amp_L9_L8",		"PMFunctionFitTest100>>#testFunctionFit_amp"	],	"testLoc" : "26",	"amplifiedClass" : "PMFunctionFitTest100",	"numberOfAllMutationsInOriginal" : 39,	"targetLoc" : 55,	"newCovered" : [		{			"operatorDescription" : "Replace #ifTrue: receiver with false",			"class" : "PMFunctionFit",			"operatorClass" : "ReplaceIfTrueReceiverWithFalseOperator",			"mutationStart" : 61,			"method" : "parameters:",			"mutationEnd" : 148		},		{			"operatorDescription" : "Replace do block with [:each |]",			"class" : "PMFunctionFit",			"operatorClass" : "ReplaceDoBlockWithEmptyBlockOperator",			"mutationStart" : 33,			"method" : "parameters:",			"mutationEnd" : 150		},		{			"operatorDescription" : "Replace #+ with #-",			"class" : "PMFunctionFit",			"operatorClass" : "ReplacePlusWithMinusMutantOperator",			"mutationStart" : 458,			"method" : "computeChiSquare",			"mutationEnd" : 501		},		{			"operatorDescription" : "Replace #+ with #-",			"class" : "PMFunctionFit",			"operatorClass" : "ReplacePlusWithMinusMutantOperator",			"mutationStart" : 530,			"method" : "computeChiSquare",			"mutationEnd" : 548		},		{			"operatorDescription" : "Replace #- with #+",			"class" : "PMFunctionFit",			"operatorClass" : "ReplaceMinusWithPlusMutantOperator",			"mutationStart" : 458,			"method" : "computeChiSquare",			"mutationEnd" : 474		},		{			"operatorDescription" : "Replace #/ with #*",			"class" : "PMFunctionFit",			"operatorClass" : "ReplaceDivisionWithMultiplicationMutantOperator",			"mutationStart" : 458,			"method" : "computeChiSquare",			"mutationEnd" : 490		},		{			"operatorDescription" : "Replace #ifFalse: receiver with true",			"class" : "PMFunctionFit",			"operatorClass" : "ReplaceIfFalseReceiverWithTrueOperator",			"mutationStart" : 415,			"method" : "computeChiSquare",			"mutationEnd" : 549		},		{			"operatorDescription" : "Replace #ifFalse: with #ifTrue:",			"class" : "PMFunctionFit",			"operatorClass" : "ReplaceIfFalseWithIfTrueMutantOperator",			"mutationStart" : 415,			"method" : "computeChiSquare",			"mutationEnd" : 549		}	],	"timeBudgetFinished" : false,	"notCoveredInOriginal" : [		{			"operatorDescription" : "Remove Exception Handler Operator",			"class" : "PMFunctionFit",			"operatorClass" : "RemoveExceptionHandlerOperator",			"mutationStart" : 18,			"method" : "computeChanges",			"mutationEnd" : 157		},		{			"operatorDescription" : "Remove ^",			"class" : "PMFunctionFit",			"operatorClass" : "RemoveCaretOperator",			"mutationStart" : 457,			"method" : "initialize:data:",			"mutationEnd" : 461		},		{			"operatorDescription" : "Replace #and: argument with [true]",			"class" : "PMFunctionFit",			"operatorClass" : "ReplaceAndArgumentWithTrueOperator",			"mutationStart" : 52,			"method" : "initialize:data:",			"mutationEnd" : 134		},		{			"operatorDescription" : "Replace #and: receiver with true",			"class" : "PMFunctionFit",			"operatorClass" : "ReplaceAndReceiverWithTrueOperator",			"mutationStart" : 52,			"method" : "initialize:data:",			"mutationEnd" : 134		},		{			"operatorDescription" : "Replace #and: with #bEqv:",			"class" : "PMFunctionFit",			"operatorClass" : "ReplaceAndWithEqvMutantOperator",			"mutationStart" : 52,			"method" : "initialize:data:",			"mutationEnd" : 134		},		{			"operatorDescription" : "Replace #and: with #or:",			"class" : "PMFunctionFit",			"operatorClass" : "ReplaceAndWithOrMutantOperator",			"mutationStart" : 52,			"method" : "initialize:data:",			"mutationEnd" : 134		},		{			"operatorDescription" : "Replace #ifTrue: receiver with false",			"class" : "PMFunctionFit",			"operatorClass" : "ReplaceIfTrueReceiverWithFalseOperator",			"mutationStart" : 265,			"method" : "initialize:data:",			"mutationEnd" : 395		},		{			"operatorDescription" : "Replace #ifTrue:ifFalse: receiver with true",			"class" : "PMFunctionFit",			"operatorClass" : "ReplaceIfTrueIfFalseReceiverWithTrueOperator",			"mutationStart" : 52,			"method" : "initialize:data:",			"mutationEnd" : 261		},		{			"operatorDescription" : "Replace #ifTrue: receiver with false",			"class" : "PMFunctionFit",			"operatorClass" : "ReplaceIfTrueReceiverWithFalseOperator",			"mutationStart" : 61,			"method" : "parameters:",			"mutationEnd" : 148		},		{			"operatorDescription" : "Replace do block with [:each |]",			"class" : "PMFunctionFit",			"operatorClass" : "ReplaceDoBlockWithEmptyBlockOperator",			"mutationStart" : 33,			"method" : "parameters:",			"mutationEnd" : 150		},		{			"operatorDescription" : "Replace #* with #/",			"class" : "PMFunctionFit",			"operatorClass" : "ReplaceMultiplicationWithDivisionMutantOperator",			"mutationStart" : 172,			"method" : "accumulate:",			"mutationEnd" : 226		},		{			"operatorDescription" : "Replace #* with #/",			"class" : "PMFunctionFit",			"operatorClass" : "ReplaceMultiplicationWithDivisionMutantOperator",			"mutationStart" : 295,			"method" : "accumulate:",			"mutationEnd" : 331		},		{			"operatorDescription" : "Replace #+ with #-",			"class" : "PMFunctionFit",			"operatorClass" : "ReplacePlusWithMinusMutantOperator",			"mutationStart" : 458,			"method" : "computeChiSquare",			"mutationEnd" : 501		},		{			"operatorDescription" : "Replace #+ with #-",			"class" : "PMFunctionFit",			"operatorClass" : "ReplacePlusWithMinusMutantOperator",			"mutationStart" : 530,			"method" : "computeChiSquare",			"mutationEnd" : 548		},		{			"operatorDescription" : "Replace #- with #+",			"class" : "PMFunctionFit",			"operatorClass" : "ReplaceMinusWithPlusMutantOperator",			"mutationStart" : 458,			"method" : "computeChiSquare",			"mutationEnd" : 474		},		{			"operatorDescription" : "Replace #/ with #*",			"class" : "PMFunctionFit",			"operatorClass" : "ReplaceDivisionWithMultiplicationMutantOperator",			"mutationStart" : 458,			"method" : "computeChiSquare",			"mutationEnd" : 490		},		{			"operatorDescription" : "Replace #ifFalse: receiver with false",			"class" : "PMFunctionFit",			"operatorClass" : "ReplaceIfFalseReceiverWithFalseOperator",			"mutationStart" : 415,			"method" : "computeChiSquare",			"mutationEnd" : 549		},		{			"operatorDescription" : "Replace #ifFalse: receiver with true",			"class" : "PMFunctionFit",			"operatorClass" : "ReplaceIfFalseReceiverWithTrueOperator",			"mutationStart" : 415,			"method" : "computeChiSquare",			"mutationEnd" : 549		},		{			"operatorDescription" : "Replace #ifFalse: with #ifTrue:",			"class" : "PMFunctionFit",			"operatorClass" : "ReplaceIfFalseWithIfTrueMutantOperator",			"mutationStart" : 415,			"method" : "computeChiSquare",			"mutationEnd" : 549		},		{			"operatorDescription" : "Remove ^",			"class" : "PMFunctionFit class",			"operatorClass" : "RemoveCaretOperator",			"mutationStart" : 76,			"method" : "histogram:distributionClass:",			"mutationEnd" : 99		},		{			"operatorDescription" : "Remove ^",			"class" : "PMFunctionFit class",			"operatorClass" : "RemoveCaretOperator",			"mutationStart" : 39,			"method" : "points:function:",			"mutationEnd" : 62		}	],	"testCase" : "PMFunctionFitTest",	"unixtime" : 1604998592,	"timeTotal" : 25}