{	"targetClasses" : [		"PMGaussianGenerator"	],	"testMethodsIgnored" : [ ],	"methodsNotProfiled" : [ ],	"numberOfOriginalTestMethods" : 1,	"timeDetail" : [		"init: % 32.46 (40 seconds 487 milliseconds)",		"assertionAmplification: % 27.08 (33 seconds 781 milliseconds)",		"selection: % 1.04 (1 second 297 milliseconds)",		"inputAmplification: % 6.98 (8 seconds 701 milliseconds)",		"finalize: % 32.45 (40 seconds 474 milliseconds)"	],	"notCoveredInAmplified" : [		{			"operatorDescription" : "Replace #'>=' with #>",			"class" : "PMGaussianGenerator",			"operatorClass" : "ReplaceGreaterOrEqualWithGreaterMutantOperator",			"mutationStart" : 269,			"method" : "nextGaussianNormalized",			"mutationEnd" : 276		}	],	"mutationScoreAfter" : 95,	"mutationScoreBefore" : 86,	"testAmpLoc" : 106,	"amplifiedMethods" : [		"PMGaussianGeneratorTest43>>#testSampleMeanAndStandardDeviationConvergeToDistributionValues_amp_R3",		"PMGaussianGeneratorTest43>>#testSampleMeanAndStandardDeviationConvergeToDistributionValues_amp_R6"	],	"testLoc" : "29",	"amplifiedClass" : "PMGaussianGeneratorTest43",	"numberOfAllMutationsInOriginal" : 22,	"targetLoc" : 27,	"newCovered" : [		{			"operatorDescription" : "Remove ^",			"class" : "PMGaussianGenerator",			"operatorClass" : "RemoveCaretOperator",			"mutationStart" : 82,			"method" : "nextGaussianNormalized",			"mutationEnd" : 95		},		{			"operatorDescription" : "Replace #ifTrue: receiver with false",			"class" : "PMGaussianGenerator",			"operatorClass" : "ReplaceIfTrueReceiverWithFalseOperator",			"mutationStart" : 44,			"method" : "nextGaussianNormalized",			"mutationEnd" : 130		}	],	"timeBudgetFinished" : false,	"notCoveredInOriginal" : [		{			"operatorDescription" : "Remove ^",			"class" : "PMGaussianGenerator",			"operatorClass" : "RemoveCaretOperator",			"mutationStart" : 82,			"method" : "nextGaussianNormalized",			"mutationEnd" : 95		},		{			"operatorDescription" : "Replace #'>=' with #>",			"class" : "PMGaussianGenerator",			"operatorClass" : "ReplaceGreaterOrEqualWithGreaterMutantOperator",			"mutationStart" : 269,			"method" : "nextGaussianNormalized",			"mutationEnd" : 276		},		{			"operatorDescription" : "Replace #ifTrue: receiver with false",			"class" : "PMGaussianGenerator",			"operatorClass" : "ReplaceIfTrueReceiverWithFalseOperator",			"mutationStart" : 44,			"method" : "nextGaussianNormalized",			"mutationEnd" : 130		}	],	"testCase" : "PMGaussianGeneratorTest",	"unixtime" : 1604999080,	"timeTotal" : 124}