{	"targetClasses" : [		"PMHeunStepper"	],	"testMethodsIgnored" : [ ],	"methodsNotProfiled" : [ ],	"numberOfOriginalTestMethods" : 5,	"timeDetail" : [		"init: % 0.56 (187 milliseconds)",		"assertionAmplification: % 55.97 (18 seconds 528 milliseconds)",		"selection: % 6.57 (2 seconds 174 milliseconds)",		"inputAmplification: % 36.43 (12 seconds 59 milliseconds)",		"finalize: % 0.46 (153 milliseconds)"	],	"notCoveredInAmplified" : [		{			"operatorDescription" : "Replace #ifTrue: receiver with false",			"class" : "PMHeunStepper",			"operatorClass" : "ReplaceIfTrueReceiverWithFalseOperator",			"mutationStart" : 148,			"method" : "doStep:time:",			"mutationEnd" : 224		}	],	"mutationScoreAfter" : 92,	"mutationScoreBefore" : 92,	"testAmpLoc" : 0,	"amplifiedMethods" : [ ],	"testLoc" : "94",	"amplifiedClass" : "PMHeunStepperTest244",	"numberOfAllMutationsInOriginal" : 13,	"targetLoc" : 18,	"newCovered" : [ ],	"timeBudgetFinished" : false,	"notCoveredInOriginal" : [		{			"operatorDescription" : "Replace #ifTrue: receiver with false",			"class" : "PMHeunStepper",			"operatorClass" : "ReplaceIfTrueReceiverWithFalseOperator",			"mutationStart" : 148,			"method" : "doStep:time:",			"mutationEnd" : 224		}	],	"testCase" : "PMHeunStepperTest",	"unixtime" : 1605024043,	"timeTotal" : 33}