{	"targetClasses" : [		"PMHyperDualNumber"	],	"testMethodsIgnored" : [ ],	"methodsNotProfiled" : [ ],	"numberOfOriginalTestMethods" : 28,	"timeDetail" : [		"init: % 0.94 (18 seconds 891 milliseconds)",		"assertionAmplification: % 26.14 (8 minutes 42 seconds 975 milliseconds)",		"selection: % 3.07 (1 minute 1 second 376 milliseconds)",		"inputAmplification: % 68.87 (22 minutes 58 seconds 128 milliseconds)",		"finalize: % 0.98 (19 seconds 561 milliseconds)"	],	"notCoveredInAmplified" : [		{			"operatorDescription" : "Replace #- with #+",			"class" : "PMHyperDualNumber",			"operatorClass" : "ReplaceMinusWithPlusMutantOperator",			"mutationStart" : 196,			"method" : "-",			"mutationEnd" : 231		},		{			"operatorDescription" : "Replace #* with #/",			"class" : "PMHyperDualNumber",			"operatorClass" : "ReplaceMultiplicationWithDivisionMutantOperator",			"mutationStart" : 80,			"method" : "sin",			"mutationEnd" : 89		},		{			"operatorDescription" : "Replace #* with #/",			"class" : "PMHyperDualNumber",			"operatorClass" : "ReplaceMultiplicationWithDivisionMutantOperator",			"mutationStart" : 251,			"method" : "sqrt",			"mutationEnd" : 260		},		{			"operatorDescription" : "Replace #* with #/",			"class" : "PMHyperDualNumber",			"operatorClass" : "ReplaceMultiplicationWithDivisionMutantOperator",			"mutationStart" : 102,			"method" : "tan",			"mutationEnd" : 111		},		{			"operatorDescription" : "Replace #* with #/",			"class" : "PMHyperDualNumber",			"operatorClass" : "ReplaceMultiplicationWithDivisionMutantOperator",			"mutationStart" : 118,			"method" : "arcSin",			"mutationEnd" : 127		},		{			"operatorDescription" : "Remove ^",			"class" : "PMHyperDualNumber",			"operatorClass" : "RemoveCaretOperator",			"mutationStart" : 62,			"method" : "raisedToInteger:",			"mutationEnd" : 125		},		{			"operatorDescription" : "Replace #ifTrue: receiver with false",			"class" : "PMHyperDualNumber",			"operatorClass" : "ReplaceIfTrueReceiverWithFalseOperator",			"mutationStart" : 36,			"method" : "raisedToInteger:",			"mutationEnd" : 127		},		{			"operatorDescription" : "Replace #* with #/",			"class" : "PMHyperDualNumber",			"operatorClass" : "ReplaceMultiplicationWithDivisionMutantOperator",			"mutationStart" : 102,			"method" : "arcTan",			"mutationEnd" : 116		},		{			"operatorDescription" : "Replace #* with #/",			"class" : "PMHyperDualNumber",			"operatorClass" : "ReplaceMultiplicationWithDivisionMutantOperator",			"mutationStart" : 102,			"method" : "arcTan",			"mutationEnd" : 109		}	],	"mutationScoreAfter" : 94,	"mutationScoreBefore" : 82,	"testAmpLoc" : 433,	"amplifiedMethods" : [		"PMHyperDualNumberTest1399>>#testAccessing_amp_T79_A137",		"PMHyperDualNumberTest1399>>#testAbs_amp_A22_T67",		"PMHyperDualNumberTest1399>>#testAccessing_amp_T75_A79_A191",		"PMHyperDualNumberTest1399>>#testArcCos_amp_A6_O0",		"PMHyperDualNumberTest1399>>#testAccessing_amp_T75_A160",		"PMHyperDualNumberTest1399>>#testEqualsTo_amp_L55",		"PMHyperDualNumberTest1399>>#testAbs_amp_T41",		"PMHyperDualNumberTest1399>>#testArcSin_amp_A172_O1",		"PMHyperDualNumberTest1399>>#testAbs_amp_T21_T47",		"PMHyperDualNumberTest1399>>#testAccessing_amp_T75_A79_A188",		"PMHyperDualNumberTest1399>>#testCos_amp_A48_T135",		"PMHyperDualNumberTest1399>>#testAbs_amp_A12",		"PMHyperDualNumberTest1399>>#testExp_amp_A45_T12",		"PMHyperDualNumberTest1399>>#testAbs_amp_A22_T6"	],	"testLoc" : "450",	"amplifiedClass" : "PMHyperDualNumberTest1399",	"numberOfAllMutationsInOriginal" : 157,	"targetLoc" : 172,	"newCovered" : [		{			"operatorDescription" : "Replace #* with #/",			"class" : "PMHyperDualNumber",			"operatorClass" : "ReplaceMultiplicationWithDivisionMutantOperator",			"mutationStart" : 126,			"method" : "arcCos",			"mutationEnd" : 135		},		{			"operatorDescription" : "Replace #/ with #*",			"class" : "PMHyperDualNumber",			"operatorClass" : "ReplaceDivisionWithMultiplicationMutantOperator",			"mutationStart" : 110,			"method" : "arcCos",			"mutationEnd" : 121		},		{			"operatorDescription" : "Replace #/ with #*",			"class" : "PMHyperDualNumber",			"operatorClass" : "ReplaceDivisionWithMultiplicationMutantOperator",			"mutationStart" : 168,			"method" : "arcCos",			"mutationEnd" : 172		},		{			"operatorDescription" : "Replace #* with #/",			"class" : "PMHyperDualNumber",			"operatorClass" : "ReplaceMultiplicationWithDivisionMutantOperator",			"mutationStart" : 26,			"method" : "cos",			"mutationEnd" : 49		},		{			"operatorDescription" : "Replace #* with #/",			"class" : "PMHyperDualNumber",			"operatorClass" : "ReplaceMultiplicationWithDivisionMutantOperator",			"mutationStart" : 65,			"method" : "cos",			"mutationEnd" : 84		},		{			"operatorDescription" : "Replace #+ with #-",			"class" : "PMHyperDualNumber",			"operatorClass" : "ReplacePlusWithMinusMutantOperator",			"mutationStart" : 64,			"method" : "cos",			"mutationEnd" : 112		},		{			"operatorDescription" : "Replace #and: receiver with true",			"class" : "PMHyperDualNumber",			"operatorClass" : "ReplaceAndReceiverWithTrueOperator",			"mutationStart" : 31,			"method" : "equalsTo:",			"mutationEnd" : 172		},		{			"operatorDescription" : "Replace #and: with #bEqv:",			"class" : "PMHyperDualNumber",			"operatorClass" : "ReplaceAndWithEqvMutantOperator",			"mutationStart" : 75,			"method" : "equalsTo:",			"mutationEnd" : 170		},		{			"operatorDescription" : "Replace #* with #/",			"class" : "PMHyperDualNumber",			"operatorClass" : "ReplaceMultiplicationWithDivisionMutantOperator",			"mutationStart" : 137,			"method" : "sqrt",			"mutationEnd" : 186		},		{			"operatorDescription" : "Replace #/ with #*",			"class" : "PMHyperDualNumber",			"operatorClass" : "ReplaceDivisionWithMultiplicationMutantOperator",			"mutationStart" : 235,			"method" : "sqrt",			"mutationEnd" : 246		},		{			"operatorDescription" : "Replace #/ with #*",			"class" : "PMHyperDualNumber",			"operatorClass" : "ReplaceDivisionWithMultiplicationMutantOperator",			"mutationStart" : 82,			"method" : "tan",			"mutationEnd" : 93		},		{			"operatorDescription" : "Replace #/ with #*",			"class" : "PMHyperDualNumber",			"operatorClass" : "ReplaceDivisionWithMultiplicationMutantOperator",			"mutationStart" : 102,			"method" : "arcSin",			"mutationEnd" : 113		},		{			"operatorDescription" : "Replace #/ with #*",			"class" : "PMHyperDualNumber",			"operatorClass" : "ReplaceDivisionWithMultiplicationMutantOperator",			"mutationStart" : 152,			"method" : "arcSin",			"mutationEnd" : 156		},		{			"operatorDescription" : "Replace #/ with #*",			"class" : "PMHyperDualNumber",			"operatorClass" : "ReplaceDivisionWithMultiplicationMutantOperator",			"mutationStart" : 122,			"method" : "ln",			"mutationEnd" : 133		},		{			"operatorDescription" : "Replace #* with #/",			"class" : "PMHyperDualNumber",			"operatorClass" : "ReplaceMultiplicationWithDivisionMutantOperator",			"mutationStart" : 220,			"method" : "raisedToInteger:",			"mutationEnd" : 235		},		{			"operatorDescription" : "Replace #* with #/",			"class" : "PMHyperDualNumber",			"operatorClass" : "ReplaceMultiplicationWithDivisionMutantOperator",			"mutationStart" : 257,			"method" : "raisedToInteger:",			"mutationEnd" : 276		},		{			"operatorDescription" : "Replace #* with #/",			"class" : "PMHyperDualNumber",			"operatorClass" : "ReplaceMultiplicationWithDivisionMutantOperator",			"mutationStart" : 294,			"method" : "raisedToInteger:",			"mutationEnd" : 303		},		{			"operatorDescription" : "Replace #* with #/",			"class" : "PMHyperDualNumber",			"operatorClass" : "ReplaceMultiplicationWithDivisionMutantOperator",			"mutationStart" : 96,			"method" : "squared",			"mutationEnd" : 105		},		{			"operatorDescription" : "Replace #/ with #*",			"class" : "PMHyperDualNumber",			"operatorClass" : "ReplaceDivisionWithMultiplicationMutantOperator",			"mutationStart" : 86,			"method" : "arcTan",			"mutationEnd" : 97		}	],	"timeBudgetFinished" : false,	"notCoveredInOriginal" : [		{			"operatorDescription" : "Replace #* with #/",			"class" : "PMHyperDualNumber",			"operatorClass" : "ReplaceMultiplicationWithDivisionMutantOperator",			"mutationStart" : 126,			"method" : "arcCos",			"mutationEnd" : 135		},		{			"operatorDescription" : "Replace #/ with #*",			"class" : "PMHyperDualNumber",			"operatorClass" : "ReplaceDivisionWithMultiplicationMutantOperator",			"mutationStart" : 110,			"method" : "arcCos",			"mutationEnd" : 121		},		{			"operatorDescription" : "Replace #/ with #*",			"class" : "PMHyperDualNumber",			"operatorClass" : "ReplaceDivisionWithMultiplicationMutantOperator",			"mutationStart" : 168,			"method" : "arcCos",			"mutationEnd" : 172		},		{			"operatorDescription" : "Replace #- with #+",			"class" : "PMHyperDualNumber",			"operatorClass" : "ReplaceMinusWithPlusMutantOperator",			"mutationStart" : 196,			"method" : "-",			"mutationEnd" : 231		},		{			"operatorDescription" : "Replace #* with #/",			"class" : "PMHyperDualNumber",			"operatorClass" : "ReplaceMultiplicationWithDivisionMutantOperator",			"mutationStart" : 80,			"method" : "sin",			"mutationEnd" : 89		},		{			"operatorDescription" : "Replace #* with #/",			"class" : "PMHyperDualNumber",			"operatorClass" : "ReplaceMultiplicationWithDivisionMutantOperator",			"mutationStart" : 26,			"method" : "cos",			"mutationEnd" : 49		},		{			"operatorDescription" : "Replace #* with #/",			"class" : "PMHyperDualNumber",			"operatorClass" : "ReplaceMultiplicationWithDivisionMutantOperator",			"mutationStart" : 65,			"method" : "cos",			"mutationEnd" : 84		},		{			"operatorDescription" : "Replace #+ with #-",			"class" : "PMHyperDualNumber",			"operatorClass" : "ReplacePlusWithMinusMutantOperator",			"mutationStart" : 64,			"method" : "cos",			"mutationEnd" : 112		},		{			"operatorDescription" : "Replace #and: receiver with true",			"class" : "PMHyperDualNumber",			"operatorClass" : "ReplaceAndReceiverWithTrueOperator",			"mutationStart" : 31,			"method" : "equalsTo:",			"mutationEnd" : 172		},		{			"operatorDescription" : "Replace #and: with #bEqv:",			"class" : "PMHyperDualNumber",			"operatorClass" : "ReplaceAndWithEqvMutantOperator",			"mutationStart" : 75,			"method" : "equalsTo:",			"mutationEnd" : 170		},		{			"operatorDescription" : "Replace #* with #/",			"class" : "PMHyperDualNumber",			"operatorClass" : "ReplaceMultiplicationWithDivisionMutantOperator",			"mutationStart" : 137,			"method" : "sqrt",			"mutationEnd" : 186		},		{			"operatorDescription" : "Replace #* with #/",			"class" : "PMHyperDualNumber",			"operatorClass" : "ReplaceMultiplicationWithDivisionMutantOperator",			"mutationStart" : 251,			"method" : "sqrt",			"mutationEnd" : 260		},		{			"operatorDescription" : "Replace #/ with #*",			"class" : "PMHyperDualNumber",			"operatorClass" : "ReplaceDivisionWithMultiplicationMutantOperator",			"mutationStart" : 235,			"method" : "sqrt",			"mutationEnd" : 246		},		{			"operatorDescription" : "Replace #* with #/",			"class" : "PMHyperDualNumber",			"operatorClass" : "ReplaceMultiplicationWithDivisionMutantOperator",			"mutationStart" : 102,			"method" : "tan",			"mutationEnd" : 111		},		{			"operatorDescription" : "Replace #/ with #*",			"class" : "PMHyperDualNumber",			"operatorClass" : "ReplaceDivisionWithMultiplicationMutantOperator",			"mutationStart" : 82,			"method" : "tan",			"mutationEnd" : 93		},		{			"operatorDescription" : "Replace #* with #/",			"class" : "PMHyperDualNumber",			"operatorClass" : "ReplaceMultiplicationWithDivisionMutantOperator",			"mutationStart" : 118,			"method" : "arcSin",			"mutationEnd" : 127		},		{			"operatorDescription" : "Replace #/ with #*",			"class" : "PMHyperDualNumber",			"operatorClass" : "ReplaceDivisionWithMultiplicationMutantOperator",			"mutationStart" : 102,			"method" : "arcSin",			"mutationEnd" : 113		},		{			"operatorDescription" : "Replace #/ with #*",			"class" : "PMHyperDualNumber",			"operatorClass" : "ReplaceDivisionWithMultiplicationMutantOperator",			"mutationStart" : 152,			"method" : "arcSin",			"mutationEnd" : 156		},		{			"operatorDescription" : "Replace #/ with #*",			"class" : "PMHyperDualNumber",			"operatorClass" : "ReplaceDivisionWithMultiplicationMutantOperator",			"mutationStart" : 122,			"method" : "ln",			"mutationEnd" : 133		},		{			"operatorDescription" : "Remove ^",			"class" : "PMHyperDualNumber",			"operatorClass" : "RemoveCaretOperator",			"mutationStart" : 62,			"method" : "raisedToInteger:",			"mutationEnd" : 125		},		{			"operatorDescription" : "Replace #* with #/",			"class" : "PMHyperDualNumber",			"operatorClass" : "ReplaceMultiplicationWithDivisionMutantOperator",			"mutationStart" : 220,			"method" : "raisedToInteger:",			"mutationEnd" : 235		},		{			"operatorDescription" : "Replace #* with #/",			"class" : "PMHyperDualNumber",			"operatorClass" : "ReplaceMultiplicationWithDivisionMutantOperator",			"mutationStart" : 257,			"method" : "raisedToInteger:",			"mutationEnd" : 276		},		{			"operatorDescription" : "Replace #* with #/",			"class" : "PMHyperDualNumber",			"operatorClass" : "ReplaceMultiplicationWithDivisionMutantOperator",			"mutationStart" : 294,			"method" : "raisedToInteger:",			"mutationEnd" : 303		},		{			"operatorDescription" : "Replace #ifTrue: receiver with false",			"class" : "PMHyperDualNumber",			"operatorClass" : "ReplaceIfTrueReceiverWithFalseOperator",			"mutationStart" : 36,			"method" : "raisedToInteger:",			"mutationEnd" : 127		},		{			"operatorDescription" : "Replace #* with #/",			"class" : "PMHyperDualNumber",			"operatorClass" : "ReplaceMultiplicationWithDivisionMutantOperator",			"mutationStart" : 96,			"method" : "squared",			"mutationEnd" : 105		},		{			"operatorDescription" : "Replace #* with #/",			"class" : "PMHyperDualNumber",			"operatorClass" : "ReplaceMultiplicationWithDivisionMutantOperator",			"mutationStart" : 102,			"method" : "arcTan",			"mutationEnd" : 116		},		{			"operatorDescription" : "Replace #* with #/",			"class" : "PMHyperDualNumber",			"operatorClass" : "ReplaceMultiplicationWithDivisionMutantOperator",			"mutationStart" : 102,			"method" : "arcTan",			"mutationEnd" : 109		},		{			"operatorDescription" : "Replace #/ with #*",			"class" : "PMHyperDualNumber",			"operatorClass" : "ReplaceDivisionWithMultiplicationMutantOperator",			"mutationStart" : 86,			"method" : "arcTan",			"mutationEnd" : 97		}	],	"testCase" : "PMHyperDualNumberTest",	"unixtime" : 1605082509,	"timeTotal" : 2000}