{	"targetClasses" : [		"PMImplicitMidpointStepper"	],	"testMethodsIgnored" : [ ],	"methodsNotProfiled" : [ ],	"numberOfOriginalTestMethods" : 5,	"timeDetail" : [		"init: % 0.67 (230 milliseconds)",		"assertionAmplification: % 55.99 (19 seconds 361 milliseconds)",		"selection: % 6.62 (2 seconds 288 milliseconds)",		"inputAmplification: % 36.14 (12 seconds 497 milliseconds)",		"finalize: % 0.58 (201 milliseconds)"	],	"notCoveredInAmplified" : [		{			"operatorDescription" : "Replace #ifTrue: receiver with false",			"class" : "PMImplicitMidpointStepper",			"operatorClass" : "ReplaceIfTrueReceiverWithFalseOperator",			"mutationStart" : 153,			"method" : "doStep:time:",			"mutationEnd" : 229		}	],	"mutationScoreAfter" : 93,	"mutationScoreBefore" : 93,	"testAmpLoc" : 0,	"amplifiedMethods" : [ ],	"testLoc" : "71",	"amplifiedClass" : "PMImplicitMidpointStepperTest244",	"numberOfAllMutationsInOriginal" : 16,	"targetLoc" : 19,	"newCovered" : [ ],	"timeBudgetFinished" : false,	"notCoveredInOriginal" : [		{			"operatorDescription" : "Replace #ifTrue: receiver with false",			"class" : "PMImplicitMidpointStepper",			"operatorClass" : "ReplaceIfTrueReceiverWithFalseOperator",			"mutationStart" : 153,			"method" : "doStep:time:",			"mutationEnd" : 229		}	],	"testCase" : "PMImplicitMidpointStepperTest",	"unixtime" : 1605021959,	"timeTotal" : 34}