{	"targetClasses" : [		"PMKDTree"	],	"testMethodsIgnored" : [ ],	"methodsNotProfiled" : [ ],	"numberOfOriginalTestMethods" : 13,	"timeDetail" : [		"init: % 2.42 (3 minutes 55 seconds 225 milliseconds)",		"assertionAmplification: % 50.35 (1 hour 21 minutes 32 seconds 61 milliseconds)",		"selection: % 7.95 (12 minutes 52 seconds 358 milliseconds)",		"inputAmplification: % 38.47 (1 hour 2 minutes 17 seconds 769 milliseconds)",		"finalize: % 0.82 (1 minute 19 seconds 284 milliseconds)"	],	"notCoveredInAmplified" : [		{			"operatorDescription" : "Remove ^",			"class" : "PMKDTree",			"operatorClass" : "RemoveCaretOperator",			"mutationStart" : 285,			"method" : "nnSearch:near:",			"mutationEnd" : 290		},		{			"operatorDescription" : "Replace #ifTrue: receiver with false",			"class" : "PMKDTree",			"operatorClass" : "ReplaceIfTrueReceiverWithFalseOperator",			"mutationStart" : 177,			"method" : "nnSearch:near:",			"mutationEnd" : 292		},		{			"operatorDescription" : "Replace #ifFalse: receiver with true",			"class" : "PMKDTree class",			"operatorClass" : "ReplaceIfFalseReceiverWithTrueOperator",			"mutationStart" : 154,			"method" : "withAll:",			"mutationEnd" : 344		}	],	"mutationScoreAfter" : 92,	"mutationScoreBefore" : 92,	"testAmpLoc" : 0,	"amplifiedMethods" : [ ],	"testLoc" : "129",	"amplifiedClass" : "PMKDTreeTest631",	"numberOfAllMutationsInOriginal" : 40,	"targetLoc" : 62,	"newCovered" : [ ],	"timeBudgetFinished" : false,	"notCoveredInOriginal" : [		{			"operatorDescription" : "Remove ^",			"class" : "PMKDTree",			"operatorClass" : "RemoveCaretOperator",			"mutationStart" : 285,			"method" : "nnSearch:near:",			"mutationEnd" : 290		},		{			"operatorDescription" : "Replace #ifTrue: receiver with false",			"class" : "PMKDTree",			"operatorClass" : "ReplaceIfTrueReceiverWithFalseOperator",			"mutationStart" : 177,			"method" : "nnSearch:near:",			"mutationEnd" : 292		},		{			"operatorDescription" : "Replace #ifFalse: receiver with true",			"class" : "PMKDTree class",			"operatorClass" : "ReplaceIfFalseReceiverWithTrueOperator",			"mutationStart" : 154,			"method" : "withAll:",			"mutationEnd" : 344		}	],	"testCase" : "PMKDTreeTest",	"unixtime" : 1605051274,	"timeTotal" : 9716}