{	"targetClasses" : [		"PMKolmogorovSmirnov1Sample"	],	"testMethodsIgnored" : [ ],	"methodsNotProfiled" : [		"PMKolmogorovSmirnov1Sample>>#printOn:"	],	"numberOfOriginalTestMethods" : 5,	"timeDetail" : [		"init: % 0.36 (2 seconds 584 milliseconds)",		"assertionAmplification: % 46.36 (5 minutes 28 seconds 344 milliseconds)",		"selection: % 5.83 (41 seconds 312 milliseconds)",		"inputAmplification: % 47.23 (5 minutes 34 seconds 546 milliseconds)",		"finalize: % 0.21 (1 second 476 milliseconds)"	],	"notCoveredInAmplified" : [		{			"operatorDescription" : "Remove ^",			"class" : "PMKolmogorovSmirnov1Sample class",			"operatorClass" : "RemoveCaretOperator",			"mutationStart" : 19,			"method" : "data:",			"mutationEnd" : 55		}	],	"mutationScoreAfter" : 90,	"mutationScoreBefore" : 72,	"testAmpLoc" : 27,	"amplifiedMethods" : [		"PMKolmogorovSmirnov1SampleTest232>>#testCorrectPopulationProbabilistic_amp_A1",		"PMKolmogorovSmirnov1SampleTest232>>#testRejectOfEqualityHypothesesForSampleVersusDistribution_amp_U4"	],	"testLoc" : "47",	"amplifiedClass" : "PMKolmogorovSmirnov1SampleTest232",	"numberOfAllMutationsInOriginal" : 11,	"targetLoc" : 40,	"newCovered" : [		{			"operatorDescription" : "Remove ^",			"class" : "PMKolmogorovSmirnov1Sample",			"operatorClass" : "RemoveCaretOperator",			"mutationStart" : 96,			"method" : "data:",			"mutationEnd" : 135		},		{			"operatorDescription" : "Replace #- with #+",			"class" : "PMKolmogorovSmirnov1Sample",			"operatorClass" : "ReplaceMinusWithPlusMutantOperator",			"mutationStart" : 171,			"method" : "ksStatistic",			"mutationEnd" : 177		}	],	"timeBudgetFinished" : false,	"notCoveredInOriginal" : [		{			"operatorDescription" : "Remove ^",			"class" : "PMKolmogorovSmirnov1Sample",			"operatorClass" : "RemoveCaretOperator",			"mutationStart" : 96,			"method" : "data:",			"mutationEnd" : 135		},		{			"operatorDescription" : "Replace #- with #+",			"class" : "PMKolmogorovSmirnov1Sample",			"operatorClass" : "ReplaceMinusWithPlusMutantOperator",			"mutationStart" : 171,			"method" : "ksStatistic",			"mutationEnd" : 177		},		{			"operatorDescription" : "Remove ^",			"class" : "PMKolmogorovSmirnov1Sample class",			"operatorClass" : "RemoveCaretOperator",			"mutationStart" : 19,			"method" : "data:",			"mutationEnd" : 55		}	],	"testCase" : "PMKolmogorovSmirnov1SampleTest",	"unixtime" : 1605000329,	"timeTotal" : 708}