{	"targetClasses" : [		"PMKolmogorovSmirnov2Sample"	],	"testMethodsIgnored" : [ ],	"methodsNotProfiled" : [		"PMKolmogorovSmirnov2Sample>>#printOn:"	],	"numberOfOriginalTestMethods" : 4,	"timeDetail" : [		"init: % 22.88 (36 seconds 416 milliseconds)",		"assertionAmplification: % 38.97 (1 minute 2 seconds 24 milliseconds)",		"selection: % 5.69 (9 seconds 63 milliseconds)",		"inputAmplification: % 10.32 (16 seconds 428 milliseconds)",		"finalize: % 22.13 (35 seconds 224 milliseconds)"	],	"notCoveredInAmplified" : [		{			"operatorDescription" : "Remove ^",			"class" : "PMKolmogorovSmirnov2Sample",			"operatorClass" : "RemoveCaretOperator",			"mutationStart" : 197,			"method" : "initKSStatistic",			"mutationEnd" : 202		},		{			"operatorDescription" : "Replace #> with #<",			"class" : "PMKolmogorovSmirnov2Sample",			"operatorClass" : "ReplaceGreaterWithLessMutantOperator",			"mutationStart" : 164,			"method" : "initKSStatistic",			"mutationEnd" : 182		},		{			"operatorDescription" : "Replace #ifFalse: receiver with false",			"class" : "PMKolmogorovSmirnov2Sample",			"operatorClass" : "ReplaceIfFalseReceiverWithFalseOperator",			"mutationStart" : 164,			"method" : "initKSStatistic",			"mutationEnd" : 204		},		{			"operatorDescription" : "Replace #ifFalse: receiver with true",			"class" : "PMKolmogorovSmirnov2Sample",			"operatorClass" : "ReplaceIfFalseReceiverWithTrueOperator",			"mutationStart" : 164,			"method" : "initKSStatistic",			"mutationEnd" : 204		},		{			"operatorDescription" : "Replace #ifFalse: with #ifTrue:",			"class" : "PMKolmogorovSmirnov2Sample",			"operatorClass" : "ReplaceIfFalseWithIfTrueMutantOperator",			"mutationStart" : 164,			"method" : "initKSStatistic",			"mutationEnd" : 204		}	],	"mutationScoreAfter" : 90,	"mutationScoreBefore" : 85,	"testAmpLoc" : 128,	"amplifiedMethods" : [		"PMKolmogorovSmirnov2SampleTest208>>#testRejectOfEqualityHypothesesForTwoSamples_amp_A2",		"PMKolmogorovSmirnov2SampleTest208>>#testRejectOfEqualityHypothesesForTwoSamples_amp_A5"	],	"testLoc" : "50",	"amplifiedClass" : "PMKolmogorovSmirnov2SampleTest208",	"numberOfAllMutationsInOriginal" : 55,	"targetLoc" : 94,	"newCovered" : [		{			"operatorDescription" : "Remove ^",			"class" : "PMKolmogorovSmirnov2Sample",			"operatorClass" : "RemoveCaretOperator",			"mutationStart" : 342,			"method" : "makeCDFOf:intoFirst:",			"mutationEnd" : 417		},		{			"operatorDescription" : "Remove ^",			"class" : "PMKolmogorovSmirnov2Sample",			"operatorClass" : "RemoveCaretOperator",			"mutationStart" : 41,			"method" : "data:",			"mutationEnd" : 85		},		{			"operatorDescription" : "Remove ^",			"class" : "PMKolmogorovSmirnov2Sample",			"operatorClass" : "RemoveCaretOperator",			"mutationStart" : 46,			"method" : "otherData:",			"mutationEnd" : 91		}	],	"timeBudgetFinished" : false,	"notCoveredInOriginal" : [		{			"operatorDescription" : "Remove ^",			"class" : "PMKolmogorovSmirnov2Sample",			"operatorClass" : "RemoveCaretOperator",			"mutationStart" : 342,			"method" : "makeCDFOf:intoFirst:",			"mutationEnd" : 417		},		{			"operatorDescription" : "Remove ^",			"class" : "PMKolmogorovSmirnov2Sample",			"operatorClass" : "RemoveCaretOperator",			"mutationStart" : 41,			"method" : "data:",			"mutationEnd" : 85		},		{			"operatorDescription" : "Remove ^",			"class" : "PMKolmogorovSmirnov2Sample",			"operatorClass" : "RemoveCaretOperator",			"mutationStart" : 46,			"method" : "otherData:",			"mutationEnd" : 91		},		{			"operatorDescription" : "Remove ^",			"class" : "PMKolmogorovSmirnov2Sample",			"operatorClass" : "RemoveCaretOperator",			"mutationStart" : 197,			"method" : "initKSStatistic",			"mutationEnd" : 202		},		{			"operatorDescription" : "Replace #> with #<",			"class" : "PMKolmogorovSmirnov2Sample",			"operatorClass" : "ReplaceGreaterWithLessMutantOperator",			"mutationStart" : 164,			"method" : "initKSStatistic",			"mutationEnd" : 182		},		{			"operatorDescription" : "Replace #ifFalse: receiver with false",			"class" : "PMKolmogorovSmirnov2Sample",			"operatorClass" : "ReplaceIfFalseReceiverWithFalseOperator",			"mutationStart" : 164,			"method" : "initKSStatistic",			"mutationEnd" : 204		},		{			"operatorDescription" : "Replace #ifFalse: receiver with true",			"class" : "PMKolmogorovSmirnov2Sample",			"operatorClass" : "ReplaceIfFalseReceiverWithTrueOperator",			"mutationStart" : 164,			"method" : "initKSStatistic",			"mutationEnd" : 204		},		{			"operatorDescription" : "Replace #ifFalse: with #ifTrue:",			"class" : "PMKolmogorovSmirnov2Sample",			"operatorClass" : "ReplaceIfFalseWithIfTrueMutantOperator",			"mutationStart" : 164,			"method" : "initKSStatistic",			"mutationEnd" : 204		}	],	"testCase" : "PMKolmogorovSmirnov2SampleTest",	"unixtime" : 1605000489,	"timeTotal" : 159}