{	"targetClasses" : [		"PMKolmogorovsDistribution"	],	"testMethodsIgnored" : [ ],	"methodsNotProfiled" : [		"PMKolmogorovsDistribution>>#value:"	],	"numberOfOriginalTestMethods" : 3,	"timeDetail" : [		"init: % 3.66 (654 milliseconds)",		"assertionAmplification: % 53.50 (9 seconds 558 milliseconds)",		"selection: % 18.05 (3 seconds 225 milliseconds)",		"inputAmplification: % 20.87 (3 seconds 729 milliseconds)",		"finalize: % 3.91 (699 milliseconds)"	],	"notCoveredInAmplified" : [		{			"operatorDescription" : "Remove ^",			"class" : "PMKolmogorovsDistribution",			"operatorClass" : "RemoveCaretOperator",			"mutationStart" : 426,			"method" : "exampleSize:",			"mutationEnd" : 441		},		{			"operatorDescription" : "Remove ^",			"class" : "PMKolmogorovsDistribution",			"operatorClass" : "RemoveCaretOperator",			"mutationStart" : 16,			"method" : "value:",			"mutationEnd" : 59		},		{			"operatorDescription" : "Replace #- with #+",			"class" : "PMKolmogorovsDistribution",			"operatorClass" : "ReplaceMinusWithPlusMutantOperator",			"mutationStart" : 39,			"method" : "value:",			"mutationEnd" : 50		},		{			"operatorDescription" : "Replace #/ with #*",			"class" : "PMKolmogorovsDistribution",			"operatorClass" : "ReplaceDivisionWithMultiplicationMutantOperator",			"mutationStart" : 18,			"method" : "value:",			"mutationEnd" : 59		},		{			"operatorDescription" : "Replace #/ with #*",			"class" : "PMKolmogorovsDistribution",			"operatorClass" : "ReplaceDivisionWithMultiplicationMutantOperator",			"mutationStart" : 39,			"method" : "value:",			"mutationEnd" : 54		},		{			"operatorDescription" : "Remove ^",			"class" : "PMKolmogorovsDistribution",			"operatorClass" : "RemoveCaretOperator",			"mutationStart" : 135,			"method" : "distributionValue:",			"mutationEnd" : 137		},		{			"operatorDescription" : "Remove ^",			"class" : "PMKolmogorovsDistribution",			"operatorClass" : "RemoveCaretOperator",			"mutationStart" : 162,			"method" : "distributionValue:",			"mutationEnd" : 164		},		{			"operatorDescription" : "Replace #'<=' with #<",			"class" : "PMKolmogorovsDistribution",			"operatorClass" : "ReplaceLessOrEqualWithLessMutantOperator",			"mutationStart" : 116,			"method" : "distributionValue:",			"mutationEnd" : 121		},		{			"operatorDescription" : "Replace #'<=' with #=",			"class" : "PMKolmogorovsDistribution",			"operatorClass" : "ReplaceLessOrEqualWithEqualMutantOperator",			"mutationStart" : 116,			"method" : "distributionValue:",			"mutationEnd" : 121		},		{			"operatorDescription" : "Replace #'>=' with #=",			"class" : "PMKolmogorovsDistribution",			"operatorClass" : "ReplaceGreaterOrEqualWithEqualMutantOperator",			"mutationStart" : 143,			"method" : "distributionValue:",			"mutationEnd" : 148		},		{			"operatorDescription" : "Replace #'>=' with #>",			"class" : "PMKolmogorovsDistribution",			"operatorClass" : "ReplaceGreaterOrEqualWithGreaterMutantOperator",			"mutationStart" : 143,			"method" : "distributionValue:",			"mutationEnd" : 148		},		{			"operatorDescription" : "Replace #- with #+",			"class" : "PMKolmogorovsDistribution",			"operatorClass" : "ReplaceMinusWithPlusMutantOperator",			"mutationStart" : 97,			"method" : "distributionValue:",			"mutationEnd" : 108		},		{			"operatorDescription" : "Replace #/ with #*",			"class" : "PMKolmogorovsDistribution",			"operatorClass" : "ReplaceDivisionWithMultiplicationMutantOperator",			"mutationStart" : 97,			"method" : "distributionValue:",			"mutationEnd" : 112		},		{			"operatorDescription" : "Replace #ifTrue: receiver with false",			"class" : "PMKolmogorovsDistribution",			"operatorClass" : "ReplaceIfTrueReceiverWithFalseOperator",			"mutationStart" : 116,			"method" : "distributionValue:",			"mutationEnd" : 139		},		{			"operatorDescription" : "Replace #ifTrue: receiver with false",			"class" : "PMKolmogorovsDistribution",			"operatorClass" : "ReplaceIfTrueReceiverWithFalseOperator",			"mutationStart" : 143,			"method" : "distributionValue:",			"mutationEnd" : 166		},		{			"operatorDescription" : "Remove ^",			"class" : "PMKolmogorovsDistribution class",			"operatorClass" : "RemoveCaretOperator",			"mutationStart" : 19,			"method" : "distributionName",			"mutationEnd" : 46		}	],	"mutationScoreAfter" : 78,	"mutationScoreBefore" : 78,	"testAmpLoc" : 0,	"amplifiedMethods" : [ ],	"testLoc" : "36",	"amplifiedClass" : "PMKolmogorovsDistributionTest171",	"numberOfAllMutationsInOriginal" : 74,	"targetLoc" : 51,	"newCovered" : [ ],	"timeBudgetFinished" : false,	"notCoveredInOriginal" : [		{			"operatorDescription" : "Remove ^",			"class" : "PMKolmogorovsDistribution",			"operatorClass" : "RemoveCaretOperator",			"mutationStart" : 426,			"method" : "exampleSize:",			"mutationEnd" : 441		},		{			"operatorDescription" : "Remove ^",			"class" : "PMKolmogorovsDistribution",			"operatorClass" : "RemoveCaretOperator",			"mutationStart" : 16,			"method" : "value:",			"mutationEnd" : 59		},		{			"operatorDescription" : "Replace #- with #+",			"class" : "PMKolmogorovsDistribution",			"operatorClass" : "ReplaceMinusWithPlusMutantOperator",			"mutationStart" : 39,			"method" : "value:",			"mutationEnd" : 50		},		{			"operatorDescription" : "Replace #/ with #*",			"class" : "PMKolmogorovsDistribution",			"operatorClass" : "ReplaceDivisionWithMultiplicationMutantOperator",			"mutationStart" : 18,			"method" : "value:",			"mutationEnd" : 59		},		{			"operatorDescription" : "Replace #/ with #*",			"class" : "PMKolmogorovsDistribution",			"operatorClass" : "ReplaceDivisionWithMultiplicationMutantOperator",			"mutationStart" : 39,			"method" : "value:",			"mutationEnd" : 54		},		{			"operatorDescription" : "Remove ^",			"class" : "PMKolmogorovsDistribution",			"operatorClass" : "RemoveCaretOperator",			"mutationStart" : 135,			"method" : "distributionValue:",			"mutationEnd" : 137		},		{			"operatorDescription" : "Remove ^",			"class" : "PMKolmogorovsDistribution",			"operatorClass" : "RemoveCaretOperator",			"mutationStart" : 162,			"method" : "distributionValue:",			"mutationEnd" : 164		},		{			"operatorDescription" : "Replace #'<=' with #<",			"class" : "PMKolmogorovsDistribution",			"operatorClass" : "ReplaceLessOrEqualWithLessMutantOperator",			"mutationStart" : 116,			"method" : "distributionValue:",			"mutationEnd" : 121		},		{			"operatorDescription" : "Replace #'<=' with #=",			"class" : "PMKolmogorovsDistribution",			"operatorClass" : "ReplaceLessOrEqualWithEqualMutantOperator",			"mutationStart" : 116,			"method" : "distributionValue:",			"mutationEnd" : 121		},		{			"operatorDescription" : "Replace #'>=' with #=",			"class" : "PMKolmogorovsDistribution",			"operatorClass" : "ReplaceGreaterOrEqualWithEqualMutantOperator",			"mutationStart" : 143,			"method" : "distributionValue:",			"mutationEnd" : 148		},		{			"operatorDescription" : "Replace #'>=' with #>",			"class" : "PMKolmogorovsDistribution",			"operatorClass" : "ReplaceGreaterOrEqualWithGreaterMutantOperator",			"mutationStart" : 143,			"method" : "distributionValue:",			"mutationEnd" : 148		},		{			"operatorDescription" : "Replace #- with #+",			"class" : "PMKolmogorovsDistribution",			"operatorClass" : "ReplaceMinusWithPlusMutantOperator",			"mutationStart" : 97,			"method" : "distributionValue:",			"mutationEnd" : 108		},		{			"operatorDescription" : "Replace #/ with #*",			"class" : "PMKolmogorovsDistribution",			"operatorClass" : "ReplaceDivisionWithMultiplicationMutantOperator",			"mutationStart" : 97,			"method" : "distributionValue:",			"mutationEnd" : 112		},		{			"operatorDescription" : "Replace #ifTrue: receiver with false",			"class" : "PMKolmogorovsDistribution",			"operatorClass" : "ReplaceIfTrueReceiverWithFalseOperator",			"mutationStart" : 116,			"method" : "distributionValue:",			"mutationEnd" : 139		},		{			"operatorDescription" : "Replace #ifTrue: receiver with false",			"class" : "PMKolmogorovsDistribution",			"operatorClass" : "ReplaceIfTrueReceiverWithFalseOperator",			"mutationStart" : 143,			"method" : "distributionValue:",			"mutationEnd" : 166		},		{			"operatorDescription" : "Remove ^",			"class" : "PMKolmogorovsDistribution class",			"operatorClass" : "RemoveCaretOperator",			"mutationStart" : 19,			"method" : "distributionName",			"mutationEnd" : 46		}	],	"testCase" : "PMKolmogorovsDistributionTest",	"unixtime" : 1604999126,	"timeTotal" : 17}