{	"targetClasses" : [		"PMMatrix"	],	"testMethodsIgnored" : [ ],	"methodsNotProfiled" : [		"PMMatrix>>#strassenProductWithMatrix:",		"PMMatrix>>#inversePivotColumns:",		"PMMatrix>>#largestPowerOf2SmallerThan:",		"PMMatrix>>#swapColumn:withColumn:",		"PMMatrix>>#equalsTo:",		"PMMatrix>>#transposeProductWithMatrix:",		"PMMatrix>>#setDiagonal:",		"PMMatrix>>#scaleBy:",		"PMMatrix class>>#join:",		"PMMatrix class>>#rows:columns:random:"	],	"numberOfOriginalTestMethods" : 55,	"timeDetail" : [		"init: % 1.12 (1 minute 19 seconds 453 milliseconds)",		"assertionAmplification: % 52.62 (1 hour 1 minute 58 seconds 158 milliseconds)",		"selection: % 18.02 (21 minutes 13 seconds 35 milliseconds)",		"inputAmplification: % 26.91 (31 minutes 41 seconds 868 milliseconds)",		"finalize: % 1.33 (1 minute 33 seconds 749 milliseconds)"	],	"notCoveredInAmplified" : [		{			"operatorDescription" : "Replace #ifTrue: receiver with false",			"class" : "PMMatrix",			"operatorClass" : "ReplaceIfTrueReceiverWithFalseOperator",			"mutationStart" : 1418,			"method" : "qrFactorizationWithPivoting",			"mutationEnd" : 1457		},		{			"operatorDescription" : "Replace #ifTrue: receiver with true",			"class" : "PMMatrix",			"operatorClass" : "ReplaceIfTrueReceiverWithTrueOperator",			"mutationStart" : 1724,			"method" : "qrFactorizationWithPivoting",			"mutationEnd" : 1942		},		{			"operatorDescription" : "Replace #ifTrue:ifFalse: receiver with true",			"class" : "PMMatrix",			"operatorClass" : "ReplaceIfTrueIfFalseReceiverWithTrueOperator",			"mutationStart" : 1469,			"method" : "qrFactorizationWithPivoting",			"mutationEnd" : 1554		},		{			"operatorDescription" : "Remove ^",			"class" : "PMMatrix",			"operatorClass" : "RemoveCaretOperator",			"mutationStart" : 166,			"method" : "strassenProductWithMatrix:",			"mutationEnd" : 257		},		{			"operatorDescription" : "Remove ^",			"class" : "PMMatrix",			"operatorClass" : "RemoveCaretOperator",			"mutationStart" : 1094,			"method" : "strassenProductWithMatrix:",			"mutationEnd" : 1242		},		{			"operatorDescription" : "Replace #* with #/",			"class" : "PMMatrix",			"operatorClass" : "ReplaceMultiplicationWithDivisionMutantOperator",			"mutationStart" : 246,			"method" : "strassenProductWithMatrix:",			"mutationEnd" : 254		},		{			"operatorDescription" : "Replace #+ with #-",			"class" : "PMMatrix",			"operatorClass" : "ReplacePlusWithMinusMutantOperator",			"mutationStart" : 470,			"method" : "strassenProductWithMatrix:",			"mutationEnd" : 515		},		{			"operatorDescription" : "Replace #+ with #-",			"class" : "PMMatrix",			"operatorClass" : "ReplacePlusWithMinusMutantOperator",			"mutationStart" : 571,			"method" : "strassenProductWithMatrix:",			"mutationEnd" : 616		},		{			"operatorDescription" : "Replace #+ with #-",			"class" : "PMMatrix",			"operatorClass" : "ReplacePlusWithMinusMutantOperator",			"mutationStart" : 725,			"method" : "strassenProductWithMatrix:",			"mutationEnd" : 766		},		{			"operatorDescription" : "Replace #+ with #-",			"class" : "PMMatrix",			"operatorClass" : "ReplacePlusWithMinusMutantOperator",			"mutationStart" : 795,			"method" : "strassenProductWithMatrix:",			"mutationEnd" : 840		},		{			"operatorDescription" : "Replace #+ with #-",			"class" : "PMMatrix",			"operatorClass" : "ReplacePlusWithMinusMutantOperator",			"mutationStart" : 850,			"method" : "strassenProductWithMatrix:",			"mutationEnd" : 891		},		{			"operatorDescription" : "Replace #+ with #-",			"class" : "PMMatrix",			"operatorClass" : "ReplacePlusWithMinusMutantOperator",			"mutationStart" : 975,			"method" : "strassenProductWithMatrix:",			"mutationEnd" : 1016		},		{			"operatorDescription" : "Replace #+ with #-",			"class" : "PMMatrix",			"operatorClass" : "ReplacePlusWithMinusMutantOperator",			"mutationStart" : 1135,			"method" : "strassenProductWithMatrix:",			"mutationEnd" : 1146		},		{			"operatorDescription" : "Replace #+ with #-",			"class" : "PMMatrix",			"operatorClass" : "ReplacePlusWithMinusMutantOperator",			"mutationStart" : 1135,			"method" : "strassenProductWithMatrix:",			"mutationEnd" : 1141		},		{			"operatorDescription" : "Replace #+ with #-",			"class" : "PMMatrix",			"operatorClass" : "ReplacePlusWithMinusMutantOperator",			"mutationStart" : 1167,			"method" : "strassenProductWithMatrix:",			"mutationEnd" : 1175		},		{			"operatorDescription" : "Replace #+ with #-",			"class" : "PMMatrix",			"operatorClass" : "ReplacePlusWithMinusMutantOperator",			"mutationStart" : 1190,			"method" : "strassenProductWithMatrix:",			"mutationEnd" : 1199		},		{			"operatorDescription" : "Replace #+ with #-",			"class" : "PMMatrix",			"operatorClass" : "ReplacePlusWithMinusMutantOperator",			"mutationStart" : 1216,			"method" : "strassenProductWithMatrix:",			"mutationEnd" : 1222		},		{			"operatorDescription" : "Replace #- with #+",			"class" : "PMMatrix",			"operatorClass" : "ReplaceMinusWithPlusMutantOperator",			"mutationStart" : 325,			"method" : "strassenProductWithMatrix:",			"mutationEnd" : 366		},		{			"operatorDescription" : "Replace #- with #+",			"class" : "PMMatrix",			"operatorClass" : "ReplaceMinusWithPlusMutantOperator",			"mutationStart" : 626,			"method" : "strassenProductWithMatrix:",			"mutationEnd" : 667		},		{			"operatorDescription" : "Replace #- with #+",			"class" : "PMMatrix",			"operatorClass" : "ReplaceMinusWithPlusMutantOperator",			"mutationStart" : 920,			"method" : "strassenProductWithMatrix:",			"mutationEnd" : 965		},		{			"operatorDescription" : "Replace #- with #+",			"class" : "PMMatrix",			"operatorClass" : "ReplaceMinusWithPlusMutantOperator",			"mutationStart" : 1045,			"method" : "strassenProductWithMatrix:",			"mutationEnd" : 1090		},		{			"operatorDescription" : "Replace #- with #+",			"class" : "PMMatrix",			"operatorClass" : "ReplaceMinusWithPlusMutantOperator",			"mutationStart" : 1133,			"method" : "strassenProductWithMatrix:",			"mutationEnd" : 1152		},		{			"operatorDescription" : "Replace #- with #+",			"class" : "PMMatrix",			"operatorClass" : "ReplaceMinusWithPlusMutantOperator",			"mutationStart" : 1214,			"method" : "strassenProductWithMatrix:",			"mutationEnd" : 1233		},		{			"operatorDescription" : "Replace #- with #+",			"class" : "PMMatrix",			"operatorClass" : "ReplaceMinusWithPlusMutantOperator",			"mutationStart" : 1216,			"method" : "strassenProductWithMatrix:",			"mutationEnd" : 1227		},		{			"operatorDescription" : "Replace #> with #<",			"class" : "PMMatrix",			"operatorClass" : "ReplaceGreaterWithLessMutantOperator",			"mutationStart" : 98,			"method" : "strassenProductWithMatrix:",			"mutationEnd" : 118		},		{			"operatorDescription" : "Replace #> with #<",			"class" : "PMMatrix",			"operatorClass" : "ReplaceGreaterWithLessMutantOperator",			"mutationStart" : 127,			"method" : "strassenProductWithMatrix:",			"mutationEnd" : 150		},		{			"operatorDescription" : "Replace #and: argument with [true]",			"class" : "PMMatrix",			"operatorClass" : "ReplaceAndArgumentWithTrueOperator",			"mutationStart" : 96,			"method" : "strassenProductWithMatrix:",			"mutationEnd" : 152		},		{			"operatorDescription" : "Replace #and: receiver with true",			"class" : "PMMatrix",			"operatorClass" : "ReplaceAndReceiverWithTrueOperator",			"mutationStart" : 96,			"method" : "strassenProductWithMatrix:",			"mutationEnd" : 152		},		{			"operatorDescription" : "Replace #and: with #bEqv:",			"class" : "PMMatrix",			"operatorClass" : "ReplaceAndWithEqvMutantOperator",			"mutationStart" : 96,			"method" : "strassenProductWithMatrix:",			"mutationEnd" : 152		},		{			"operatorDescription" : "Replace #and: with #nand:",			"class" : "PMMatrix",			"operatorClass" : "ReplaceAndWithNandMutantOperator",			"mutationStart" : 96,			"method" : "strassenProductWithMatrix:",			"mutationEnd" : 152		},		{			"operatorDescription" : "Replace #and: with #or:",			"class" : "PMMatrix",			"operatorClass" : "ReplaceAndWithOrMutantOperator",			"mutationStart" : 96,			"method" : "strassenProductWithMatrix:",			"mutationEnd" : 152		},		{			"operatorDescription" : "Replace #and: with false",			"class" : "PMMatrix",			"operatorClass" : "ReplaceAndWithFalseOperator",			"mutationStart" : 96,			"method" : "strassenProductWithMatrix:",			"mutationEnd" : 152		},		{			"operatorDescription" : "Replace #ifFalse: receiver with false",			"class" : "PMMatrix",			"operatorClass" : "ReplaceIfFalseReceiverWithFalseOperator",			"mutationStart" : 96,			"method" : "strassenProductWithMatrix:",			"mutationEnd" : 258		},		{			"operatorDescription" : "Replace #ifFalse: receiver with true",			"class" : "PMMatrix",			"operatorClass" : "ReplaceIfFalseReceiverWithTrueOperator",			"mutationStart" : 96,			"method" : "strassenProductWithMatrix:",			"mutationEnd" : 258		},		{			"operatorDescription" : "Replace #ifFalse: with #ifTrue:",			"class" : "PMMatrix",			"operatorClass" : "ReplaceIfFalseWithIfTrueMutantOperator",			"mutationStart" : 96,			"method" : "strassenProductWithMatrix:",			"mutationEnd" : 258		},		{			"operatorDescription" : "Replace #* with #/",			"class" : "PMMatrix",			"operatorClass" : "ReplaceMultiplicationWithDivisionMutantOperator",			"mutationStart" : 110,			"method" : "inverse",			"mutationEnd" : 146		},		{			"operatorDescription" : "Replace #ifTrue: receiver with true",			"class" : "PMMatrix",			"operatorClass" : "ReplaceIfTrueReceiverWithTrueOperator",			"mutationStart" : 255,			"method" : "inversePivotColumns:",			"mutationEnd" : 311		},		{			"operatorDescription" : "Replace #and: receiver with true",			"class" : "PMMatrix",			"operatorClass" : "ReplaceAndReceiverWithTrueOperator",			"mutationStart" : 23,			"method" : "=",			"mutationEnd" : 104		},		{			"operatorDescription" : "Replace #and: with #bEqv:",			"class" : "PMMatrix",			"operatorClass" : "ReplaceAndWithEqvMutantOperator",			"mutationStart" : 23,			"method" : "=",			"mutationEnd" : 104		},		{			"operatorDescription" : "Replace #+ with #-",			"class" : "PMMatrix",			"operatorClass" : "ReplacePlusWithMinusMutantOperator",			"mutationStart" : 659,			"method" : "split",			"mutationEnd" : 666		},		{			"operatorDescription" : "Remove ^",			"class" : "PMMatrix",			"operatorClass" : "RemoveCaretOperator",			"mutationStart" : 97,			"method" : "equalsTo:",			"mutationEnd" : 102		},		{			"operatorDescription" : "Remove ^",			"class" : "PMMatrix",			"operatorClass" : "RemoveCaretOperator",			"mutationStart" : 110,			"method" : "equalsTo:",			"mutationEnd" : 115		},		{			"operatorDescription" : "Replace #ifFalse: receiver with false",			"class" : "PMMatrix",			"operatorClass" : "ReplaceIfFalseReceiverWithFalseOperator",			"mutationStart" : 70,			"method" : "equalsTo:",			"mutationEnd" : 104		},		{			"operatorDescription" : "Replace #ifFalse: receiver with true",			"class" : "PMMatrix",			"operatorClass" : "ReplaceIfFalseReceiverWithTrueOperator",			"mutationStart" : 70,			"method" : "equalsTo:",			"mutationEnd" : 104		},		{			"operatorDescription" : "Replace #ifFalse: with #ifTrue:",			"class" : "PMMatrix",			"operatorClass" : "ReplaceIfFalseWithIfTrueMutantOperator",			"mutationStart" : 70,			"method" : "equalsTo:",			"mutationEnd" : 104		},		{			"operatorDescription" : "Replace #'<=' with #=",			"class" : "PMMatrix",			"operatorClass" : "ReplaceLessOrEqualWithEqualMutantOperator",			"mutationStart" : 196,			"method" : "atColumn:put:startingAt:",			"mutationEnd" : 239		},		{			"operatorDescription" : "Replace #< with #>",			"class" : "PMMatrix",			"operatorClass" : "ReplaceLessWithGreaterMutantOperator",			"mutationStart" : 47,			"method" : "qrFactorization",			"mutationEnd" : 86		},		{			"operatorDescription" : "Replace #ifTrue: receiver with false",			"class" : "PMMatrix",			"operatorClass" : "ReplaceIfTrueReceiverWithFalseOperator",			"mutationStart" : 47,			"method" : "qrFactorization",			"mutationEnd" : 140		},		{			"operatorDescription" : "Replace #ifTrue: receiver with true",			"class" : "PMMatrix",			"operatorClass" : "ReplaceIfTrueReceiverWithTrueOperator",			"mutationStart" : 1407,			"method" : "qrFactorization",			"mutationEnd" : 1585		},		{			"operatorDescription" : "Replace #ifTrue: receiver with true",			"class" : "PMMatrix",			"operatorClass" : "ReplaceIfTrueReceiverWithTrueOperator",			"mutationStart" : 19,			"method" : "printOn:",			"mutationEnd" : 142		},		{			"operatorDescription" : "Replace #or: argument with [false]",			"class" : "PMMatrix",			"operatorClass" : "ReplaceOrArgumentWithFalseOperator",			"mutationStart" : 19,			"method" : "printOn:",			"mutationEnd" : 53		},		{			"operatorDescription" : "Replace #or: with true",			"class" : "PMMatrix",			"operatorClass" : "ReplaceOrWithTrueOperator",			"mutationStart" : 19,			"method" : "printOn:",			"mutationEnd" : 53		},		{			"operatorDescription" : "Remove ^",			"class" : "PMMatrix",			"operatorClass" : "RemoveCaretOperator",			"mutationStart" : 279,			"method" : "setDiagonal:",			"mutationEnd" : 283		},		{			"operatorDescription" : "Replace #ifTrue:ifFalse: receiver with true",			"class" : "PMMatrix",			"operatorClass" : "ReplaceIfTrueIfFalseReceiverWithTrueOperator",			"mutationStart" : 86,			"method" : "setDiagonal:",			"mutationEnd" : 275		},		{			"operatorDescription" : "Replace do block with [:each |]",			"class" : "PMMatrix",			"operatorClass" : "ReplaceDoBlockWithEmptyBlockOperator",			"mutationStart" : 20,			"method" : "scaleBy:",			"mutationEnd" : 61		},		{			"operatorDescription" : "Replace #ifTrue:ifFalse: receiver with true",			"class" : "PMMatrix",			"operatorClass" : "ReplaceIfTrueIfFalseReceiverWithTrueOperator",			"mutationStart" : 11,			"method" : "rank",			"mutationEnd" : 105		},		{			"operatorDescription" : "Remove ^",			"class" : "PMMatrix class",			"operatorClass" : "RemoveCaretOperator",			"mutationStart" : 26,			"method" : "lupCRLCriticalDimension",			"mutationEnd" : 29		},		{			"operatorDescription" : "Replace #* with #/",			"class" : "PMMatrix class",			"operatorClass" : "ReplaceMultiplicationWithDivisionMutantOperator",			"mutationStart" : 213,			"method" : "example",			"mutationEnd" : 217		},		{			"operatorDescription" : "Replace #* with #/",			"class" : "PMMatrix class",			"operatorClass" : "ReplaceMultiplicationWithDivisionMutantOperator",			"mutationStart" : 419,			"method" : "example",			"mutationEnd" : 434		},		{			"operatorDescription" : "Replace #< with #>",			"class" : "PMMatrix class",			"operatorClass" : "ReplaceLessWithGreaterMutantOperator",			"mutationStart" : 459,			"method" : "example",			"mutationEnd" : 463		},		{			"operatorDescription" : "Replace #> with #<",			"class" : "PMMatrix class",			"operatorClass" : "ReplaceGreaterWithLessMutantOperator",			"mutationStart" : 445,			"method" : "example",			"mutationEnd" : 449		},		{			"operatorDescription" : "Remove ^",			"class" : "PMMatrix class",			"operatorClass" : "RemoveCaretOperator",			"mutationStart" : 811,			"method" : "join:",			"mutationEnd" : 826		},		{			"operatorDescription" : "Replace #+ with #-",			"class" : "PMMatrix class",			"operatorClass" : "ReplacePlusWithMinusMutantOperator",			"mutationStart" : 181,			"method" : "join:",			"mutationEnd" : 186		},		{			"operatorDescription" : "Replace #+ with #-",			"class" : "PMMatrix class",			"operatorClass" : "ReplacePlusWithMinusMutantOperator",			"mutationStart" : 201,			"method" : "join:",			"mutationEnd" : 247		},		{			"operatorDescription" : "Replace #+ with #-",			"class" : "PMMatrix class",			"operatorClass" : "ReplacePlusWithMinusMutantOperator",			"mutationStart" : 316,			"method" : "join:",			"mutationEnd" : 320		},		{			"operatorDescription" : "Replace #+ with #-",			"class" : "PMMatrix class",			"operatorClass" : "ReplacePlusWithMinusMutantOperator",			"mutationStart" : 596,			"method" : "join:",			"mutationEnd" : 600		}	],	"mutationScoreAfter" : 78,	"mutationScoreBefore" : 40,	"testAmpLoc" : 2700,	"amplifiedMethods" : [		"PMMatrixTest2684>>#testAtRowPutAtColumnPut_amp_A30",		"PMMatrixTest2684>>#testArgMaxOnRows_amp_A87_T93_A174",		"PMMatrixTest2684>>#testArgMaxOnColumns_amp_A28_T83_A53",		"PMMatrixTest2684>>#testCollect_amp_A313",		"PMMatrixTest2684>>#testDeterminant_amp_A76_A64",		"PMMatrixTest2684>>#testArgMaxOnColumns_amp_A6",		"PMMatrixTest2684>>#testMatrixDo_amp",		"PMMatrixTest2684>>#testArgMaxOnColumns_amp_A88_A10_T114",		"PMMatrixTest2684>>#testArgMaxOnColumns_amp_D0_T116_A150",		"PMMatrixTest2684>>#testMatrixExtensionsAtRow_amp",		"PMMatrixTest2684>>#testArgMaxOnColumns_amp_A88_A19_A73",		"PMMatrixTest2684>>#testAtColumnPutRepeat_amp_T150_A291",		"PMMatrixTest2684>>#testArgMaxOnColumns_amp_L28_A18",		"PMMatrixTest2684>>#testArgMaxOnColumns_amp_L53_A153",		"PMMatrixTest2684>>#testAtAllPut_amp_A203_A31_A205",		"PMMatrixTest2684>>#testArgMaxOnRows_amp_A102_A22_A149",		"PMMatrixTest2684>>#testArgMaxOnRows_amp_U0_A39",		"PMMatrixTest2684>>#testArgMaxOnColumns_amp_L22_A58_A123",		"PMMatrixTest2684>>#testAtAllPut_amp_A203_A31_A144",		"PMMatrixTest2684>>#testEigenvalues_amp_A21",		"PMMatrixTest2684>>#testAtRowPutAtColumnPut_amp_A2",		"PMMatrixTest2684>>#testArgMaxOnColumns_amp_A88_A19_A132",		"PMMatrixTest2684>>#testArgMaxOnColumns_amp_A134_O10_A158",		"PMMatrixTest2684>>#testArgMaxOnRows_amp_A42",		"PMMatrixTest2684>>#testArgMaxOnColumns_amp_A32",		"PMMatrixTest2684>>#testArgMaxOnColumns_amp_L28_A157",		"PMMatrixTest2684>>#testArgMaxOnColumns_amp_A88",		"PMMatrixTest2684>>#testArgMaxOnRows_amp_A89"	],	"testLoc" : "530",	"amplifiedClass" : "PMMatrixTest2684",	"numberOfAllMutationsInOriginal" : 301,	"targetLoc" : 654,	"newCovered" : [		{			"operatorDescription" : "Remove ^",			"class" : "PMMatrix",			"operatorClass" : "RemoveCaretOperator",			"mutationStart" : 99,			"method" : "columnsDo:",			"mutationEnd" : 170		},		{			"operatorDescription" : "Remove ^",			"class" : "PMMatrix",			"operatorClass" : "RemoveCaretOperator",			"mutationStart" : 47,			"method" : "log",			"mutationEnd" : 103		},		{			"operatorDescription" : "Remove ^",			"class" : "PMMatrix",			"operatorClass" : "RemoveCaretOperator",			"mutationStart" : 1946,			"method" : "qrFactorizationWithPivoting",			"mutationEnd" : 1980		},		{			"operatorDescription" : "Replace #* with #/",			"class" : "PMMatrix",			"operatorClass" : "ReplaceMultiplicationWithDivisionMutantOperator",			"mutationStart" : 232,			"method" : "qrFactorizationWithPivoting",			"mutationEnd" : 240		},		{			"operatorDescription" : "Replace #* with #/",			"class" : "PMMatrix",			"operatorClass" : "ReplaceMultiplicationWithDivisionMutantOperator",			"mutationStart" : 724,			"method" : "qrFactorizationWithPivoting",			"mutationEnd" : 773		},		{			"operatorDescription" : "Replace #* with #/",			"class" : "PMMatrix",			"operatorClass" : "ReplaceMultiplicationWithDivisionMutantOperator",			"mutationStart" : 741,			"method" : "qrFactorizationWithPivoting",			"mutationEnd" : 754		},		{			"operatorDescription" : "Replace #* with #/",			"class" : "PMMatrix",			"operatorClass" : "ReplaceMultiplicationWithDivisionMutantOperator",			"mutationStart" : 916,			"method" : "qrFactorizationWithPivoting",			"mutationEnd" : 942		},		{			"operatorDescription" : "Replace #* with #/",			"class" : "PMMatrix",			"operatorClass" : "ReplaceMultiplicationWithDivisionMutantOperator",			"mutationStart" : 916,			"method" : "qrFactorizationWithPivoting",			"mutationEnd" : 938		},		{			"operatorDescription" : "Replace #+ with #-",			"class" : "PMMatrix",			"operatorClass" : "ReplacePlusWithMinusMutantOperator",			"mutationStart" : 489,			"method" : "qrFactorizationWithPivoting",			"mutationEnd" : 496		},		{			"operatorDescription" : "Replace #+ with #-",			"class" : "PMMatrix",			"operatorClass" : "ReplacePlusWithMinusMutantOperator",			"mutationStart" : 1043,			"method" : "qrFactorizationWithPivoting",			"mutationEnd" : 1054		},		{			"operatorDescription" : "Replace #+ with #-",			"class" : "PMMatrix",			"operatorClass" : "ReplacePlusWithMinusMutantOperator",			"mutationStart" : 1076,			"method" : "qrFactorizationWithPivoting",			"mutationEnd" : 1083		},		{			"operatorDescription" : "Replace #+ with #-",			"class" : "PMMatrix",			"operatorClass" : "ReplacePlusWithMinusMutantOperator",			"mutationStart" : 1176,			"method" : "qrFactorizationWithPivoting",			"mutationEnd" : 1183		},		{			"operatorDescription" : "Replace #+ with #-",			"class" : "PMMatrix",			"operatorClass" : "ReplacePlusWithMinusMutantOperator",			"mutationStart" : 1379,			"method" : "qrFactorizationWithPivoting",			"mutationEnd" : 1386		},		{			"operatorDescription" : "Replace #+ with #-",			"class" : "PMMatrix",			"operatorClass" : "ReplacePlusWithMinusMutantOperator",			"mutationStart" : 1526,			"method" : "qrFactorizationWithPivoting",			"mutationEnd" : 1533		},		{			"operatorDescription" : "Replace #+ with #-",			"class" : "PMMatrix",			"operatorClass" : "ReplacePlusWithMinusMutantOperator",			"mutationStart" : 1687,			"method" : "qrFactorizationWithPivoting",			"mutationEnd" : 1691		},		{			"operatorDescription" : "Replace #- with #+",			"class" : "PMMatrix",			"operatorClass" : "ReplaceMinusWithPlusMutantOperator",			"mutationStart" : 683,			"method" : "qrFactorizationWithPivoting",			"mutationEnd" : 690		},		{			"operatorDescription" : "Replace #- with #+",			"class" : "PMMatrix",			"operatorClass" : "ReplaceMinusWithPlusMutantOperator",			"mutationStart" : 728,			"method" : "qrFactorizationWithPivoting",			"mutationEnd" : 773		},		{			"operatorDescription" : "Replace #- with #+",			"class" : "PMMatrix",			"operatorClass" : "ReplaceMinusWithPlusMutantOperator",			"mutationStart" : 819,			"method" : "qrFactorizationWithPivoting",			"mutationEnd" : 826		},		{			"operatorDescription" : "Replace #- with #+",			"class" : "PMMatrix",			"operatorClass" : "ReplaceMinusWithPlusMutantOperator",			"mutationStart" : 866,			"method" : "qrFactorizationWithPivoting",			"mutationEnd" : 873		},		{			"operatorDescription" : "Replace #- with #+",			"class" : "PMMatrix",			"operatorClass" : "ReplaceMinusWithPlusMutantOperator",			"mutationStart" : 885,			"method" : "qrFactorizationWithPivoting",			"mutationEnd" : 943		},		{			"operatorDescription" : "Replace #- with #+",			"class" : "PMMatrix",			"operatorClass" : "ReplaceMinusWithPlusMutantOperator",			"mutationStart" : 1043,			"method" : "qrFactorizationWithPivoting",			"mutationEnd" : 1058		},		{			"operatorDescription" : "Replace #- with #+",			"class" : "PMMatrix",			"operatorClass" : "ReplaceMinusWithPlusMutantOperator",			"mutationStart" : 1076,			"method" : "qrFactorizationWithPivoting",			"mutationEnd" : 1087		},		{			"operatorDescription" : "Replace #- with #+",			"class" : "PMMatrix",			"operatorClass" : "ReplaceMinusWithPlusMutantOperator",			"mutationStart" : 1244,			"method" : "qrFactorizationWithPivoting",			"mutationEnd" : 1304		},		{			"operatorDescription" : "Replace #- with #+",			"class" : "PMMatrix",			"operatorClass" : "ReplaceMinusWithPlusMutantOperator",			"mutationStart" : 1708,			"method" : "qrFactorizationWithPivoting",			"mutationEnd" : 1718		},		{			"operatorDescription" : "Replace #- with #+",			"class" : "PMMatrix",			"operatorClass" : "ReplaceMinusWithPlusMutantOperator",			"mutationStart" : 1808,			"method" : "qrFactorizationWithPivoting",			"mutationEnd" : 1828		},		{			"operatorDescription" : "Replace #< with #>",			"class" : "PMMatrix",			"operatorClass" : "ReplaceLessWithGreaterMutantOperator",			"mutationStart" : 87,			"method" : "qrFactorizationWithPivoting",			"mutationEnd" : 126		},		{			"operatorDescription" : "Replace #< with #>",			"class" : "PMMatrix",			"operatorClass" : "ReplaceLessWithGreaterMutantOperator",			"mutationStart" : 1310,			"method" : "qrFactorizationWithPivoting",			"mutationEnd" : 1332		},		{			"operatorDescription" : "Replace #= with #'~='",			"class" : "PMMatrix",			"operatorClass" : "ReplaceEqualWithNotEqualOperator",			"mutationStart" : 1653,			"method" : "qrFactorizationWithPivoting",			"mutationEnd" : 1657		},		{			"operatorDescription" : "Replace #> with #<",			"class" : "PMMatrix",			"operatorClass" : "ReplaceGreaterWithLessMutantOperator",			"mutationStart" : 1469,			"method" : "qrFactorizationWithPivoting",			"mutationEnd" : 1474		},		{			"operatorDescription" : "Replace #> with #<",			"class" : "PMMatrix",			"operatorClass" : "ReplaceGreaterWithLessMutantOperator",			"mutationStart" : 1583,			"method" : "qrFactorizationWithPivoting",			"mutationEnd" : 1588		},		{			"operatorDescription" : "Replace #> with #<",			"class" : "PMMatrix",			"operatorClass" : "ReplaceGreaterWithLessMutantOperator",			"mutationStart" : 1724,			"method" : "qrFactorizationWithPivoting",			"mutationEnd" : 1728		},		{			"operatorDescription" : "Replace #ifTrue: receiver with false",			"class" : "PMMatrix",			"operatorClass" : "ReplaceIfTrueReceiverWithFalseOperator",			"mutationStart" : 87,			"method" : "qrFactorizationWithPivoting",			"mutationEnd" : 183		},		{			"operatorDescription" : "Replace #ifTrue: receiver with false",			"class" : "PMMatrix",			"operatorClass" : "ReplaceIfTrueReceiverWithFalseOperator",			"mutationStart" : 1724,			"method" : "qrFactorizationWithPivoting",			"mutationEnd" : 1942		},		{			"operatorDescription" : "Replace #ifTrue: receiver with true",			"class" : "PMMatrix",			"operatorClass" : "ReplaceIfTrueReceiverWithTrueOperator",			"mutationStart" : 87,			"method" : "qrFactorizationWithPivoting",			"mutationEnd" : 183		},		{			"operatorDescription" : "Replace #ifTrue: receiver with true",			"class" : "PMMatrix",			"operatorClass" : "ReplaceIfTrueReceiverWithTrueOperator",			"mutationStart" : 1418,			"method" : "qrFactorizationWithPivoting",			"mutationEnd" : 1457		},		{			"operatorDescription" : "Replace #ifTrue: with #ifFalse:",			"class" : "PMMatrix",			"operatorClass" : "ReplaceIfTrueWithIfFalseMutantOperator",			"mutationStart" : 87,			"method" : "qrFactorizationWithPivoting",			"mutationEnd" : 183		},		{			"operatorDescription" : "Replace #ifTrue: with #ifFalse:",			"class" : "PMMatrix",			"operatorClass" : "ReplaceIfTrueWithIfFalseMutantOperator",			"mutationStart" : 1418,			"method" : "qrFactorizationWithPivoting",			"mutationEnd" : 1457		},		{			"operatorDescription" : "Replace #ifTrue: with #ifFalse:",			"class" : "PMMatrix",			"operatorClass" : "ReplaceIfTrueWithIfFalseMutantOperator",			"mutationStart" : 1724,			"method" : "qrFactorizationWithPivoting",			"mutationEnd" : 1942		},		{			"operatorDescription" : "Replace #ifTrue:ifFalse: receiver with false",			"class" : "PMMatrix",			"operatorClass" : "ReplaceIfTrueIfFalseReceiverWithFalseOperator",			"mutationStart" : 1107,			"method" : "qrFactorizationWithPivoting",			"mutationEnd" : 1168		},		{			"operatorDescription" : "Replace #ifTrue:ifFalse: receiver with false",			"class" : "PMMatrix",			"operatorClass" : "ReplaceIfTrueIfFalseReceiverWithFalseOperator",			"mutationStart" : 1310,			"method" : "qrFactorizationWithPivoting",			"mutationEnd" : 1579		},		{			"operatorDescription" : "Replace #ifTrue:ifFalse: receiver with false",			"class" : "PMMatrix",			"operatorClass" : "ReplaceIfTrueIfFalseReceiverWithFalseOperator",			"mutationStart" : 1469,			"method" : "qrFactorizationWithPivoting",			"mutationEnd" : 1554		},		{			"operatorDescription" : "Replace #ifTrue:ifFalse: receiver with true",			"class" : "PMMatrix",			"operatorClass" : "ReplaceIfTrueIfFalseReceiverWithTrueOperator",			"mutationStart" : 1107,			"method" : "qrFactorizationWithPivoting",			"mutationEnd" : 1168		},		{			"operatorDescription" : "Replace #ifTrue:ifFalse: receiver with true",			"class" : "PMMatrix",			"operatorClass" : "ReplaceIfTrueIfFalseReceiverWithTrueOperator",			"mutationStart" : 1310,			"method" : "qrFactorizationWithPivoting",			"mutationEnd" : 1579		},		{			"operatorDescription" : "Remove ^",			"class" : "PMMatrix",			"operatorClass" : "RemoveCaretOperator",			"mutationStart" : 149,			"method" : "eigen",			"mutationEnd" : 178		},		{			"operatorDescription" : "Replace #ifTrue:ifFalse: receiver with false",			"class" : "PMMatrix",			"operatorClass" : "ReplaceIfTrueIfFalseReceiverWithFalseOperator",			"mutationStart" : 120,			"method" : "eigen",			"mutationEnd" : 290		},		{			"operatorDescription" : "Replace #ifTrue:ifFalse: receiver with true",			"class" : "PMMatrix",			"operatorClass" : "ReplaceIfTrueIfFalseReceiverWithTrueOperator",			"mutationStart" : 120,			"method" : "eigen",			"mutationEnd" : 290		},		{			"operatorDescription" : "Replace #ifTrue: receiver with true",			"class" : "PMMatrix",			"operatorClass" : "ReplaceIfTrueReceiverWithTrueOperator",			"mutationStart" : 20,			"method" : "lupDecomposition",			"mutationEnd" : 109		},		{			"operatorDescription" : "Remove ^",			"class" : "PMMatrix",			"operatorClass" : "RemoveCaretOperator",			"mutationStart" : 48,			"method" : "tan",			"mutationEnd" : 104		},		{			"operatorDescription" : "Remove ^",			"class" : "PMMatrix",			"operatorClass" : "RemoveCaretOperator",			"mutationStart" : 50,			"method" : "cosh",			"mutationEnd" : 107		},		{			"operatorDescription" : "Remove ^",			"class" : "PMMatrix",			"operatorClass" : "RemoveCaretOperator",			"mutationStart" : 56,			"method" : "inversePureCRL",			"mutationEnd" : 101		},		{			"operatorDescription" : "Replace #* with #/",			"class" : "PMMatrix",			"operatorClass" : "ReplaceMultiplicationWithDivisionMutantOperator",			"mutationStart" : 58,			"method" : "inversePureCRL",			"mutationEnd" : 101		},		{			"operatorDescription" : "Replace #'<=' with #<",			"class" : "PMMatrix",			"operatorClass" : "ReplaceLessOrEqualWithLessMutantOperator",			"mutationStart" : 204,			"method" : "atRow:put:startingAt:",			"mutationEnd" : 261		},		{			"operatorDescription" : "Replace #ifTrue:ifFalse: receiver with false",			"class" : "PMMatrix",			"operatorClass" : "ReplaceIfTrueIfFalseReceiverWithFalseOperator",			"mutationStart" : 52,			"method" : "inverse",			"mutationEnd" : 148		},		{			"operatorDescription" : "Remove ^",			"class" : "PMMatrix",			"operatorClass" : "RemoveCaretOperator",			"mutationStart" : 317,			"method" : "inversePivotColumns:",			"mutationEnd" : 321		},		{			"operatorDescription" : "Replace #'~=' with #=",			"class" : "PMMatrix",			"operatorClass" : "ReplaceNotEqualWithEqualOperator",			"mutationStart" : 255,			"method" : "inversePivotColumns:",			"mutationEnd" : 264		},		{			"operatorDescription" : "Replace #ifTrue: receiver with false",			"class" : "PMMatrix",			"operatorClass" : "ReplaceIfTrueReceiverWithFalseOperator",			"mutationStart" : 255,			"method" : "inversePivotColumns:",			"mutationEnd" : 311		},		{			"operatorDescription" : "Replace #ifTrue: with #ifFalse:",			"class" : "PMMatrix",			"operatorClass" : "ReplaceIfTrueWithIfFalseMutantOperator",			"mutationStart" : 255,			"method" : "inversePivotColumns:",			"mutationEnd" : 311		},		{			"operatorDescription" : "Remove ^",			"class" : "PMMatrix",			"operatorClass" : "RemoveCaretOperator",			"mutationStart" : 7,			"method" : "hash",			"mutationEnd" : 17		},		{			"operatorDescription" : "Remove ^",			"class" : "PMMatrix",			"operatorClass" : "RemoveCaretOperator",			"mutationStart" : 13,			"method" : "decompose",			"mutationEnd" : 58		},		{			"operatorDescription" : "Replace #ifFalse: receiver with true",			"class" : "PMMatrix",			"operatorClass" : "ReplaceIfFalseReceiverWithTrueOperator",			"mutationStart" : 117,			"method" : "principalDiagonal",			"mutationEnd" : 213		},		{			"operatorDescription" : "Remove ^",			"class" : "PMMatrix",			"operatorClass" : "RemoveCaretOperator",			"mutationStart" : 48,			"method" : "sin",			"mutationEnd" : 104		},		{			"operatorDescription" : "Remove ^",			"class" : "PMMatrix",			"operatorClass" : "RemoveCaretOperator",			"mutationStart" : 101,			"method" : "orthogonalize",			"mutationEnd" : 140		},		{			"operatorDescription" : "Remove ^",			"class" : "PMMatrix",			"operatorClass" : "RemoveCaretOperator",			"mutationStart" : 231,			"method" : "split",			"mutationEnd" : 675		},		{			"operatorDescription" : "Replace #+ with #-",			"class" : "PMMatrix",			"operatorClass" : "ReplacePlusWithMinusMutantOperator",			"mutationStart" : 434,			"method" : "split",			"mutationEnd" : 441		},		{			"operatorDescription" : "Replace #+ with #-",			"class" : "PMMatrix",			"operatorClass" : "ReplacePlusWithMinusMutantOperator",			"mutationStart" : 483,			"method" : "split",			"mutationEnd" : 490		},		{			"operatorDescription" : "Replace #+ with #-",			"class" : "PMMatrix",			"operatorClass" : "ReplacePlusWithMinusMutantOperator",			"mutationStart" : 592,			"method" : "split",			"mutationEnd" : 599		},		{			"operatorDescription" : "Remove ^",			"class" : "PMMatrix",			"operatorClass" : "RemoveCaretOperator",			"mutationStart" : 50,			"method" : "sinh",			"mutationEnd" : 107		},		{			"operatorDescription" : "Remove ^",			"class" : "PMMatrix",			"operatorClass" : "RemoveCaretOperator",			"mutationStart" : 51,			"method" : "sqrt",			"mutationEnd" : 108		},		{			"operatorDescription" : "Remove ^",			"class" : "PMMatrix",			"operatorClass" : "RemoveCaretOperator",			"mutationStart" : 56,			"method" : "rowAt:columnAt:put:",			"mutationEnd" : 105		},		{			"operatorDescription" : "Remove ^",			"class" : "PMMatrix",			"operatorClass" : "RemoveCaretOperator",			"mutationStart" : 1591,			"method" : "qrFactorization",			"mutationEnd" : 1612		},		{			"operatorDescription" : "Replace #* with #/",			"class" : "PMMatrix",			"operatorClass" : "ReplaceMultiplicationWithDivisionMutantOperator",			"mutationStart" : 449,			"method" : "qrFactorization",			"mutationEnd" : 496		},		{			"operatorDescription" : "Replace #* with #/",			"class" : "PMMatrix",			"operatorClass" : "ReplaceMultiplicationWithDivisionMutantOperator",			"mutationStart" : 465,			"method" : "qrFactorization",			"mutationEnd" : 476		},		{			"operatorDescription" : "Replace #* with #/",			"class" : "PMMatrix",			"operatorClass" : "ReplaceMultiplicationWithDivisionMutantOperator",			"mutationStart" : 686,			"method" : "qrFactorization",			"mutationEnd" : 713		},		{			"operatorDescription" : "Replace #* with #/",			"class" : "PMMatrix",			"operatorClass" : "ReplaceMultiplicationWithDivisionMutantOperator",			"mutationStart" : 688,			"method" : "qrFactorization",			"mutationEnd" : 708		},		{			"operatorDescription" : "Replace #+ with #-",			"class" : "PMMatrix",			"operatorClass" : "ReplacePlusWithMinusMutantOperator",			"mutationStart" : 799,			"method" : "qrFactorization",			"mutationEnd" : 809		},		{			"operatorDescription" : "Replace #+ with #-",			"class" : "PMMatrix",			"operatorClass" : "ReplacePlusWithMinusMutantOperator",			"mutationStart" : 826,			"method" : "qrFactorization",			"mutationEnd" : 831		},		{			"operatorDescription" : "Replace #+ with #-",			"class" : "PMMatrix",			"operatorClass" : "ReplacePlusWithMinusMutantOperator",			"mutationStart" : 1379,			"method" : "qrFactorization",			"mutationEnd" : 1381		},		{			"operatorDescription" : "Replace #- with #+",			"class" : "PMMatrix",			"operatorClass" : "ReplaceMinusWithPlusMutantOperator",			"mutationStart" : 411,			"method" : "qrFactorization",			"mutationEnd" : 415		},		{			"operatorDescription" : "Replace #- with #+",			"class" : "PMMatrix",			"operatorClass" : "ReplaceMinusWithPlusMutantOperator",			"mutationStart" : 452,			"method" : "qrFactorization",			"mutationEnd" : 496		},		{			"operatorDescription" : "Replace #- with #+",			"class" : "PMMatrix",			"operatorClass" : "ReplaceMinusWithPlusMutantOperator",			"mutationStart" : 589,			"method" : "qrFactorization",			"mutationEnd" : 596		},		{			"operatorDescription" : "Replace #- with #+",			"class" : "PMMatrix",			"operatorClass" : "ReplaceMinusWithPlusMutantOperator",			"mutationStart" : 634,			"method" : "qrFactorization",			"mutationEnd" : 641		},		{			"operatorDescription" : "Replace #- with #+",			"class" : "PMMatrix",			"operatorClass" : "ReplaceMinusWithPlusMutantOperator",			"mutationStart" : 655,			"method" : "qrFactorization",			"mutationEnd" : 715		},		{			"operatorDescription" : "Replace #- with #+",			"class" : "PMMatrix",			"operatorClass" : "ReplaceMinusWithPlusMutantOperator",			"mutationStart" : 798,			"method" : "qrFactorization",			"mutationEnd" : 813		},		{			"operatorDescription" : "Replace #- with #+",			"class" : "PMMatrix",			"operatorClass" : "ReplaceMinusWithPlusMutantOperator",			"mutationStart" : 825,			"method" : "qrFactorization",			"mutationEnd" : 835		},		{			"operatorDescription" : "Replace #- with #+",			"class" : "PMMatrix",			"operatorClass" : "ReplaceMinusWithPlusMutantOperator",			"mutationStart" : 1393,			"method" : "qrFactorization",			"mutationEnd" : 1402		},		{			"operatorDescription" : "Replace #- with #+",			"class" : "PMMatrix",			"operatorClass" : "ReplaceMinusWithPlusMutantOperator",			"mutationStart" : 1486,			"method" : "qrFactorization",			"mutationEnd" : 1506		},		{			"operatorDescription" : "Replace #= with #'~='",			"class" : "PMMatrix",			"operatorClass" : "ReplaceEqualWithNotEqualOperator",			"mutationStart" : 1356,			"method" : "qrFactorization",			"mutationEnd" : 1358		},		{			"operatorDescription" : "Replace #> with #<",			"class" : "PMMatrix",			"operatorClass" : "ReplaceGreaterWithLessMutantOperator",			"mutationStart" : 1407,			"method" : "qrFactorization",			"mutationEnd" : 1409		},		{			"operatorDescription" : "Replace #ifTrue: receiver with false",			"class" : "PMMatrix",			"operatorClass" : "ReplaceIfTrueReceiverWithFalseOperator",			"mutationStart" : 1407,			"method" : "qrFactorization",			"mutationEnd" : 1585		},		{			"operatorDescription" : "Replace #ifTrue: receiver with true",			"class" : "PMMatrix",			"operatorClass" : "ReplaceIfTrueReceiverWithTrueOperator",			"mutationStart" : 47,			"method" : "qrFactorization",			"mutationEnd" : 140		},		{			"operatorDescription" : "Replace #ifTrue: with #ifFalse:",			"class" : "PMMatrix",			"operatorClass" : "ReplaceIfTrueWithIfFalseMutantOperator",			"mutationStart" : 47,			"method" : "qrFactorization",			"mutationEnd" : 140		},		{			"operatorDescription" : "Replace #ifTrue: with #ifFalse:",			"class" : "PMMatrix",			"operatorClass" : "ReplaceIfTrueWithIfFalseMutantOperator",			"mutationStart" : 1407,			"method" : "qrFactorization",			"mutationEnd" : 1585		},		{			"operatorDescription" : "Replace #ifTrue:ifFalse: receiver with false",			"class" : "PMMatrix",			"operatorClass" : "ReplaceIfTrueIfFalseReceiverWithFalseOperator",			"mutationStart" : 842,			"method" : "qrFactorization",			"mutationEnd" : 886		},		{			"operatorDescription" : "Replace #ifTrue:ifFalse: receiver with true",			"class" : "PMMatrix",			"operatorClass" : "ReplaceIfTrueIfFalseReceiverWithTrueOperator",			"mutationStart" : 842,			"method" : "qrFactorization",			"mutationEnd" : 886		},		{			"operatorDescription" : "Replace #< with #>",			"class" : "PMMatrix",			"operatorClass" : "ReplaceLessWithGreaterMutantOperator",			"mutationStart" : 86,			"method" : "setDiagonal:",			"mutationEnd" : 90		},		{			"operatorDescription" : "Replace #ifTrue:ifFalse: receiver with false",			"class" : "PMMatrix",			"operatorClass" : "ReplaceIfTrueIfFalseReceiverWithFalseOperator",			"mutationStart" : 86,			"method" : "setDiagonal:",			"mutationEnd" : 275		},		{			"operatorDescription" : "Remove ^",			"class" : "PMMatrix",			"operatorClass" : "RemoveCaretOperator",			"mutationStart" : 50,			"method" : "tanh",			"mutationEnd" : 107		},		{			"operatorDescription" : "Remove ^",			"class" : "PMMatrix",			"operatorClass" : "RemoveCaretOperator",			"mutationStart" : 48,			"method" : "cos",			"mutationEnd" : 104		},		{			"operatorDescription" : "Remove ^",			"class" : "PMMatrix",			"operatorClass" : "RemoveCaretOperator",			"mutationStart" : 368,			"method" : "mpInverse",			"mutationEnd" : 398		},		{			"operatorDescription" : "Replace #* with #/",			"class" : "PMMatrix",			"operatorClass" : "ReplaceMultiplicationWithDivisionMutantOperator",			"mutationStart" : 370,			"method" : "mpInverse",			"mutationEnd" : 398		},		{			"operatorDescription" : "Replace #* with #/",			"class" : "PMMatrix",			"operatorClass" : "ReplaceMultiplicationWithDivisionMutantOperator",			"mutationStart" : 370,			"method" : "mpInverse",			"mutationEnd" : 395		},		{			"operatorDescription" : "Replace #* with #/",			"class" : "PMMatrix",			"operatorClass" : "ReplaceMultiplicationWithDivisionMutantOperator",			"mutationStart" : 375,			"method" : "mpInverse",			"mutationEnd" : 386		},		{			"operatorDescription" : "Replace #* with #/",			"class" : "PMMatrix",			"operatorClass" : "ReplaceMultiplicationWithDivisionMutantOperator",			"mutationStart" : 376,			"method" : "mpInverse",			"mutationEnd" : 382		},		{			"operatorDescription" : "Replace #< with #>",			"class" : "PMMatrix",			"operatorClass" : "ReplaceLessWithGreaterMutantOperator",			"mutationStart" : 46,			"method" : "mpInverse",			"mutationEnd" : 85		},		{			"operatorDescription" : "Replace #ifTrue:ifFalse: receiver with false",			"class" : "PMMatrix",			"operatorClass" : "ReplaceIfTrueIfFalseReceiverWithFalseOperator",			"mutationStart" : 46,			"method" : "mpInverse",			"mutationEnd" : 363		},		{			"operatorDescription" : "Replace #ifTrue:ifFalse: receiver with true",			"class" : "PMMatrix",			"operatorClass" : "ReplaceIfTrueIfFalseReceiverWithTrueOperator",			"mutationStart" : 46,			"method" : "mpInverse",			"mutationEnd" : 363		},		{			"operatorDescription" : "Remove ^",			"class" : "PMMatrix",			"operatorClass" : "RemoveCaretOperator",			"mutationStart" : 80,			"method" : "rowsDo:",			"mutationEnd" : 96		},		{			"operatorDescription" : "Remove ^",			"class" : "PMMatrix",			"operatorClass" : "RemoveCaretOperator",			"mutationStart" : 8,			"method" : "rank",			"mutationEnd" : 151		},		{			"operatorDescription" : "Replace #< with #>",			"class" : "PMMatrix",			"operatorClass" : "ReplaceLessWithGreaterMutantOperator",			"mutationStart" : 12,			"method" : "rank",			"mutationEnd" : 51		},		{			"operatorDescription" : "Replace #ifTrue:ifFalse: receiver with false",			"class" : "PMMatrix",			"operatorClass" : "ReplaceIfTrueIfFalseReceiverWithFalseOperator",			"mutationStart" : 11,			"method" : "rank",			"mutationEnd" : 105		},		{			"operatorDescription" : "Remove ^",			"class" : "PMMatrix",			"operatorClass" : "RemoveCaretOperator",			"mutationStart" : 86,			"method" : "asSymmetricMatrix",			"mutationEnd" : 115		},		{			"operatorDescription" : "Remove ^",			"class" : "PMMatrix class",			"operatorClass" : "RemoveCaretOperator",			"mutationStart" : 271,			"method" : "rows:columns:random:",			"mutationEnd" : 287		}	],	"timeBudgetFinished" : false,	"notCoveredInOriginal" : [		{			"operatorDescription" : "Remove ^",			"class" : "PMMatrix",			"operatorClass" : "RemoveCaretOperator",			"mutationStart" : 99,			"method" : "columnsDo:",			"mutationEnd" : 170		},		{			"operatorDescription" : "Remove ^",			"class" : "PMMatrix",			"operatorClass" : "RemoveCaretOperator",			"mutationStart" : 47,			"method" : "log",			"mutationEnd" : 103		},		{			"operatorDescription" : "Remove ^",			"class" : "PMMatrix",			"operatorClass" : "RemoveCaretOperator",			"mutationStart" : 1946,			"method" : "qrFactorizationWithPivoting",			"mutationEnd" : 1980		},		{			"operatorDescription" : "Replace #* with #/",			"class" : "PMMatrix",			"operatorClass" : "ReplaceMultiplicationWithDivisionMutantOperator",			"mutationStart" : 232,			"method" : "qrFactorizationWithPivoting",			"mutationEnd" : 240		},		{			"operatorDescription" : "Replace #* with #/",			"class" : "PMMatrix",			"operatorClass" : "ReplaceMultiplicationWithDivisionMutantOperator",			"mutationStart" : 724,			"method" : "qrFactorizationWithPivoting",			"mutationEnd" : 773		},		{			"operatorDescription" : "Replace #* with #/",			"class" : "PMMatrix",			"operatorClass" : "ReplaceMultiplicationWithDivisionMutantOperator",			"mutationStart" : 741,			"method" : "qrFactorizationWithPivoting",			"mutationEnd" : 754		},		{			"operatorDescription" : "Replace #* with #/",			"class" : "PMMatrix",			"operatorClass" : "ReplaceMultiplicationWithDivisionMutantOperator",			"mutationStart" : 916,			"method" : "qrFactorizationWithPivoting",			"mutationEnd" : 942		},		{			"operatorDescription" : "Replace #* with #/",			"class" : "PMMatrix",			"operatorClass" : "ReplaceMultiplicationWithDivisionMutantOperator",			"mutationStart" : 916,			"method" : "qrFactorizationWithPivoting",			"mutationEnd" : 938		},		{			"operatorDescription" : "Replace #+ with #-",			"class" : "PMMatrix",			"operatorClass" : "ReplacePlusWithMinusMutantOperator",			"mutationStart" : 489,			"method" : "qrFactorizationWithPivoting",			"mutationEnd" : 496		},		{			"operatorDescription" : "Replace #+ with #-",			"class" : "PMMatrix",			"operatorClass" : "ReplacePlusWithMinusMutantOperator",			"mutationStart" : 1043,			"method" : "qrFactorizationWithPivoting",			"mutationEnd" : 1054		},		{			"operatorDescription" : "Replace #+ with #-",			"class" : "PMMatrix",			"operatorClass" : "ReplacePlusWithMinusMutantOperator",			"mutationStart" : 1076,			"method" : "qrFactorizationWithPivoting",			"mutationEnd" : 1083		},		{			"operatorDescription" : "Replace #+ with #-",			"class" : "PMMatrix",			"operatorClass" : "ReplacePlusWithMinusMutantOperator",			"mutationStart" : 1176,			"method" : "qrFactorizationWithPivoting",			"mutationEnd" : 1183		},		{			"operatorDescription" : "Replace #+ with #-",			"class" : "PMMatrix",			"operatorClass" : "ReplacePlusWithMinusMutantOperator",			"mutationStart" : 1379,			"method" : "qrFactorizationWithPivoting",			"mutationEnd" : 1386		},		{			"operatorDescription" : "Replace #+ with #-",			"class" : "PMMatrix",			"operatorClass" : "ReplacePlusWithMinusMutantOperator",			"mutationStart" : 1526,			"method" : "qrFactorizationWithPivoting",			"mutationEnd" : 1533		},		{			"operatorDescription" : "Replace #+ with #-",			"class" : "PMMatrix",			"operatorClass" : "ReplacePlusWithMinusMutantOperator",			"mutationStart" : 1687,			"method" : "qrFactorizationWithPivoting",			"mutationEnd" : 1691		},		{			"operatorDescription" : "Replace #- with #+",			"class" : "PMMatrix",			"operatorClass" : "ReplaceMinusWithPlusMutantOperator",			"mutationStart" : 683,			"method" : "qrFactorizationWithPivoting",			"mutationEnd" : 690		},		{			"operatorDescription" : "Replace #- with #+",			"class" : "PMMatrix",			"operatorClass" : "ReplaceMinusWithPlusMutantOperator",			"mutationStart" : 728,			"method" : "qrFactorizationWithPivoting",			"mutationEnd" : 773		},		{			"operatorDescription" : "Replace #- with #+",			"class" : "PMMatrix",			"operatorClass" : "ReplaceMinusWithPlusMutantOperator",			"mutationStart" : 819,			"method" : "qrFactorizationWithPivoting",			"mutationEnd" : 826		},		{			"operatorDescription" : "Replace #- with #+",			"class" : "PMMatrix",			"operatorClass" : "ReplaceMinusWithPlusMutantOperator",			"mutationStart" : 866,			"method" : "qrFactorizationWithPivoting",			"mutationEnd" : 873		},		{			"operatorDescription" : "Replace #- with #+",			"class" : "PMMatrix",			"operatorClass" : "ReplaceMinusWithPlusMutantOperator",			"mutationStart" : 885,			"method" : "qrFactorizationWithPivoting",			"mutationEnd" : 943		},		{			"operatorDescription" : "Replace #- with #+",			"class" : "PMMatrix",			"operatorClass" : "ReplaceMinusWithPlusMutantOperator",			"mutationStart" : 1043,			"method" : "qrFactorizationWithPivoting",			"mutationEnd" : 1058		},		{			"operatorDescription" : "Replace #- with #+",			"class" : "PMMatrix",			"operatorClass" : "ReplaceMinusWithPlusMutantOperator",			"mutationStart" : 1076,			"method" : "qrFactorizationWithPivoting",			"mutationEnd" : 1087		},		{			"operatorDescription" : "Replace #- with #+",			"class" : "PMMatrix",			"operatorClass" : "ReplaceMinusWithPlusMutantOperator",			"mutationStart" : 1244,			"method" : "qrFactorizationWithPivoting",			"mutationEnd" : 1304		},		{			"operatorDescription" : "Replace #- with #+",			"class" : "PMMatrix",			"operatorClass" : "ReplaceMinusWithPlusMutantOperator",			"mutationStart" : 1708,			"method" : "qrFactorizationWithPivoting",			"mutationEnd" : 1718		},		{			"operatorDescription" : "Replace #- with #+",			"class" : "PMMatrix",			"operatorClass" : "ReplaceMinusWithPlusMutantOperator",			"mutationStart" : 1808,			"method" : "qrFactorizationWithPivoting",			"mutationEnd" : 1828		},		{			"operatorDescription" : "Replace #< with #>",			"class" : "PMMatrix",			"operatorClass" : "ReplaceLessWithGreaterMutantOperator",			"mutationStart" : 87,			"method" : "qrFactorizationWithPivoting",			"mutationEnd" : 126		},		{			"operatorDescription" : "Replace #< with #>",			"class" : "PMMatrix",			"operatorClass" : "ReplaceLessWithGreaterMutantOperator",			"mutationStart" : 1310,			"method" : "qrFactorizationWithPivoting",			"mutationEnd" : 1332		},		{			"operatorDescription" : "Replace #= with #'~='",			"class" : "PMMatrix",			"operatorClass" : "ReplaceEqualWithNotEqualOperator",			"mutationStart" : 1653,			"method" : "qrFactorizationWithPivoting",			"mutationEnd" : 1657		},		{			"operatorDescription" : "Replace #> with #<",			"class" : "PMMatrix",			"operatorClass" : "ReplaceGreaterWithLessMutantOperator",			"mutationStart" : 1469,			"method" : "qrFactorizationWithPivoting",			"mutationEnd" : 1474		},		{			"operatorDescription" : "Replace #> with #<",			"class" : "PMMatrix",			"operatorClass" : "ReplaceGreaterWithLessMutantOperator",			"mutationStart" : 1583,			"method" : "qrFactorizationWithPivoting",			"mutationEnd" : 1588		},		{			"operatorDescription" : "Replace #> with #<",			"class" : "PMMatrix",			"operatorClass" : "ReplaceGreaterWithLessMutantOperator",			"mutationStart" : 1724,			"method" : "qrFactorizationWithPivoting",			"mutationEnd" : 1728		},		{			"operatorDescription" : "Replace #ifTrue: receiver with false",			"class" : "PMMatrix",			"operatorClass" : "ReplaceIfTrueReceiverWithFalseOperator",			"mutationStart" : 87,			"method" : "qrFactorizationWithPivoting",			"mutationEnd" : 183		},		{			"operatorDescription" : "Replace #ifTrue: receiver with false",			"class" : "PMMatrix",			"operatorClass" : "ReplaceIfTrueReceiverWithFalseOperator",			"mutationStart" : 1418,			"method" : "qrFactorizationWithPivoting",			"mutationEnd" : 1457		},		{			"operatorDescription" : "Replace #ifTrue: receiver with false",			"class" : "PMMatrix",			"operatorClass" : "ReplaceIfTrueReceiverWithFalseOperator",			"mutationStart" : 1724,			"method" : "qrFactorizationWithPivoting",			"mutationEnd" : 1942		},		{			"operatorDescription" : "Replace #ifTrue: receiver with true",			"class" : "PMMatrix",			"operatorClass" : "ReplaceIfTrueReceiverWithTrueOperator",			"mutationStart" : 87,			"method" : "qrFactorizationWithPivoting",			"mutationEnd" : 183		},		{			"operatorDescription" : "Replace #ifTrue: receiver with true",			"class" : "PMMatrix",			"operatorClass" : "ReplaceIfTrueReceiverWithTrueOperator",			"mutationStart" : 1418,			"method" : "qrFactorizationWithPivoting",			"mutationEnd" : 1457		},		{			"operatorDescription" : "Replace #ifTrue: receiver with true",			"class" : "PMMatrix",			"operatorClass" : "ReplaceIfTrueReceiverWithTrueOperator",			"mutationStart" : 1724,			"method" : "qrFactorizationWithPivoting",			"mutationEnd" : 1942		},		{			"operatorDescription" : "Replace #ifTrue: with #ifFalse:",			"class" : "PMMatrix",			"operatorClass" : "ReplaceIfTrueWithIfFalseMutantOperator",			"mutationStart" : 87,			"method" : "qrFactorizationWithPivoting",			"mutationEnd" : 183		},		{			"operatorDescription" : "Replace #ifTrue: with #ifFalse:",			"class" : "PMMatrix",			"operatorClass" : "ReplaceIfTrueWithIfFalseMutantOperator",			"mutationStart" : 1418,			"method" : "qrFactorizationWithPivoting",			"mutationEnd" : 1457		},		{			"operatorDescription" : "Replace #ifTrue: with #ifFalse:",			"class" : "PMMatrix",			"operatorClass" : "ReplaceIfTrueWithIfFalseMutantOperator",			"mutationStart" : 1724,			"method" : "qrFactorizationWithPivoting",			"mutationEnd" : 1942		},		{			"operatorDescription" : "Replace #ifTrue:ifFalse: receiver with false",			"class" : "PMMatrix",			"operatorClass" : "ReplaceIfTrueIfFalseReceiverWithFalseOperator",			"mutationStart" : 1107,			"method" : "qrFactorizationWithPivoting",			"mutationEnd" : 1168		},		{			"operatorDescription" : "Replace #ifTrue:ifFalse: receiver with false",			"class" : "PMMatrix",			"operatorClass" : "ReplaceIfTrueIfFalseReceiverWithFalseOperator",			"mutationStart" : 1310,			"method" : "qrFactorizationWithPivoting",			"mutationEnd" : 1579		},		{			"operatorDescription" : "Replace #ifTrue:ifFalse: receiver with false",			"class" : "PMMatrix",			"operatorClass" : "ReplaceIfTrueIfFalseReceiverWithFalseOperator",			"mutationStart" : 1469,			"method" : "qrFactorizationWithPivoting",			"mutationEnd" : 1554		},		{			"operatorDescription" : "Replace #ifTrue:ifFalse: receiver with true",			"class" : "PMMatrix",			"operatorClass" : "ReplaceIfTrueIfFalseReceiverWithTrueOperator",			"mutationStart" : 1107,			"method" : "qrFactorizationWithPivoting",			"mutationEnd" : 1168		},		{			"operatorDescription" : "Replace #ifTrue:ifFalse: receiver with true",			"class" : "PMMatrix",			"operatorClass" : "ReplaceIfTrueIfFalseReceiverWithTrueOperator",			"mutationStart" : 1310,			"method" : "qrFactorizationWithPivoting",			"mutationEnd" : 1579		},		{			"operatorDescription" : "Replace #ifTrue:ifFalse: receiver with true",			"class" : "PMMatrix",			"operatorClass" : "ReplaceIfTrueIfFalseReceiverWithTrueOperator",			"mutationStart" : 1469,			"method" : "qrFactorizationWithPivoting",			"mutationEnd" : 1554		},		{			"operatorDescription" : "Remove ^",			"class" : "PMMatrix",			"operatorClass" : "RemoveCaretOperator",			"mutationStart" : 149,			"method" : "eigen",			"mutationEnd" : 178		},		{			"operatorDescription" : "Replace #ifTrue:ifFalse: receiver with false",			"class" : "PMMatrix",			"operatorClass" : "ReplaceIfTrueIfFalseReceiverWithFalseOperator",			"mutationStart" : 120,			"method" : "eigen",			"mutationEnd" : 290		},		{			"operatorDescription" : "Replace #ifTrue:ifFalse: receiver with true",			"class" : "PMMatrix",			"operatorClass" : "ReplaceIfTrueIfFalseReceiverWithTrueOperator",			"mutationStart" : 120,			"method" : "eigen",			"mutationEnd" : 290		},		{			"operatorDescription" : "Replace #ifTrue: receiver with true",			"class" : "PMMatrix",			"operatorClass" : "ReplaceIfTrueReceiverWithTrueOperator",			"mutationStart" : 20,			"method" : "lupDecomposition",			"mutationEnd" : 109		},		{			"operatorDescription" : "Remove ^",			"class" : "PMMatrix",			"operatorClass" : "RemoveCaretOperator",			"mutationStart" : 48,			"method" : "tan",			"mutationEnd" : 104		},		{			"operatorDescription" : "Remove ^",			"class" : "PMMatrix",			"operatorClass" : "RemoveCaretOperator",			"mutationStart" : 50,			"method" : "cosh",			"mutationEnd" : 107		},		{			"operatorDescription" : "Remove ^",			"class" : "PMMatrix",			"operatorClass" : "RemoveCaretOperator",			"mutationStart" : 56,			"method" : "inversePureCRL",			"mutationEnd" : 101		},		{			"operatorDescription" : "Replace #* with #/",			"class" : "PMMatrix",			"operatorClass" : "ReplaceMultiplicationWithDivisionMutantOperator",			"mutationStart" : 58,			"method" : "inversePureCRL",			"mutationEnd" : 101		},		{			"operatorDescription" : "Replace #'<=' with #<",			"class" : "PMMatrix",			"operatorClass" : "ReplaceLessOrEqualWithLessMutantOperator",			"mutationStart" : 204,			"method" : "atRow:put:startingAt:",			"mutationEnd" : 261		},		{			"operatorDescription" : "Remove ^",			"class" : "PMMatrix",			"operatorClass" : "RemoveCaretOperator",			"mutationStart" : 166,			"method" : "strassenProductWithMatrix:",			"mutationEnd" : 257		},		{			"operatorDescription" : "Remove ^",			"class" : "PMMatrix",			"operatorClass" : "RemoveCaretOperator",			"mutationStart" : 1094,			"method" : "strassenProductWithMatrix:",			"mutationEnd" : 1242		},		{			"operatorDescription" : "Replace #* with #/",			"class" : "PMMatrix",			"operatorClass" : "ReplaceMultiplicationWithDivisionMutantOperator",			"mutationStart" : 246,			"method" : "strassenProductWithMatrix:",			"mutationEnd" : 254		},		{			"operatorDescription" : "Replace #+ with #-",			"class" : "PMMatrix",			"operatorClass" : "ReplacePlusWithMinusMutantOperator",			"mutationStart" : 470,			"method" : "strassenProductWithMatrix:",			"mutationEnd" : 515		},		{			"operatorDescription" : "Replace #+ with #-",			"class" : "PMMatrix",			"operatorClass" : "ReplacePlusWithMinusMutantOperator",			"mutationStart" : 571,			"method" : "strassenProductWithMatrix:",			"mutationEnd" : 616		},		{			"operatorDescription" : "Replace #+ with #-",			"class" : "PMMatrix",			"operatorClass" : "ReplacePlusWithMinusMutantOperator",			"mutationStart" : 725,			"method" : "strassenProductWithMatrix:",			"mutationEnd" : 766		},		{			"operatorDescription" : "Replace #+ with #-",			"class" : "PMMatrix",			"operatorClass" : "ReplacePlusWithMinusMutantOperator",			"mutationStart" : 795,			"method" : "strassenProductWithMatrix:",			"mutationEnd" : 840		},		{			"operatorDescription" : "Replace #+ with #-",			"class" : "PMMatrix",			"operatorClass" : "ReplacePlusWithMinusMutantOperator",			"mutationStart" : 850,			"method" : "strassenProductWithMatrix:",			"mutationEnd" : 891		},		{			"operatorDescription" : "Replace #+ with #-",			"class" : "PMMatrix",			"operatorClass" : "ReplacePlusWithMinusMutantOperator",			"mutationStart" : 975,			"method" : "strassenProductWithMatrix:",			"mutationEnd" : 1016		},		{			"operatorDescription" : "Replace #+ with #-",			"class" : "PMMatrix",			"operatorClass" : "ReplacePlusWithMinusMutantOperator",			"mutationStart" : 1135,			"method" : "strassenProductWithMatrix:",			"mutationEnd" : 1146		},		{			"operatorDescription" : "Replace #+ with #-",			"class" : "PMMatrix",			"operatorClass" : "ReplacePlusWithMinusMutantOperator",			"mutationStart" : 1135,			"method" : "strassenProductWithMatrix:",			"mutationEnd" : 1141		},		{			"operatorDescription" : "Replace #+ with #-",			"class" : "PMMatrix",			"operatorClass" : "ReplacePlusWithMinusMutantOperator",			"mutationStart" : 1167,			"method" : "strassenProductWithMatrix:",			"mutationEnd" : 1175		},		{			"operatorDescription" : "Replace #+ with #-",			"class" : "PMMatrix",			"operatorClass" : "ReplacePlusWithMinusMutantOperator",			"mutationStart" : 1190,			"method" : "strassenProductWithMatrix:",			"mutationEnd" : 1199		},		{			"operatorDescription" : "Replace #+ with #-",			"class" : "PMMatrix",			"operatorClass" : "ReplacePlusWithMinusMutantOperator",			"mutationStart" : 1216,			"method" : "strassenProductWithMatrix:",			"mutationEnd" : 1222		},		{			"operatorDescription" : "Replace #- with #+",			"class" : "PMMatrix",			"operatorClass" : "ReplaceMinusWithPlusMutantOperator",			"mutationStart" : 325,			"method" : "strassenProductWithMatrix:",			"mutationEnd" : 366		},		{			"operatorDescription" : "Replace #- with #+",			"class" : "PMMatrix",			"operatorClass" : "ReplaceMinusWithPlusMutantOperator",			"mutationStart" : 626,			"method" : "strassenProductWithMatrix:",			"mutationEnd" : 667		},		{			"operatorDescription" : "Replace #- with #+",			"class" : "PMMatrix",			"operatorClass" : "ReplaceMinusWithPlusMutantOperator",			"mutationStart" : 920,			"method" : "strassenProductWithMatrix:",			"mutationEnd" : 965		},		{			"operatorDescription" : "Replace #- with #+",			"class" : "PMMatrix",			"operatorClass" : "ReplaceMinusWithPlusMutantOperator",			"mutationStart" : 1045,			"method" : "strassenProductWithMatrix:",			"mutationEnd" : 1090		},		{			"operatorDescription" : "Replace #- with #+",			"class" : "PMMatrix",			"operatorClass" : "ReplaceMinusWithPlusMutantOperator",			"mutationStart" : 1133,			"method" : "strassenProductWithMatrix:",			"mutationEnd" : 1152		},		{			"operatorDescription" : "Replace #- with #+",			"class" : "PMMatrix",			"operatorClass" : "ReplaceMinusWithPlusMutantOperator",			"mutationStart" : 1214,			"method" : "strassenProductWithMatrix:",			"mutationEnd" : 1233		},		{			"operatorDescription" : "Replace #- with #+",			"class" : "PMMatrix",			"operatorClass" : "ReplaceMinusWithPlusMutantOperator",			"mutationStart" : 1216,			"method" : "strassenProductWithMatrix:",			"mutationEnd" : 1227		},		{			"operatorDescription" : "Replace #> with #<",			"class" : "PMMatrix",			"operatorClass" : "ReplaceGreaterWithLessMutantOperator",			"mutationStart" : 98,			"method" : "strassenProductWithMatrix:",			"mutationEnd" : 118		},		{			"operatorDescription" : "Replace #> with #<",			"class" : "PMMatrix",			"operatorClass" : "ReplaceGreaterWithLessMutantOperator",			"mutationStart" : 127,			"method" : "strassenProductWithMatrix:",			"mutationEnd" : 150		},		{			"operatorDescription" : "Replace #and: argument with [true]",			"class" : "PMMatrix",			"operatorClass" : "ReplaceAndArgumentWithTrueOperator",			"mutationStart" : 96,			"method" : "strassenProductWithMatrix:",			"mutationEnd" : 152		},		{			"operatorDescription" : "Replace #and: receiver with true",			"class" : "PMMatrix",			"operatorClass" : "ReplaceAndReceiverWithTrueOperator",			"mutationStart" : 96,			"method" : "strassenProductWithMatrix:",			"mutationEnd" : 152		},		{			"operatorDescription" : "Replace #and: with #bEqv:",			"class" : "PMMatrix",			"operatorClass" : "ReplaceAndWithEqvMutantOperator",			"mutationStart" : 96,			"method" : "strassenProductWithMatrix:",			"mutationEnd" : 152		},		{			"operatorDescription" : "Replace #and: with #nand:",			"class" : "PMMatrix",			"operatorClass" : "ReplaceAndWithNandMutantOperator",			"mutationStart" : 96,			"method" : "strassenProductWithMatrix:",			"mutationEnd" : 152		},		{			"operatorDescription" : "Replace #and: with #or:",			"class" : "PMMatrix",			"operatorClass" : "ReplaceAndWithOrMutantOperator",			"mutationStart" : 96,			"method" : "strassenProductWithMatrix:",			"mutationEnd" : 152		},		{			"operatorDescription" : "Replace #and: with false",			"class" : "PMMatrix",			"operatorClass" : "ReplaceAndWithFalseOperator",			"mutationStart" : 96,			"method" : "strassenProductWithMatrix:",			"mutationEnd" : 152		},		{			"operatorDescription" : "Replace #ifFalse: receiver with false",			"class" : "PMMatrix",			"operatorClass" : "ReplaceIfFalseReceiverWithFalseOperator",			"mutationStart" : 96,			"method" : "strassenProductWithMatrix:",			"mutationEnd" : 258		},		{			"operatorDescription" : "Replace #ifFalse: receiver with true",			"class" : "PMMatrix",			"operatorClass" : "ReplaceIfFalseReceiverWithTrueOperator",			"mutationStart" : 96,			"method" : "strassenProductWithMatrix:",			"mutationEnd" : 258		},		{			"operatorDescription" : "Replace #ifFalse: with #ifTrue:",			"class" : "PMMatrix",			"operatorClass" : "ReplaceIfFalseWithIfTrueMutantOperator",			"mutationStart" : 96,			"method" : "strassenProductWithMatrix:",			"mutationEnd" : 258		},		{			"operatorDescription" : "Replace #* with #/",			"class" : "PMMatrix",			"operatorClass" : "ReplaceMultiplicationWithDivisionMutantOperator",			"mutationStart" : 110,			"method" : "inverse",			"mutationEnd" : 146		},		{			"operatorDescription" : "Replace #ifTrue:ifFalse: receiver with false",			"class" : "PMMatrix",			"operatorClass" : "ReplaceIfTrueIfFalseReceiverWithFalseOperator",			"mutationStart" : 52,			"method" : "inverse",			"mutationEnd" : 148		},		{			"operatorDescription" : "Remove ^",			"class" : "PMMatrix",			"operatorClass" : "RemoveCaretOperator",			"mutationStart" : 317,			"method" : "inversePivotColumns:",			"mutationEnd" : 321		},		{			"operatorDescription" : "Replace #'~=' with #=",			"class" : "PMMatrix",			"operatorClass" : "ReplaceNotEqualWithEqualOperator",			"mutationStart" : 255,			"method" : "inversePivotColumns:",			"mutationEnd" : 264		},		{			"operatorDescription" : "Replace #ifTrue: receiver with false",			"class" : "PMMatrix",			"operatorClass" : "ReplaceIfTrueReceiverWithFalseOperator",			"mutationStart" : 255,			"method" : "inversePivotColumns:",			"mutationEnd" : 311		},		{			"operatorDescription" : "Replace #ifTrue: receiver with true",			"class" : "PMMatrix",			"operatorClass" : "ReplaceIfTrueReceiverWithTrueOperator",			"mutationStart" : 255,			"method" : "inversePivotColumns:",			"mutationEnd" : 311		},		{			"operatorDescription" : "Replace #ifTrue: with #ifFalse:",			"class" : "PMMatrix",			"operatorClass" : "ReplaceIfTrueWithIfFalseMutantOperator",			"mutationStart" : 255,			"method" : "inversePivotColumns:",			"mutationEnd" : 311		},		{			"operatorDescription" : "Remove ^",			"class" : "PMMatrix",			"operatorClass" : "RemoveCaretOperator",			"mutationStart" : 7,			"method" : "hash",			"mutationEnd" : 17		},		{			"operatorDescription" : "Remove ^",			"class" : "PMMatrix",			"operatorClass" : "RemoveCaretOperator",			"mutationStart" : 13,			"method" : "decompose",			"mutationEnd" : 58		},		{			"operatorDescription" : "Replace #and: receiver with true",			"class" : "PMMatrix",			"operatorClass" : "ReplaceAndReceiverWithTrueOperator",			"mutationStart" : 23,			"method" : "=",			"mutationEnd" : 104		},		{			"operatorDescription" : "Replace #and: with #bEqv:",			"class" : "PMMatrix",			"operatorClass" : "ReplaceAndWithEqvMutantOperator",			"mutationStart" : 23,			"method" : "=",			"mutationEnd" : 104		},		{			"operatorDescription" : "Replace #ifFalse: receiver with true",			"class" : "PMMatrix",			"operatorClass" : "ReplaceIfFalseReceiverWithTrueOperator",			"mutationStart" : 117,			"method" : "principalDiagonal",			"mutationEnd" : 213		},		{			"operatorDescription" : "Remove ^",			"class" : "PMMatrix",			"operatorClass" : "RemoveCaretOperator",			"mutationStart" : 48,			"method" : "sin",			"mutationEnd" : 104		},		{			"operatorDescription" : "Remove ^",			"class" : "PMMatrix",			"operatorClass" : "RemoveCaretOperator",			"mutationStart" : 101,			"method" : "orthogonalize",			"mutationEnd" : 140		},		{			"operatorDescription" : "Remove ^",			"class" : "PMMatrix",			"operatorClass" : "RemoveCaretOperator",			"mutationStart" : 231,			"method" : "split",			"mutationEnd" : 675		},		{			"operatorDescription" : "Replace #+ with #-",			"class" : "PMMatrix",			"operatorClass" : "ReplacePlusWithMinusMutantOperator",			"mutationStart" : 434,			"method" : "split",			"mutationEnd" : 441		},		{			"operatorDescription" : "Replace #+ with #-",			"class" : "PMMatrix",			"operatorClass" : "ReplacePlusWithMinusMutantOperator",			"mutationStart" : 483,			"method" : "split",			"mutationEnd" : 490		},		{			"operatorDescription" : "Replace #+ with #-",			"class" : "PMMatrix",			"operatorClass" : "ReplacePlusWithMinusMutantOperator",			"mutationStart" : 592,			"method" : "split",			"mutationEnd" : 599		},		{			"operatorDescription" : "Replace #+ with #-",			"class" : "PMMatrix",			"operatorClass" : "ReplacePlusWithMinusMutantOperator",			"mutationStart" : 659,			"method" : "split",			"mutationEnd" : 666		},		{			"operatorDescription" : "Remove ^",			"class" : "PMMatrix",			"operatorClass" : "RemoveCaretOperator",			"mutationStart" : 97,			"method" : "equalsTo:",			"mutationEnd" : 102		},		{			"operatorDescription" : "Remove ^",			"class" : "PMMatrix",			"operatorClass" : "RemoveCaretOperator",			"mutationStart" : 110,			"method" : "equalsTo:",			"mutationEnd" : 115		},		{			"operatorDescription" : "Replace #ifFalse: receiver with false",			"class" : "PMMatrix",			"operatorClass" : "ReplaceIfFalseReceiverWithFalseOperator",			"mutationStart" : 70,			"method" : "equalsTo:",			"mutationEnd" : 104		},		{			"operatorDescription" : "Replace #ifFalse: receiver with true",			"class" : "PMMatrix",			"operatorClass" : "ReplaceIfFalseReceiverWithTrueOperator",			"mutationStart" : 70,			"method" : "equalsTo:",			"mutationEnd" : 104		},		{			"operatorDescription" : "Replace #ifFalse: with #ifTrue:",			"class" : "PMMatrix",			"operatorClass" : "ReplaceIfFalseWithIfTrueMutantOperator",			"mutationStart" : 70,			"method" : "equalsTo:",			"mutationEnd" : 104		},		{			"operatorDescription" : "Remove ^",			"class" : "PMMatrix",			"operatorClass" : "RemoveCaretOperator",			"mutationStart" : 50,			"method" : "sinh",			"mutationEnd" : 107		},		{			"operatorDescription" : "Remove ^",			"class" : "PMMatrix",			"operatorClass" : "RemoveCaretOperator",			"mutationStart" : 51,			"method" : "sqrt",			"mutationEnd" : 108		},		{			"operatorDescription" : "Remove ^",			"class" : "PMMatrix",			"operatorClass" : "RemoveCaretOperator",			"mutationStart" : 56,			"method" : "rowAt:columnAt:put:",			"mutationEnd" : 105		},		{			"operatorDescription" : "Replace #'<=' with #=",			"class" : "PMMatrix",			"operatorClass" : "ReplaceLessOrEqualWithEqualMutantOperator",			"mutationStart" : 196,			"method" : "atColumn:put:startingAt:",			"mutationEnd" : 239		},		{			"operatorDescription" : "Remove ^",			"class" : "PMMatrix",			"operatorClass" : "RemoveCaretOperator",			"mutationStart" : 1591,			"method" : "qrFactorization",			"mutationEnd" : 1612		},		{			"operatorDescription" : "Replace #* with #/",			"class" : "PMMatrix",			"operatorClass" : "ReplaceMultiplicationWithDivisionMutantOperator",			"mutationStart" : 449,			"method" : "qrFactorization",			"mutationEnd" : 496		},		{			"operatorDescription" : "Replace #* with #/",			"class" : "PMMatrix",			"operatorClass" : "ReplaceMultiplicationWithDivisionMutantOperator",			"mutationStart" : 465,			"method" : "qrFactorization",			"mutationEnd" : 476		},		{			"operatorDescription" : "Replace #* with #/",			"class" : "PMMatrix",			"operatorClass" : "ReplaceMultiplicationWithDivisionMutantOperator",			"mutationStart" : 686,			"method" : "qrFactorization",			"mutationEnd" : 713		},		{			"operatorDescription" : "Replace #* with #/",			"class" : "PMMatrix",			"operatorClass" : "ReplaceMultiplicationWithDivisionMutantOperator",			"mutationStart" : 688,			"method" : "qrFactorization",			"mutationEnd" : 708		},		{			"operatorDescription" : "Replace #+ with #-",			"class" : "PMMatrix",			"operatorClass" : "ReplacePlusWithMinusMutantOperator",			"mutationStart" : 799,			"method" : "qrFactorization",			"mutationEnd" : 809		},		{			"operatorDescription" : "Replace #+ with #-",			"class" : "PMMatrix",			"operatorClass" : "ReplacePlusWithMinusMutantOperator",			"mutationStart" : 826,			"method" : "qrFactorization",			"mutationEnd" : 831		},		{			"operatorDescription" : "Replace #+ with #-",			"class" : "PMMatrix",			"operatorClass" : "ReplacePlusWithMinusMutantOperator",			"mutationStart" : 1379,			"method" : "qrFactorization",			"mutationEnd" : 1381		},		{			"operatorDescription" : "Replace #- with #+",			"class" : "PMMatrix",			"operatorClass" : "ReplaceMinusWithPlusMutantOperator",			"mutationStart" : 411,			"method" : "qrFactorization",			"mutationEnd" : 415		},		{			"operatorDescription" : "Replace #- with #+",			"class" : "PMMatrix",			"operatorClass" : "ReplaceMinusWithPlusMutantOperator",			"mutationStart" : 452,			"method" : "qrFactorization",			"mutationEnd" : 496		},		{			"operatorDescription" : "Replace #- with #+",			"class" : "PMMatrix",			"operatorClass" : "ReplaceMinusWithPlusMutantOperator",			"mutationStart" : 589,			"method" : "qrFactorization",			"mutationEnd" : 596		},		{			"operatorDescription" : "Replace #- with #+",			"class" : "PMMatrix",			"operatorClass" : "ReplaceMinusWithPlusMutantOperator",			"mutationStart" : 634,			"method" : "qrFactorization",			"mutationEnd" : 641		},		{			"operatorDescription" : "Replace #- with #+",			"class" : "PMMatrix",			"operatorClass" : "ReplaceMinusWithPlusMutantOperator",			"mutationStart" : 655,			"method" : "qrFactorization",			"mutationEnd" : 715		},		{			"operatorDescription" : "Replace #- with #+",			"class" : "PMMatrix",			"operatorClass" : "ReplaceMinusWithPlusMutantOperator",			"mutationStart" : 798,			"method" : "qrFactorization",			"mutationEnd" : 813		},		{			"operatorDescription" : "Replace #- with #+",			"class" : "PMMatrix",			"operatorClass" : "ReplaceMinusWithPlusMutantOperator",			"mutationStart" : 825,			"method" : "qrFactorization",			"mutationEnd" : 835		},		{			"operatorDescription" : "Replace #- with #+",			"class" : "PMMatrix",			"operatorClass" : "ReplaceMinusWithPlusMutantOperator",			"mutationStart" : 1393,			"method" : "qrFactorization",			"mutationEnd" : 1402		},		{			"operatorDescription" : "Replace #- with #+",			"class" : "PMMatrix",			"operatorClass" : "ReplaceMinusWithPlusMutantOperator",			"mutationStart" : 1486,			"method" : "qrFactorization",			"mutationEnd" : 1506		},		{			"operatorDescription" : "Replace #< with #>",			"class" : "PMMatrix",			"operatorClass" : "ReplaceLessWithGreaterMutantOperator",			"mutationStart" : 47,			"method" : "qrFactorization",			"mutationEnd" : 86		},		{			"operatorDescription" : "Replace #= with #'~='",			"class" : "PMMatrix",			"operatorClass" : "ReplaceEqualWithNotEqualOperator",			"mutationStart" : 1356,			"method" : "qrFactorization",			"mutationEnd" : 1358		},		{			"operatorDescription" : "Replace #> with #<",			"class" : "PMMatrix",			"operatorClass" : "ReplaceGreaterWithLessMutantOperator",			"mutationStart" : 1407,			"method" : "qrFactorization",			"mutationEnd" : 1409		},		{			"operatorDescription" : "Replace #ifTrue: receiver with false",			"class" : "PMMatrix",			"operatorClass" : "ReplaceIfTrueReceiverWithFalseOperator",			"mutationStart" : 47,			"method" : "qrFactorization",			"mutationEnd" : 140		},		{			"operatorDescription" : "Replace #ifTrue: receiver with false",			"class" : "PMMatrix",			"operatorClass" : "ReplaceIfTrueReceiverWithFalseOperator",			"mutationStart" : 1407,			"method" : "qrFactorization",			"mutationEnd" : 1585		},		{			"operatorDescription" : "Replace #ifTrue: receiver with true",			"class" : "PMMatrix",			"operatorClass" : "ReplaceIfTrueReceiverWithTrueOperator",			"mutationStart" : 47,			"method" : "qrFactorization",			"mutationEnd" : 140		},		{			"operatorDescription" : "Replace #ifTrue: receiver with true",			"class" : "PMMatrix",			"operatorClass" : "ReplaceIfTrueReceiverWithTrueOperator",			"mutationStart" : 1407,			"method" : "qrFactorization",			"mutationEnd" : 1585		},		{			"operatorDescription" : "Replace #ifTrue: with #ifFalse:",			"class" : "PMMatrix",			"operatorClass" : "ReplaceIfTrueWithIfFalseMutantOperator",			"mutationStart" : 47,			"method" : "qrFactorization",			"mutationEnd" : 140		},		{			"operatorDescription" : "Replace #ifTrue: with #ifFalse:",			"class" : "PMMatrix",			"operatorClass" : "ReplaceIfTrueWithIfFalseMutantOperator",			"mutationStart" : 1407,			"method" : "qrFactorization",			"mutationEnd" : 1585		},		{			"operatorDescription" : "Replace #ifTrue:ifFalse: receiver with false",			"class" : "PMMatrix",			"operatorClass" : "ReplaceIfTrueIfFalseReceiverWithFalseOperator",			"mutationStart" : 842,			"method" : "qrFactorization",			"mutationEnd" : 886		},		{			"operatorDescription" : "Replace #ifTrue:ifFalse: receiver with true",			"class" : "PMMatrix",			"operatorClass" : "ReplaceIfTrueIfFalseReceiverWithTrueOperator",			"mutationStart" : 842,			"method" : "qrFactorization",			"mutationEnd" : 886		},		{			"operatorDescription" : "Replace #ifTrue: receiver with true",			"class" : "PMMatrix",			"operatorClass" : "ReplaceIfTrueReceiverWithTrueOperator",			"mutationStart" : 19,			"method" : "printOn:",			"mutationEnd" : 142		},		{			"operatorDescription" : "Replace #or: argument with [false]",			"class" : "PMMatrix",			"operatorClass" : "ReplaceOrArgumentWithFalseOperator",			"mutationStart" : 19,			"method" : "printOn:",			"mutationEnd" : 53		},		{			"operatorDescription" : "Replace #or: with true",			"class" : "PMMatrix",			"operatorClass" : "ReplaceOrWithTrueOperator",			"mutationStart" : 19,			"method" : "printOn:",			"mutationEnd" : 53		},		{			"operatorDescription" : "Remove ^",			"class" : "PMMatrix",			"operatorClass" : "RemoveCaretOperator",			"mutationStart" : 279,			"method" : "setDiagonal:",			"mutationEnd" : 283		},		{			"operatorDescription" : "Replace #< with #>",			"class" : "PMMatrix",			"operatorClass" : "ReplaceLessWithGreaterMutantOperator",			"mutationStart" : 86,			"method" : "setDiagonal:",			"mutationEnd" : 90		},		{			"operatorDescription" : "Replace #ifTrue:ifFalse: receiver with false",			"class" : "PMMatrix",			"operatorClass" : "ReplaceIfTrueIfFalseReceiverWithFalseOperator",			"mutationStart" : 86,			"method" : "setDiagonal:",			"mutationEnd" : 275		},		{			"operatorDescription" : "Replace #ifTrue:ifFalse: receiver with true",			"class" : "PMMatrix",			"operatorClass" : "ReplaceIfTrueIfFalseReceiverWithTrueOperator",			"mutationStart" : 86,			"method" : "setDiagonal:",			"mutationEnd" : 275		},		{			"operatorDescription" : "Remove ^",			"class" : "PMMatrix",			"operatorClass" : "RemoveCaretOperator",			"mutationStart" : 50,			"method" : "tanh",			"mutationEnd" : 107		},		{			"operatorDescription" : "Remove ^",			"class" : "PMMatrix",			"operatorClass" : "RemoveCaretOperator",			"mutationStart" : 48,			"method" : "cos",			"mutationEnd" : 104		},		{			"operatorDescription" : "Remove ^",			"class" : "PMMatrix",			"operatorClass" : "RemoveCaretOperator",			"mutationStart" : 368,			"method" : "mpInverse",			"mutationEnd" : 398		},		{			"operatorDescription" : "Replace #* with #/",			"class" : "PMMatrix",			"operatorClass" : "ReplaceMultiplicationWithDivisionMutantOperator",			"mutationStart" : 370,			"method" : "mpInverse",			"mutationEnd" : 398		},		{			"operatorDescription" : "Replace #* with #/",			"class" : "PMMatrix",			"operatorClass" : "ReplaceMultiplicationWithDivisionMutantOperator",			"mutationStart" : 370,			"method" : "mpInverse",			"mutationEnd" : 395		},		{			"operatorDescription" : "Replace #* with #/",			"class" : "PMMatrix",			"operatorClass" : "ReplaceMultiplicationWithDivisionMutantOperator",			"mutationStart" : 375,			"method" : "mpInverse",			"mutationEnd" : 386		},		{			"operatorDescription" : "Replace #* with #/",			"class" : "PMMatrix",			"operatorClass" : "ReplaceMultiplicationWithDivisionMutantOperator",			"mutationStart" : 376,			"method" : "mpInverse",			"mutationEnd" : 382		},		{			"operatorDescription" : "Replace #< with #>",			"class" : "PMMatrix",			"operatorClass" : "ReplaceLessWithGreaterMutantOperator",			"mutationStart" : 46,			"method" : "mpInverse",			"mutationEnd" : 85		},		{			"operatorDescription" : "Replace #ifTrue:ifFalse: receiver with false",			"class" : "PMMatrix",			"operatorClass" : "ReplaceIfTrueIfFalseReceiverWithFalseOperator",			"mutationStart" : 46,			"method" : "mpInverse",			"mutationEnd" : 363		},		{			"operatorDescription" : "Replace #ifTrue:ifFalse: receiver with true",			"class" : "PMMatrix",			"operatorClass" : "ReplaceIfTrueIfFalseReceiverWithTrueOperator",			"mutationStart" : 46,			"method" : "mpInverse",			"mutationEnd" : 363		},		{			"operatorDescription" : "Remove ^",			"class" : "PMMatrix",			"operatorClass" : "RemoveCaretOperator",			"mutationStart" : 80,			"method" : "rowsDo:",			"mutationEnd" : 96		},		{			"operatorDescription" : "Replace do block with [:each |]",			"class" : "PMMatrix",			"operatorClass" : "ReplaceDoBlockWithEmptyBlockOperator",			"mutationStart" : 20,			"method" : "scaleBy:",			"mutationEnd" : 61		},		{			"operatorDescription" : "Remove ^",			"class" : "PMMatrix",			"operatorClass" : "RemoveCaretOperator",			"mutationStart" : 8,			"method" : "rank",			"mutationEnd" : 151		},		{			"operatorDescription" : "Replace #< with #>",			"class" : "PMMatrix",			"operatorClass" : "ReplaceLessWithGreaterMutantOperator",			"mutationStart" : 12,			"method" : "rank",			"mutationEnd" : 51		},		{			"operatorDescription" : "Replace #ifTrue:ifFalse: receiver with false",			"class" : "PMMatrix",			"operatorClass" : "ReplaceIfTrueIfFalseReceiverWithFalseOperator",			"mutationStart" : 11,			"method" : "rank",			"mutationEnd" : 105		},		{			"operatorDescription" : "Replace #ifTrue:ifFalse: receiver with true",			"class" : "PMMatrix",			"operatorClass" : "ReplaceIfTrueIfFalseReceiverWithTrueOperator",			"mutationStart" : 11,			"method" : "rank",			"mutationEnd" : 105		},		{			"operatorDescription" : "Remove ^",			"class" : "PMMatrix",			"operatorClass" : "RemoveCaretOperator",			"mutationStart" : 86,			"method" : "asSymmetricMatrix",			"mutationEnd" : 115		},		{			"operatorDescription" : "Remove ^",			"class" : "PMMatrix class",			"operatorClass" : "RemoveCaretOperator",			"mutationStart" : 26,			"method" : "lupCRLCriticalDimension",			"mutationEnd" : 29		},		{			"operatorDescription" : "Replace #* with #/",			"class" : "PMMatrix class",			"operatorClass" : "ReplaceMultiplicationWithDivisionMutantOperator",			"mutationStart" : 213,			"method" : "example",			"mutationEnd" : 217		},		{			"operatorDescription" : "Replace #* with #/",			"class" : "PMMatrix class",			"operatorClass" : "ReplaceMultiplicationWithDivisionMutantOperator",			"mutationStart" : 419,			"method" : "example",			"mutationEnd" : 434		},		{			"operatorDescription" : "Replace #< with #>",			"class" : "PMMatrix class",			"operatorClass" : "ReplaceLessWithGreaterMutantOperator",			"mutationStart" : 459,			"method" : "example",			"mutationEnd" : 463		},		{			"operatorDescription" : "Replace #> with #<",			"class" : "PMMatrix class",			"operatorClass" : "ReplaceGreaterWithLessMutantOperator",			"mutationStart" : 445,			"method" : "example",			"mutationEnd" : 449		},		{			"operatorDescription" : "Remove ^",			"class" : "PMMatrix class",			"operatorClass" : "RemoveCaretOperator",			"mutationStart" : 811,			"method" : "join:",			"mutationEnd" : 826		},		{			"operatorDescription" : "Replace #+ with #-",			"class" : "PMMatrix class",			"operatorClass" : "ReplacePlusWithMinusMutantOperator",			"mutationStart" : 181,			"method" : "join:",			"mutationEnd" : 186		},		{			"operatorDescription" : "Replace #+ with #-",			"class" : "PMMatrix class",			"operatorClass" : "ReplacePlusWithMinusMutantOperator",			"mutationStart" : 201,			"method" : "join:",			"mutationEnd" : 247		},		{			"operatorDescription" : "Replace #+ with #-",			"class" : "PMMatrix class",			"operatorClass" : "ReplacePlusWithMinusMutantOperator",			"mutationStart" : 316,			"method" : "join:",			"mutationEnd" : 320		},		{			"operatorDescription" : "Replace #+ with #-",			"class" : "PMMatrix class",			"operatorClass" : "ReplacePlusWithMinusMutantOperator",			"mutationStart" : 596,			"method" : "join:",			"mutationEnd" : 600		},		{			"operatorDescription" : "Remove ^",			"class" : "PMMatrix class",			"operatorClass" : "RemoveCaretOperator",			"mutationStart" : 271,			"method" : "rows:columns:random:",			"mutationEnd" : 287		}	],	"testCase" : "PMMatrixTest",	"unixtime" : 1605089578,	"timeTotal" : 7066}