{	"targetClasses" : [		"PMMidpointStepper"	],	"testMethodsIgnored" : [ ],	"methodsNotProfiled" : [ ],	"numberOfOriginalTestMethods" : 6,	"timeDetail" : [		"init: % 0.29 (406 milliseconds)",		"assertionAmplification: % 46.26 (1 minute 4 seconds 439 milliseconds)",		"selection: % 7.59 (10 seconds 567 milliseconds)",		"inputAmplification: % 44.92 (1 minute 2 seconds 577 milliseconds)",		"finalize: % 0.94 (1 second 312 milliseconds)"	],	"notCoveredInAmplified" : [		{			"operatorDescription" : "Replace #ifTrue: receiver with false",			"class" : "PMMidpointStepper",			"operatorClass" : "ReplaceIfTrueReceiverWithFalseOperator",			"mutationStart" : 146,			"method" : "doStep:time:",			"mutationEnd" : 222		}	],	"mutationScoreAfter" : 93,	"mutationScoreBefore" : 93,	"testAmpLoc" : 0,	"amplifiedMethods" : [ ],	"testLoc" : "118",	"amplifiedClass" : "PMMidpointStepperTest298",	"numberOfAllMutationsInOriginal" : 15,	"targetLoc" : 18,	"newCovered" : [ ],	"timeBudgetFinished" : false,	"notCoveredInOriginal" : [		{			"operatorDescription" : "Replace #ifTrue: receiver with false",			"class" : "PMMidpointStepper",			"operatorClass" : "ReplaceIfTrueReceiverWithFalseOperator",			"mutationStart" : 146,			"method" : "doStep:time:",			"mutationEnd" : 222		}	],	"testCase" : "PMMidpointStepperTest",	"unixtime" : 1605025979,	"timeTotal" : 139}