{	"targetClasses" : [		"PMNNStore"	],	"testMethodsIgnored" : [		"PMNNStoreTest>>#testWithAll"	],	"methodsNotProfiled" : [ ],	"numberOfOriginalTestMethods" : 11,	"timeDetail" : [		"init: % 2.84 (14 seconds 994 milliseconds)",		"assertionAmplification: % 38.02 (3 minutes 20 seconds 827 milliseconds)",		"selection: % 9.98 (52 seconds 705 milliseconds)",		"inputAmplification: % 46.80 (4 minutes 7 seconds 229 milliseconds)",		"finalize: % 2.37 (12 seconds 525 milliseconds)"	],	"notCoveredInAmplified" : [		{			"operatorDescription" : "Replace #and: with #bEqv:",			"class" : "PMNNStore",			"operatorClass" : "ReplaceAndWithEqvMutantOperator",			"mutationStart" : 126,			"method" : "=",			"mutationEnd" : 204		},		{			"operatorDescription" : "Replace #or: receiver with false",			"class" : "PMNNStore",			"operatorClass" : "ReplaceOrReceiverWithFalseOperator",			"mutationStart" : 13,			"method" : "=",			"mutationEnd" : 210		},		{			"operatorDescription" : "Replace #or: with #bXor:",			"class" : "PMNNStore",			"operatorClass" : "ReplaceOrWithXorMutantOperator",			"mutationStart" : 13,			"method" : "=",			"mutationEnd" : 210		},		{			"operatorDescription" : "Replace #ifTrue: receiver with true",			"class" : "PMNNStore",			"operatorClass" : "ReplaceIfTrueReceiverWithTrueOperator",			"mutationStart" : 569,			"method" : "add:",			"mutationEnd" : 601		},		{			"operatorDescription" : "Remove ^",			"class" : "PMNNStore",			"operatorClass" : "RemoveCaretOperator",			"mutationStart" : 6,			"method" : "hash",			"mutationEnd" : 103		}	],	"mutationScoreAfter" : 92,	"mutationScoreBefore" : 92,	"testAmpLoc" : 0,	"amplifiedMethods" : [ ],	"testLoc" : "143",	"amplifiedClass" : "PMNNStoreTest527",	"numberOfAllMutationsInOriginal" : 63,	"targetLoc" : 75,	"newCovered" : [ ],	"timeBudgetFinished" : false,	"notCoveredInOriginal" : [		{			"operatorDescription" : "Replace #and: with #bEqv:",			"class" : "PMNNStore",			"operatorClass" : "ReplaceAndWithEqvMutantOperator",			"mutationStart" : 126,			"method" : "=",			"mutationEnd" : 204		},		{			"operatorDescription" : "Replace #or: receiver with false",			"class" : "PMNNStore",			"operatorClass" : "ReplaceOrReceiverWithFalseOperator",			"mutationStart" : 13,			"method" : "=",			"mutationEnd" : 210		},		{			"operatorDescription" : "Replace #or: with #bXor:",			"class" : "PMNNStore",			"operatorClass" : "ReplaceOrWithXorMutantOperator",			"mutationStart" : 13,			"method" : "=",			"mutationEnd" : 210		},		{			"operatorDescription" : "Replace #ifTrue: receiver with true",			"class" : "PMNNStore",			"operatorClass" : "ReplaceIfTrueReceiverWithTrueOperator",			"mutationStart" : 569,			"method" : "add:",			"mutationEnd" : 601		},		{			"operatorDescription" : "Remove ^",			"class" : "PMNNStore",			"operatorClass" : "RemoveCaretOperator",			"mutationStart" : 6,			"method" : "hash",			"mutationEnd" : 103		}	],	"testCase" : "PMNNStoreTest",	"unixtime" : 1605058859,	"timeTotal" : 528}