{	"targetClasses" : [		"PMODESystem"	],	"testMethodsIgnored" : [ ],	"methodsNotProfiled" : [ ],	"numberOfOriginalTestMethods" : 4,	"timeDetail" : [		"init: % 0.03 (94 milliseconds)",		"assertionAmplification: % 93.99 (5 minutes 41 seconds 64 milliseconds)",		"selection: % 0.71 (2 seconds 562 milliseconds)",		"inputAmplification: % 5.25 (19 seconds 52 milliseconds)",		"finalize: % 0.02 (85 milliseconds)"	],	"notCoveredInAmplified" : [		{			"operatorDescription" : "Remove ^",			"class" : "PMODESystem class",			"operatorClass" : "RemoveCaretOperator",			"mutationStart" : 17,			"method" : "block:",			"mutationEnd" : 52		}	],	"mutationScoreAfter" : 80,	"mutationScoreBefore" : 60,	"testAmpLoc" : 15,	"amplifiedMethods" : [		"PMODESystemTest189>>#testBlock_amp"	],	"testLoc" : "27",	"amplifiedClass" : "PMODESystemTest189",	"numberOfAllMutationsInOriginal" : 5,	"targetLoc" : 12,	"newCovered" : [		{			"operatorDescription" : "Remove ^",			"class" : "PMODESystem",			"operatorClass" : "RemoveCaretOperator",			"mutationStart" : 123,			"method" : "block:",			"mutationEnd" : 139		}	],	"timeBudgetFinished" : false,	"notCoveredInOriginal" : [		{			"operatorDescription" : "Remove ^",			"class" : "PMODESystem",			"operatorClass" : "RemoveCaretOperator",			"mutationStart" : 123,			"method" : "block:",			"mutationEnd" : 139		},		{			"operatorDescription" : "Remove ^",			"class" : "PMODESystem class",			"operatorClass" : "RemoveCaretOperator",			"mutationStart" : 17,			"method" : "block:",			"mutationEnd" : 52		}	],	"testCase" : "PMODESystemTest",	"unixtime" : 1604998955,	"timeTotal" : 362}