{	"targetClasses" : [		"PMPermutation"	],	"testMethodsIgnored" : [ ],	"methodsNotProfiled" : [ ],	"numberOfOriginalTestMethods" : 20,	"timeDetail" : [		"init: % 3.11 (1 minute 1 second 996 milliseconds)",		"assertionAmplification: % 49.98 (16 minutes 35 seconds 833 milliseconds)",		"selection: % 8.18 (2 minutes 43 seconds 40 milliseconds)",		"inputAmplification: % 35.81 (11 minutes 53 seconds 446 milliseconds)",		"finalize: % 2.92 (58 seconds 149 milliseconds)"	],	"notCoveredInAmplified" : [		{			"operatorDescription" : "Remove ^",			"class" : "PMPermutation",			"operatorClass" : "RemoveCaretOperator",			"mutationStart" : 138,			"method" : "reduce",			"mutationEnd" : 143		},		{			"operatorDescription" : "Remove ^",			"class" : "PMPermutation",			"operatorClass" : "RemoveCaretOperator",			"mutationStart" : 190,			"method" : "reduce",			"mutationEnd" : 228		},		{			"operatorDescription" : "Remove ^",			"class" : "PMPermutation",			"operatorClass" : "RemoveCaretOperator",			"mutationStart" : 49,			"method" : "extendTo:",			"mutationEnd" : 58		},		{			"operatorDescription" : "Replace #ifTrue: receiver with false",			"class" : "PMPermutation",			"operatorClass" : "ReplaceIfTrueReceiverWithFalseOperator",			"mutationStart" : 24,			"method" : "extendTo:",			"mutationEnd" : 60		},		{			"operatorDescription" : "Remove ^",			"class" : "PMPermutation",			"operatorClass" : "RemoveCaretOperator",			"mutationStart" : 231,			"method" : "permute:",			"mutationEnd" : 251		},		{			"operatorDescription" : "Replace #and: argument with [true]",			"class" : "PMPermutation class",			"operatorClass" : "ReplaceAndArgumentWithTrueOperator",			"mutationStart" : 234,			"method" : "stirling1:over:",			"mutationEnd" : 253		}	],	"mutationScoreAfter" : 93,	"mutationScoreBefore" : 93,	"testAmpLoc" : 0,	"amplifiedMethods" : [ ],	"testLoc" : "243",	"amplifiedClass" : "PMPermutationTest961",	"numberOfAllMutationsInOriginal" : 99,	"targetLoc" : 237,	"newCovered" : [ ],	"timeBudgetFinished" : false,	"notCoveredInOriginal" : [		{			"operatorDescription" : "Remove ^",			"class" : "PMPermutation",			"operatorClass" : "RemoveCaretOperator",			"mutationStart" : 138,			"method" : "reduce",			"mutationEnd" : 143		},		{			"operatorDescription" : "Remove ^",			"class" : "PMPermutation",			"operatorClass" : "RemoveCaretOperator",			"mutationStart" : 190,			"method" : "reduce",			"mutationEnd" : 228		},		{			"operatorDescription" : "Remove ^",			"class" : "PMPermutation",			"operatorClass" : "RemoveCaretOperator",			"mutationStart" : 49,			"method" : "extendTo:",			"mutationEnd" : 58		},		{			"operatorDescription" : "Replace #ifTrue: receiver with false",			"class" : "PMPermutation",			"operatorClass" : "ReplaceIfTrueReceiverWithFalseOperator",			"mutationStart" : 24,			"method" : "extendTo:",			"mutationEnd" : 60		},		{			"operatorDescription" : "Remove ^",			"class" : "PMPermutation",			"operatorClass" : "RemoveCaretOperator",			"mutationStart" : 231,			"method" : "permute:",			"mutationEnd" : 251		},		{			"operatorDescription" : "Replace #and: argument with [true]",			"class" : "PMPermutation class",			"operatorClass" : "ReplaceAndArgumentWithTrueOperator",			"mutationStart" : 234,			"method" : "stirling1:over:",			"mutationEnd" : 253		}	],	"testCase" : "PMPermutationTest",	"unixtime" : 1605071937,	"timeTotal" : 1992}