{	"targetClasses" : [		"PMPoissonGenerator"	],	"testMethodsIgnored" : [ ],	"methodsNotProfiled" : [ ],	"numberOfOriginalTestMethods" : 4,	"timeDetail" : [		"init: % 30.04 (30 seconds 168 milliseconds)",		"assertionAmplification: % 30.59 (30 seconds 720 milliseconds)",		"selection: % 3.01 (3 seconds 22 milliseconds)",		"inputAmplification: % 6.30 (6 seconds 328 milliseconds)",		"finalize: % 30.06 (30 seconds 184 milliseconds)"	],	"notCoveredInAmplified" : [		{			"operatorDescription" : "Remove ^",			"class" : "PMPoissonGenerator class",			"operatorClass" : "RemoveCaretOperator",			"mutationStart" : 6,			"method" : "new",			"mutationEnd" : 21		}	],	"mutationScoreAfter" : 90,	"mutationScoreBefore" : 90,	"testAmpLoc" : 34,	"amplifiedMethods" : [		"PMPoissonGeneratorTest196>>#testPeekIsIdempotent_amp_A1_A20_A15"	],	"testLoc" : "24",	"amplifiedClass" : "PMPoissonGeneratorTest196",	"numberOfAllMutationsInOriginal" : 10,	"targetLoc" : 35,	"newCovered" : [ ],	"timeBudgetFinished" : false,	"notCoveredInOriginal" : [		{			"operatorDescription" : "Remove ^",			"class" : "PMPoissonGenerator class",			"operatorClass" : "RemoveCaretOperator",			"mutationStart" : 6,			"method" : "new",			"mutationEnd" : 21		}	],	"testCase" : "PMPoissonGeneratorTest",	"unixtime" : 1604998567,	"timeTotal" : 100}