{	"targetClasses" : [		"PMPolynomial"	],	"testMethodsIgnored" : [ ],	"methodsNotProfiled" : [		"PMPolynomial>>#adaptToComplex:andSend:",		"PMPolynomial>>#adaptToQuaternion:andSend:"	],	"numberOfOriginalTestMethods" : 21,	"timeDetail" : [		"init: % 3.51 (23 seconds 59 milliseconds)",		"assertionAmplification: % 50.76 (5 minutes 33 seconds 607 milliseconds)",		"selection: % 13.15 (1 minute 26 seconds 411 milliseconds)",		"inputAmplification: % 29.43 (3 minutes 13 seconds 419 milliseconds)",		"finalize: % 3.16 (20 seconds 750 milliseconds)"	],	"notCoveredInAmplified" : [		{			"operatorDescription" : "Replace #and: receiver with true",			"class" : "PMPolynomial",			"operatorClass" : "ReplaceAndReceiverWithTrueOperator",			"mutationStart" : 26,			"method" : "=",			"mutationEnd" : 125		},		{			"operatorDescription" : "Replace #and: with #bEqv:",			"class" : "PMPolynomial",			"operatorClass" : "ReplaceAndWithEqvMutantOperator",			"mutationStart" : 26,			"method" : "=",			"mutationEnd" : 125		},		{			"operatorDescription" : "Remove ^",			"class" : "PMPolynomial",			"operatorClass" : "RemoveCaretOperator",			"mutationStart" : 50,			"method" : "initialize:",			"mutationEnd" : 54		},		{			"operatorDescription" : "Remove ^",			"class" : "PMPolynomial",			"operatorClass" : "RemoveCaretOperator",			"mutationStart" : 41,			"method" : "adaptToComplex:andSend:",			"mutationEnd" : 116		},		{			"operatorDescription" : "Remove ^",			"class" : "PMPolynomial",			"operatorClass" : "RemoveCaretOperator",			"mutationStart" : 44,			"method" : "adaptToQuaternion:andSend:",			"mutationEnd" : 119		},		{			"operatorDescription" : "Remove ^",			"class" : "PMPolynomial",			"operatorClass" : "RemoveCaretOperator",			"mutationStart" : 112,			"method" : "initialize",			"mutationEnd" : 117		},		{			"operatorDescription" : "Replace #* with #/",			"class" : "PMPolynomial",			"operatorClass" : "ReplaceMultiplicationWithDivisionMutantOperator",			"mutationStart" : 12,			"method" : "negated",			"mutationEnd" : 20		},		{			"operatorDescription" : "Replace #and: receiver with true",			"class" : "PMPolynomial",			"operatorClass" : "ReplaceAndReceiverWithTrueOperator",			"mutationStart" : 321,			"method" : "printOn:",			"mutationEnd" : 360		},		{			"operatorDescription" : "Replace #and: receiver with true",			"class" : "PMPolynomial",			"operatorClass" : "ReplaceAndReceiverWithTrueOperator",			"mutationStart" : 478,			"method" : "printOn:",			"mutationEnd" : 500		},		{			"operatorDescription" : "Replace #and: with #bEqv:",			"class" : "PMPolynomial",			"operatorClass" : "ReplaceAndWithEqvMutantOperator",			"mutationStart" : 321,			"method" : "printOn:",			"mutationEnd" : 360		},		{			"operatorDescription" : "Replace #and: with #bEqv:",			"class" : "PMPolynomial",			"operatorClass" : "ReplaceAndWithEqvMutantOperator",			"mutationStart" : 478,			"method" : "printOn:",			"mutationEnd" : 500		},		{			"operatorDescription" : "Replace #and: with false",			"class" : "PMPolynomial",			"operatorClass" : "ReplaceAndWithFalseOperator",			"mutationStart" : 321,			"method" : "printOn:",			"mutationEnd" : 360		},		{			"operatorDescription" : "Replace #ifFalse: receiver with false",			"class" : "PMPolynomial",			"operatorClass" : "ReplaceIfFalseReceiverWithFalseOperator",			"mutationStart" : 321,			"method" : "printOn:",			"mutationEnd" : 391		},		{			"operatorDescription" : "Replace #ifFalse: receiver with true",			"class" : "PMPolynomial",			"operatorClass" : "ReplaceIfFalseReceiverWithTrueOperator",			"mutationStart" : 794,			"method" : "printOn:",			"mutationEnd" : 853		},		{			"operatorDescription" : "Replace #ifTrue: receiver with true",			"class" : "PMPolynomial",			"operatorClass" : "ReplaceIfTrueReceiverWithTrueOperator",			"mutationStart" : 609,			"method" : "printOn:",			"mutationEnd" : 690		}	],	"mutationScoreAfter" : 88,	"mutationScoreBefore" : 82,	"testAmpLoc" : 199,	"amplifiedMethods" : [		"PMPolynomialTest1019>>#testIsZero_amp_A54",		"PMPolynomialTest1019>>#testPolynomialAddition_amp_A32",		"PMPolynomialTest1019>>#testIsZero_amp_T47",		"PMPolynomialTest1019>>#testIsZero_amp_A52",		"PMPolynomialTest1019>>#testPolynomialDivision_amp_O2",		"PMPolynomialTest1019>>#testIsZero_amp_A55",		"PMPolynomialTest1019>>#testIsZero_amp_L6_A16",		"PMPolynomialTest1019>>#testIsZero_amp_A24"	],	"testLoc" : "188",	"amplifiedClass" : "PMPolynomialTest1019",	"numberOfAllMutationsInOriginal" : 134,	"targetLoc" : 168,	"newCovered" : [		{			"operatorDescription" : "Replace #+ with #-",			"class" : "PMPolynomial",			"operatorClass" : "ReplacePlusWithMinusMutantOperator",			"mutationStart" : 134,			"method" : "value:",			"mutationEnd" : 153		},		{			"operatorDescription" : "Replace #* with #/",			"class" : "PMPolynomial",			"operatorClass" : "ReplaceMultiplicationWithDivisionMutantOperator",			"mutationStart" : 575,			"method" : "dividingPolynomialWithRemainder:",			"mutationEnd" : 619		},		{			"operatorDescription" : "Replace #/ with #*",			"class" : "PMPolynomial",			"operatorClass" : "ReplaceDivisionWithMultiplicationMutantOperator",			"mutationStart" : 493,			"method" : "dividingPolynomialWithRemainder:",			"mutationEnd" : 514		},		{			"operatorDescription" : "Replace #+ with #-",			"class" : "PMPolynomial",			"operatorClass" : "ReplacePlusWithMinusMutantOperator",			"mutationStart" : 262,			"method" : "deflatedAt:",			"mutationEnd" : 287		},		{			"operatorDescription" : "Remove ^",			"class" : "PMPolynomial",			"operatorClass" : "RemoveCaretOperator",			"mutationStart" : 13,			"method" : "reciprocal",			"mutationEnd" : 54		},		{			"operatorDescription" : "Replace #/ with #*",			"class" : "PMPolynomial",			"operatorClass" : "ReplaceDivisionWithMultiplicationMutantOperator",			"mutationStart" : 15,			"method" : "reciprocal",			"mutationEnd" : 54		},		{			"operatorDescription" : "Remove ^",			"class" : "PMPolynomial",			"operatorClass" : "RemoveCaretOperator",			"mutationStart" : 506,			"method" : "roots:",			"mutationEnd" : 511		},		{			"operatorDescription" : "Remove ^",			"class" : "PMPolynomial",			"operatorClass" : "RemoveCaretOperator",			"mutationStart" : 7,			"method" : "hash",			"mutationEnd" : 24		}	],	"timeBudgetFinished" : false,	"notCoveredInOriginal" : [		{			"operatorDescription" : "Replace #+ with #-",			"class" : "PMPolynomial",			"operatorClass" : "ReplacePlusWithMinusMutantOperator",			"mutationStart" : 134,			"method" : "value:",			"mutationEnd" : 153		},		{			"operatorDescription" : "Replace #and: receiver with true",			"class" : "PMPolynomial",			"operatorClass" : "ReplaceAndReceiverWithTrueOperator",			"mutationStart" : 26,			"method" : "=",			"mutationEnd" : 125		},		{			"operatorDescription" : "Replace #and: with #bEqv:",			"class" : "PMPolynomial",			"operatorClass" : "ReplaceAndWithEqvMutantOperator",			"mutationStart" : 26,			"method" : "=",			"mutationEnd" : 125		},		{			"operatorDescription" : "Remove ^",			"class" : "PMPolynomial",			"operatorClass" : "RemoveCaretOperator",			"mutationStart" : 50,			"method" : "initialize:",			"mutationEnd" : 54		},		{			"operatorDescription" : "Remove ^",			"class" : "PMPolynomial",			"operatorClass" : "RemoveCaretOperator",			"mutationStart" : 41,			"method" : "adaptToComplex:andSend:",			"mutationEnd" : 116		},		{			"operatorDescription" : "Remove ^",			"class" : "PMPolynomial",			"operatorClass" : "RemoveCaretOperator",			"mutationStart" : 44,			"method" : "adaptToQuaternion:andSend:",			"mutationEnd" : 119		},		{			"operatorDescription" : "Replace #* with #/",			"class" : "PMPolynomial",			"operatorClass" : "ReplaceMultiplicationWithDivisionMutantOperator",			"mutationStart" : 575,			"method" : "dividingPolynomialWithRemainder:",			"mutationEnd" : 619		},		{			"operatorDescription" : "Replace #/ with #*",			"class" : "PMPolynomial",			"operatorClass" : "ReplaceDivisionWithMultiplicationMutantOperator",			"mutationStart" : 493,			"method" : "dividingPolynomialWithRemainder:",			"mutationEnd" : 514		},		{			"operatorDescription" : "Replace #+ with #-",			"class" : "PMPolynomial",			"operatorClass" : "ReplacePlusWithMinusMutantOperator",			"mutationStart" : 262,			"method" : "deflatedAt:",			"mutationEnd" : 287		},		{			"operatorDescription" : "Remove ^",			"class" : "PMPolynomial",			"operatorClass" : "RemoveCaretOperator",			"mutationStart" : 112,			"method" : "initialize",			"mutationEnd" : 117		},		{			"operatorDescription" : "Replace #* with #/",			"class" : "PMPolynomial",			"operatorClass" : "ReplaceMultiplicationWithDivisionMutantOperator",			"mutationStart" : 12,			"method" : "negated",			"mutationEnd" : 20		},		{			"operatorDescription" : "Replace #and: receiver with true",			"class" : "PMPolynomial",			"operatorClass" : "ReplaceAndReceiverWithTrueOperator",			"mutationStart" : 321,			"method" : "printOn:",			"mutationEnd" : 360		},		{			"operatorDescription" : "Replace #and: receiver with true",			"class" : "PMPolynomial",			"operatorClass" : "ReplaceAndReceiverWithTrueOperator",			"mutationStart" : 478,			"method" : "printOn:",			"mutationEnd" : 500		},		{			"operatorDescription" : "Replace #and: with #bEqv:",			"class" : "PMPolynomial",			"operatorClass" : "ReplaceAndWithEqvMutantOperator",			"mutationStart" : 321,			"method" : "printOn:",			"mutationEnd" : 360		},		{			"operatorDescription" : "Replace #and: with #bEqv:",			"class" : "PMPolynomial",			"operatorClass" : "ReplaceAndWithEqvMutantOperator",			"mutationStart" : 478,			"method" : "printOn:",			"mutationEnd" : 500		},		{			"operatorDescription" : "Replace #and: with false",			"class" : "PMPolynomial",			"operatorClass" : "ReplaceAndWithFalseOperator",			"mutationStart" : 321,			"method" : "printOn:",			"mutationEnd" : 360		},		{			"operatorDescription" : "Replace #ifFalse: receiver with false",			"class" : "PMPolynomial",			"operatorClass" : "ReplaceIfFalseReceiverWithFalseOperator",			"mutationStart" : 321,			"method" : "printOn:",			"mutationEnd" : 391		},		{			"operatorDescription" : "Replace #ifFalse: receiver with true",			"class" : "PMPolynomial",			"operatorClass" : "ReplaceIfFalseReceiverWithTrueOperator",			"mutationStart" : 794,			"method" : "printOn:",			"mutationEnd" : 853		},		{			"operatorDescription" : "Replace #ifTrue: receiver with true",			"class" : "PMPolynomial",			"operatorClass" : "ReplaceIfTrueReceiverWithTrueOperator",			"mutationStart" : 609,			"method" : "printOn:",			"mutationEnd" : 690		},		{			"operatorDescription" : "Remove ^",			"class" : "PMPolynomial",			"operatorClass" : "RemoveCaretOperator",			"mutationStart" : 13,			"method" : "reciprocal",			"mutationEnd" : 54		},		{			"operatorDescription" : "Replace #/ with #*",			"class" : "PMPolynomial",			"operatorClass" : "ReplaceDivisionWithMultiplicationMutantOperator",			"mutationStart" : 15,			"method" : "reciprocal",			"mutationEnd" : 54		},		{			"operatorDescription" : "Remove ^",			"class" : "PMPolynomial",			"operatorClass" : "RemoveCaretOperator",			"mutationStart" : 506,			"method" : "roots:",			"mutationEnd" : 511		},		{			"operatorDescription" : "Remove ^",			"class" : "PMPolynomial",			"operatorClass" : "RemoveCaretOperator",			"mutationStart" : 7,			"method" : "hash",			"mutationEnd" : 24		}	],	"testCase" : "PMPolynomialTest",	"unixtime" : 1605061005,	"timeTotal" : 657}