{	"targetClasses" : [		"PMQuaternion"	],	"testMethodsIgnored" : [ ],	"methodsNotProfiled" : [ ],	"numberOfOriginalTestMethods" : 31,	"timeDetail" : [		"init: % 1.54 (1 minute 39 seconds 804 milliseconds)",		"assertionAmplification: % 68.94 (1 hour 14 minutes 20 seconds 914 milliseconds)",		"selection: % 7.75 (8 minutes 21 seconds 503 milliseconds)",		"inputAmplification: % 20.25 (21 minutes 50 seconds 532 milliseconds)",		"finalize: % 1.52 (1 minute 38 seconds 344 milliseconds)"	],	"notCoveredInAmplified" : [		{			"operatorDescription" : "Remove ^",			"class" : "PMQuaternion",			"operatorClass" : "RemoveCaretOperator",			"mutationStart" : 361,			"method" : "*",			"mutationEnd" : 582		},		{			"operatorDescription" : "Replace #and: with #bEqv:",			"class" : "PMQuaternion",			"operatorClass" : "ReplaceAndWithEqvMutantOperator",			"mutationStart" : 597,			"method" : "*",			"mutationEnd" : 657		},		{			"operatorDescription" : "Remove ^",			"class" : "PMQuaternion",			"operatorClass" : "RemoveCaretOperator",			"mutationStart" : 192,			"method" : "raisedTo:",			"mutationEnd" : 207		},		{			"operatorDescription" : "Remove ^",			"class" : "PMQuaternion",			"operatorClass" : "RemoveCaretOperator",			"mutationStart" : 262,			"method" : "raisedTo:",			"mutationEnd" : 267		},		{			"operatorDescription" : "Remove ^",			"class" : "PMQuaternion",			"operatorClass" : "RemoveCaretOperator",			"mutationStart" : 376,			"method" : "raisedTo:",			"mutationEnd" : 411		},		{			"operatorDescription" : "Remove ^",			"class" : "PMQuaternion",			"operatorClass" : "RemoveCaretOperator",			"mutationStart" : 427,			"method" : "raisedTo:",			"mutationEnd" : 432		},		{			"operatorDescription" : "Remove ^",			"class" : "PMQuaternion",			"operatorClass" : "RemoveCaretOperator",			"mutationStart" : 438,			"method" : "raisedTo:",			"mutationEnd" : 462		},		{			"operatorDescription" : "Replace #* with #/",			"class" : "PMQuaternion",			"operatorClass" : "ReplaceMultiplicationWithDivisionMutantOperator",			"mutationStart" : 440,			"method" : "raisedTo:",			"mutationEnd" : 458		},		{			"operatorDescription" : "Replace #< with #>",			"class" : "PMQuaternion",			"operatorClass" : "ReplaceLessWithGreaterMutantOperator",			"mutationStart" : 352,			"method" : "raisedTo:",			"mutationEnd" : 362		},		{			"operatorDescription" : "Replace #= with #'~='",			"class" : "PMQuaternion",			"operatorClass" : "ReplaceEqualWithNotEqualOperator",			"mutationStart" : 171,			"method" : "raisedTo:",			"mutationEnd" : 181		},		{			"operatorDescription" : "Replace #= with #'~='",			"class" : "PMQuaternion",			"operatorClass" : "ReplaceEqualWithNotEqualOperator",			"mutationStart" : 241,			"method" : "raisedTo:",			"mutationEnd" : 251		},		{			"operatorDescription" : "Replace #= with #'~='",			"class" : "PMQuaternion",			"operatorClass" : "ReplaceEqualWithNotEqualOperator",			"mutationStart" : 301,			"method" : "raisedTo:",			"mutationEnd" : 308		},		{			"operatorDescription" : "Replace #ifTrue: receiver with false",			"class" : "PMQuaternion",			"operatorClass" : "ReplaceIfTrueReceiverWithFalseOperator",			"mutationStart" : 241,			"method" : "raisedTo:",			"mutationEnd" : 268		},		{			"operatorDescription" : "Replace #ifTrue: receiver with false",			"class" : "PMQuaternion",			"operatorClass" : "ReplaceIfTrueReceiverWithFalseOperator",			"mutationStart" : 301,			"method" : "raisedTo:",			"mutationEnd" : 434		},		{			"operatorDescription" : "Replace #ifTrue: receiver with true",			"class" : "PMQuaternion",			"operatorClass" : "ReplaceIfTrueReceiverWithTrueOperator",			"mutationStart" : 64,			"method" : "raisedTo:",			"mutationEnd" : 165		},		{			"operatorDescription" : "Replace #ifTrue: receiver with true",			"class" : "PMQuaternion",			"operatorClass" : "ReplaceIfTrueReceiverWithTrueOperator",			"mutationStart" : 171,			"method" : "raisedTo:",			"mutationEnd" : 208		},		{			"operatorDescription" : "Replace #ifTrue: receiver with true",			"class" : "PMQuaternion",			"operatorClass" : "ReplaceIfTrueReceiverWithTrueOperator",			"mutationStart" : 241,			"method" : "raisedTo:",			"mutationEnd" : 268		},		{			"operatorDescription" : "Replace #ifTrue: receiver with true",			"class" : "PMQuaternion",			"operatorClass" : "ReplaceIfTrueReceiverWithTrueOperator",			"mutationStart" : 301,			"method" : "raisedTo:",			"mutationEnd" : 434		},		{			"operatorDescription" : "Replace #ifTrue: with #ifFalse:",			"class" : "PMQuaternion",			"operatorClass" : "ReplaceIfTrueWithIfFalseMutantOperator",			"mutationStart" : 171,			"method" : "raisedTo:",			"mutationEnd" : 208		},		{			"operatorDescription" : "Replace #ifTrue: with #ifFalse:",			"class" : "PMQuaternion",			"operatorClass" : "ReplaceIfTrueWithIfFalseMutantOperator",			"mutationStart" : 241,			"method" : "raisedTo:",			"mutationEnd" : 268		},		{			"operatorDescription" : "Replace #ifTrue: with #ifFalse:",			"class" : "PMQuaternion",			"operatorClass" : "ReplaceIfTrueWithIfFalseMutantOperator",			"mutationStart" : 301,			"method" : "raisedTo:",			"mutationEnd" : 434		},		{			"operatorDescription" : "Replace #ifTrue:ifFalse: receiver with false",			"class" : "PMQuaternion",			"operatorClass" : "ReplaceIfTrueIfFalseReceiverWithFalseOperator",			"mutationStart" : 352,			"method" : "raisedTo:",			"mutationEnd" : 433		},		{			"operatorDescription" : "Replace #ifTrue:ifFalse: receiver with true",			"class" : "PMQuaternion",			"operatorClass" : "ReplaceIfTrueIfFalseReceiverWithTrueOperator",			"mutationStart" : 352,			"method" : "raisedTo:",			"mutationEnd" : 433		},		{			"operatorDescription" : "Remove ^",			"class" : "PMQuaternion",			"operatorClass" : "RemoveCaretOperator",			"mutationStart" : 197,			"method" : "reciprocal",			"mutationEnd" : 259		},		{			"operatorDescription" : "Replace #ifTrue: receiver with false",			"class" : "PMQuaternion",			"operatorClass" : "ReplaceIfTrueReceiverWithFalseOperator",			"mutationStart" : 171,			"method" : "reciprocal",			"mutationEnd" : 260		},		{			"operatorDescription" : "Replace #max: with #min:",			"class" : "PMQuaternion",			"operatorClass" : "ReplaceMaxWithMinMutantOperator",			"mutationStart" : 148,			"method" : "reciprocal",			"mutationEnd" : 167		},		{			"operatorDescription" : "Remove ^",			"class" : "PMQuaternion",			"operatorClass" : "RemoveCaretOperator",			"mutationStart" : 371,			"method" : "raisedToInteger:",			"mutationEnd" : 425		},		{			"operatorDescription" : "Remove ^",			"class" : "PMQuaternion",			"operatorClass" : "RemoveCaretOperator",			"mutationStart" : 523,			"method" : "raisedToInteger:",			"mutationEnd" : 574		},		{			"operatorDescription" : "Replace #- with #+",			"class" : "PMQuaternion",			"operatorClass" : "ReplaceMinusWithPlusMutantOperator",			"mutationStart" : 600,			"method" : "raisedToInteger:",			"mutationEnd" : 610		},		{			"operatorDescription" : "Replace #ifFalse: receiver with true",			"class" : "PMQuaternion",			"operatorClass" : "ReplaceIfFalseReceiverWithTrueOperator",			"mutationStart" : 343,			"method" : "raisedToInteger:",			"mutationEnd" : 426		},		{			"operatorDescription" : "Replace #ifTrue: receiver with false",			"class" : "PMQuaternion",			"operatorClass" : "ReplaceIfTrueReceiverWithFalseOperator",			"mutationStart" : 430,			"method" : "raisedToInteger:",			"mutationEnd" : 467		},		{			"operatorDescription" : "Replace #ifTrue: receiver with false",			"class" : "PMQuaternion",			"operatorClass" : "ReplaceIfTrueReceiverWithFalseOperator",			"mutationStart" : 471,			"method" : "raisedToInteger:",			"mutationEnd" : 498		},		{			"operatorDescription" : "Replace #ifTrue: receiver with false",			"class" : "PMQuaternion",			"operatorClass" : "ReplaceIfTrueReceiverWithFalseOperator",			"mutationStart" : 502,			"method" : "raisedToInteger:",			"mutationEnd" : 575		},		{			"operatorDescription" : "Replace #and: with #bEqv:",			"class" : "PMQuaternion",			"operatorClass" : "ReplaceAndWithEqvMutantOperator",			"mutationStart" : 334,			"method" : "=",			"mutationEnd" : 387		},		{			"operatorDescription" : "Replace #ifTrue:ifFalse: receiver with false",			"class" : "PMQuaternion",			"operatorClass" : "ReplaceIfTrueIfFalseReceiverWithFalseOperator",			"mutationStart" : 72,			"method" : "sin",			"mutationEnd" : 126		},		{			"operatorDescription" : "Replace #ifTrue:ifFalse: receiver with false",			"class" : "PMQuaternion",			"operatorClass" : "ReplaceIfTrueIfFalseReceiverWithFalseOperator",			"mutationStart" : 79,			"method" : "exp",			"mutationEnd" : 123		},		{			"operatorDescription" : "Replace #ifTrue:ifFalse: receiver with false",			"class" : "PMQuaternion",			"operatorClass" : "ReplaceIfTrueIfFalseReceiverWithFalseOperator",			"mutationStart" : 74,			"method" : "cos",			"mutationEnd" : 136		},		{			"operatorDescription" : "Replace #- with #+",			"class" : "PMQuaternion class",			"operatorClass" : "ReplaceMinusWithPlusMutantOperator",			"mutationStart" : 66,			"method" : "random",			"mutationEnd" : 85		},		{			"operatorDescription" : "Replace #- with #+",			"class" : "PMQuaternion class",			"operatorClass" : "ReplaceMinusWithPlusMutantOperator",			"mutationStart" : 93,			"method" : "random",			"mutationEnd" : 112		},		{			"operatorDescription" : "Replace #- with #+",			"class" : "PMQuaternion class",			"operatorClass" : "ReplaceMinusWithPlusMutantOperator",			"mutationStart" : 145,			"method" : "random",			"mutationEnd" : 164		}	],	"mutationScoreAfter" : 86,	"mutationScoreBefore" : 75,	"testAmpLoc" : 5676,	"amplifiedMethods" : [		"PMQuaternionTest1482>>#testAbs_amp_A134",		"PMQuaternionTest1482>>#testSum_amp_L55",		"PMQuaternionTest1482>>#testAbs_amp_A117",		"PMQuaternionTest1482>>#testAbs_amp_A219",		"PMQuaternionTest1482>>#testAbs_amp_A248_T42",		"PMQuaternionTest1482>>#testOne_amp_A1_A512_A376",		"PMQuaternionTest1482>>#testAbs_amp_A91",		"PMQuaternionTest1482>>#testAbs_amp_A129",		"PMQuaternionTest1482>>#testAbs_amp_N5_A131",		"PMQuaternionTest1482>>#testAbs_amp_A197_L8",		"PMQuaternionTest1482>>#testEquality_amp_L38",		"PMQuaternionTest1482>>#testRandomIsLessThanOne_amp_A8_A269_A323",		"PMQuaternionTest1482>>#testAbs_amp",		"PMQuaternionTest1482>>#testSum_amp_L39",		"PMQuaternionTest1482>>#testAbs_amp_N7_A80",		"PMQuaternionTest1482>>#testAddPolynomial_amp_A197_A82_A77",		"PMQuaternionTest1482>>#testAbs_amp_A149",		"PMQuaternionTest1482>>#testAngle_amp",		"PMQuaternionTest1482>>#testEquality_amp_L78_A96_T39",		"PMQuaternionTest1482>>#testOne_amp_A362"	],	"testLoc" : "207",	"amplifiedClass" : "PMQuaternionTest1482",	"numberOfAllMutationsInOriginal" : 299,	"targetLoc" : 387,	"newCovered" : [		{			"operatorDescription" : "Replace #and: with false",			"class" : "PMQuaternion",			"operatorClass" : "ReplaceAndWithFalseOperator",			"mutationStart" : 597,			"method" : "*",			"mutationEnd" : 657		},		{			"operatorDescription" : "Replace #ifTrue:ifFalse: receiver with false",			"class" : "PMQuaternion",			"operatorClass" : "ReplaceIfTrueIfFalseReceiverWithFalseOperator",			"mutationStart" : 597,			"method" : "*",			"mutationEnd" : 900		},		{			"operatorDescription" : "Remove ^",			"class" : "PMQuaternion",			"operatorClass" : "RemoveCaretOperator",			"mutationStart" : 134,			"method" : "raisedTo:",			"mutationEnd" : 164		},		{			"operatorDescription" : "Replace #ifTrue: receiver with false",			"class" : "PMQuaternion",			"operatorClass" : "ReplaceIfTrueReceiverWithFalseOperator",			"mutationStart" : 64,			"method" : "raisedTo:",			"mutationEnd" : 165		},		{			"operatorDescription" : "Replace #ifTrue: receiver with false",			"class" : "PMQuaternion",			"operatorClass" : "ReplaceIfTrueReceiverWithFalseOperator",			"mutationStart" : 171,			"method" : "raisedTo:",			"mutationEnd" : 208		},		{			"operatorDescription" : "Replace #ifTrue: with #ifFalse:",			"class" : "PMQuaternion",			"operatorClass" : "ReplaceIfTrueWithIfFalseMutantOperator",			"mutationStart" : 64,			"method" : "raisedTo:",			"mutationEnd" : 165		},		{			"operatorDescription" : "Remove ^",			"class" : "PMQuaternion",			"operatorClass" : "RemoveCaretOperator",			"mutationStart" : 106,			"method" : "random",			"mutationEnd" : 131		},		{			"operatorDescription" : "Replace #* with #/",			"class" : "PMQuaternion",			"operatorClass" : "ReplaceMultiplicationWithDivisionMutantOperator",			"mutationStart" : 108,			"method" : "random",			"mutationEnd" : 131		},		{			"operatorDescription" : "Replace #max: with #min:",			"class" : "PMQuaternion",			"operatorClass" : "ReplaceMaxWithMinMutantOperator",			"mutationStart" : 122,			"method" : "reciprocal",			"mutationEnd" : 141		},		{			"operatorDescription" : "Remove ^",			"class" : "PMQuaternion",			"operatorClass" : "RemoveCaretOperator",			"mutationStart" : 451,			"method" : "raisedToInteger:",			"mutationEnd" : 466		},		{			"operatorDescription" : "Remove ^",			"class" : "PMQuaternion",			"operatorClass" : "RemoveCaretOperator",			"mutationStart" : 492,			"method" : "raisedToInteger:",			"mutationEnd" : 497		},		{			"operatorDescription" : "Replace #and: argument with [true]",			"class" : "PMQuaternion",			"operatorClass" : "ReplaceAndArgumentWithTrueOperator",			"mutationStart" : 67,			"method" : "isZero",			"mutationEnd" : 126		},		{			"operatorDescription" : "Replace #and: argument with [true]",			"class" : "PMQuaternion",			"operatorClass" : "ReplaceAndArgumentWithTrueOperator",			"mutationStart" : 83,			"method" : "isZero",			"mutationEnd" : 125		},		{			"operatorDescription" : "Replace #and: argument with [true]",			"class" : "PMQuaternion",			"operatorClass" : "ReplaceAndArgumentWithTrueOperator",			"mutationStart" : 99,			"method" : "isZero",			"mutationEnd" : 124		},		{			"operatorDescription" : "Replace #and: receiver with true",			"class" : "PMQuaternion",			"operatorClass" : "ReplaceAndReceiverWithTrueOperator",			"mutationStart" : 67,			"method" : "isZero",			"mutationEnd" : 126		},		{			"operatorDescription" : "Replace #and: receiver with true",			"class" : "PMQuaternion",			"operatorClass" : "ReplaceAndReceiverWithTrueOperator",			"mutationStart" : 83,			"method" : "isZero",			"mutationEnd" : 125		},		{			"operatorDescription" : "Replace #and: receiver with true",			"class" : "PMQuaternion",			"operatorClass" : "ReplaceAndReceiverWithTrueOperator",			"mutationStart" : 99,			"method" : "isZero",			"mutationEnd" : 124		},		{			"operatorDescription" : "Replace #and: with #bEqv:",			"class" : "PMQuaternion",			"operatorClass" : "ReplaceAndWithEqvMutantOperator",			"mutationStart" : 83,			"method" : "isZero",			"mutationEnd" : 125		},		{			"operatorDescription" : "Replace #and: with #bEqv:",			"class" : "PMQuaternion",			"operatorClass" : "ReplaceAndWithEqvMutantOperator",			"mutationStart" : 99,			"method" : "isZero",			"mutationEnd" : 124		},		{			"operatorDescription" : "Replace #and: with #or:",			"class" : "PMQuaternion",			"operatorClass" : "ReplaceAndWithOrMutantOperator",			"mutationStart" : 67,			"method" : "isZero",			"mutationEnd" : 126		},		{			"operatorDescription" : "Replace #and: with #or:",			"class" : "PMQuaternion",			"operatorClass" : "ReplaceAndWithOrMutantOperator",			"mutationStart" : 83,			"method" : "isZero",			"mutationEnd" : 125		},		{			"operatorDescription" : "Replace #and: with #or:",			"class" : "PMQuaternion",			"operatorClass" : "ReplaceAndWithOrMutantOperator",			"mutationStart" : 99,			"method" : "isZero",			"mutationEnd" : 124		},		{			"operatorDescription" : "Replace #and: argument with [true]",			"class" : "PMQuaternion",			"operatorClass" : "ReplaceAndArgumentWithTrueOperator",			"mutationStart" : 272,			"method" : "=",			"mutationEnd" : 389		},		{			"operatorDescription" : "Replace #and: argument with [true]",			"class" : "PMQuaternion",			"operatorClass" : "ReplaceAndArgumentWithTrueOperator",			"mutationStart" : 302,			"method" : "=",			"mutationEnd" : 388		},		{			"operatorDescription" : "Replace #and: argument with [true]",			"class" : "PMQuaternion",			"operatorClass" : "ReplaceAndArgumentWithTrueOperator",			"mutationStart" : 334,			"method" : "=",			"mutationEnd" : 387		},		{			"operatorDescription" : "Replace #and: receiver with true",			"class" : "PMQuaternion",			"operatorClass" : "ReplaceAndReceiverWithTrueOperator",			"mutationStart" : 272,			"method" : "=",			"mutationEnd" : 389		},		{			"operatorDescription" : "Replace #and: receiver with true",			"class" : "PMQuaternion",			"operatorClass" : "ReplaceAndReceiverWithTrueOperator",			"mutationStart" : 302,			"method" : "=",			"mutationEnd" : 388		},		{			"operatorDescription" : "Replace #and: receiver with true",			"class" : "PMQuaternion",			"operatorClass" : "ReplaceAndReceiverWithTrueOperator",			"mutationStart" : 334,			"method" : "=",			"mutationEnd" : 387		},		{			"operatorDescription" : "Replace #and: with #bEqv:",			"class" : "PMQuaternion",			"operatorClass" : "ReplaceAndWithEqvMutantOperator",			"mutationStart" : 302,			"method" : "=",			"mutationEnd" : 388		},		{			"operatorDescription" : "Replace #and: with #or:",			"class" : "PMQuaternion",			"operatorClass" : "ReplaceAndWithOrMutantOperator",			"mutationStart" : 272,			"method" : "=",			"mutationEnd" : 389		},		{			"operatorDescription" : "Replace #and: with #or:",			"class" : "PMQuaternion",			"operatorClass" : "ReplaceAndWithOrMutantOperator",			"mutationStart" : 302,			"method" : "=",			"mutationEnd" : 388		},		{			"operatorDescription" : "Replace #and: with #or:",			"class" : "PMQuaternion",			"operatorClass" : "ReplaceAndWithOrMutantOperator",			"mutationStart" : 334,			"method" : "=",			"mutationEnd" : 387		},		{			"operatorDescription" : "Replace #and: with false",			"class" : "PMQuaternion",			"operatorClass" : "ReplaceAndWithFalseOperator",			"mutationStart" : 302,			"method" : "=",			"mutationEnd" : 388		},		{			"operatorDescription" : "Replace #and: with false",			"class" : "PMQuaternion",			"operatorClass" : "ReplaceAndWithFalseOperator",			"mutationStart" : 404,			"method" : "=",			"mutationEnd" : 482		},		{			"operatorDescription" : "Replace #ifTrue:ifFalse: receiver with false",			"class" : "PMQuaternion",			"operatorClass" : "ReplaceIfTrueIfFalseReceiverWithFalseOperator",			"mutationStart" : 78,			"method" : "ln",			"mutationEnd" : 332		},		{			"operatorDescription" : "Replace #and: argument with [true]",			"class" : "PMQuaternion",			"operatorClass" : "ReplaceAndArgumentWithTrueOperator",			"mutationStart" : 163,			"method" : "reduce",			"mutationEnd" : 190		},		{			"operatorDescription" : "Replace #- with #+",			"class" : "PMQuaternion class",			"operatorClass" : "ReplaceMinusWithPlusMutantOperator",			"mutationStart" : 119,			"method" : "random",			"mutationEnd" : 138		}	],	"timeBudgetFinished" : false,	"notCoveredInOriginal" : [		{			"operatorDescription" : "Remove ^",			"class" : "PMQuaternion",			"operatorClass" : "RemoveCaretOperator",			"mutationStart" : 361,			"method" : "*",			"mutationEnd" : 582		},		{			"operatorDescription" : "Replace #and: with #bEqv:",			"class" : "PMQuaternion",			"operatorClass" : "ReplaceAndWithEqvMutantOperator",			"mutationStart" : 597,			"method" : "*",			"mutationEnd" : 657		},		{			"operatorDescription" : "Replace #and: with false",			"class" : "PMQuaternion",			"operatorClass" : "ReplaceAndWithFalseOperator",			"mutationStart" : 597,			"method" : "*",			"mutationEnd" : 657		},		{			"operatorDescription" : "Replace #ifTrue:ifFalse: receiver with false",			"class" : "PMQuaternion",			"operatorClass" : "ReplaceIfTrueIfFalseReceiverWithFalseOperator",			"mutationStart" : 597,			"method" : "*",			"mutationEnd" : 900		},		{			"operatorDescription" : "Remove ^",			"class" : "PMQuaternion",			"operatorClass" : "RemoveCaretOperator",			"mutationStart" : 134,			"method" : "raisedTo:",			"mutationEnd" : 164		},		{			"operatorDescription" : "Remove ^",			"class" : "PMQuaternion",			"operatorClass" : "RemoveCaretOperator",			"mutationStart" : 192,			"method" : "raisedTo:",			"mutationEnd" : 207		},		{			"operatorDescription" : "Remove ^",			"class" : "PMQuaternion",			"operatorClass" : "RemoveCaretOperator",			"mutationStart" : 262,			"method" : "raisedTo:",			"mutationEnd" : 267		},		{			"operatorDescription" : "Remove ^",			"class" : "PMQuaternion",			"operatorClass" : "RemoveCaretOperator",			"mutationStart" : 376,			"method" : "raisedTo:",			"mutationEnd" : 411		},		{			"operatorDescription" : "Remove ^",			"class" : "PMQuaternion",			"operatorClass" : "RemoveCaretOperator",			"mutationStart" : 427,			"method" : "raisedTo:",			"mutationEnd" : 432		},		{			"operatorDescription" : "Remove ^",			"class" : "PMQuaternion",			"operatorClass" : "RemoveCaretOperator",			"mutationStart" : 438,			"method" : "raisedTo:",			"mutationEnd" : 462		},		{			"operatorDescription" : "Replace #* with #/",			"class" : "PMQuaternion",			"operatorClass" : "ReplaceMultiplicationWithDivisionMutantOperator",			"mutationStart" : 440,			"method" : "raisedTo:",			"mutationEnd" : 458		},		{			"operatorDescription" : "Replace #< with #>",			"class" : "PMQuaternion",			"operatorClass" : "ReplaceLessWithGreaterMutantOperator",			"mutationStart" : 352,			"method" : "raisedTo:",			"mutationEnd" : 362		},		{			"operatorDescription" : "Replace #= with #'~='",			"class" : "PMQuaternion",			"operatorClass" : "ReplaceEqualWithNotEqualOperator",			"mutationStart" : 171,			"method" : "raisedTo:",			"mutationEnd" : 181		},		{			"operatorDescription" : "Replace #= with #'~='",			"class" : "PMQuaternion",			"operatorClass" : "ReplaceEqualWithNotEqualOperator",			"mutationStart" : 241,			"method" : "raisedTo:",			"mutationEnd" : 251		},		{			"operatorDescription" : "Replace #= with #'~='",			"class" : "PMQuaternion",			"operatorClass" : "ReplaceEqualWithNotEqualOperator",			"mutationStart" : 301,			"method" : "raisedTo:",			"mutationEnd" : 308		},		{			"operatorDescription" : "Replace #ifTrue: receiver with false",			"class" : "PMQuaternion",			"operatorClass" : "ReplaceIfTrueReceiverWithFalseOperator",			"mutationStart" : 64,			"method" : "raisedTo:",			"mutationEnd" : 165		},		{			"operatorDescription" : "Replace #ifTrue: receiver with false",			"class" : "PMQuaternion",			"operatorClass" : "ReplaceIfTrueReceiverWithFalseOperator",			"mutationStart" : 171,			"method" : "raisedTo:",			"mutationEnd" : 208		},		{			"operatorDescription" : "Replace #ifTrue: receiver with false",			"class" : "PMQuaternion",			"operatorClass" : "ReplaceIfTrueReceiverWithFalseOperator",			"mutationStart" : 241,			"method" : "raisedTo:",			"mutationEnd" : 268		},		{			"operatorDescription" : "Replace #ifTrue: receiver with false",			"class" : "PMQuaternion",			"operatorClass" : "ReplaceIfTrueReceiverWithFalseOperator",			"mutationStart" : 301,			"method" : "raisedTo:",			"mutationEnd" : 434		},		{			"operatorDescription" : "Replace #ifTrue: receiver with true",			"class" : "PMQuaternion",			"operatorClass" : "ReplaceIfTrueReceiverWithTrueOperator",			"mutationStart" : 64,			"method" : "raisedTo:",			"mutationEnd" : 165		},		{			"operatorDescription" : "Replace #ifTrue: receiver with true",			"class" : "PMQuaternion",			"operatorClass" : "ReplaceIfTrueReceiverWithTrueOperator",			"mutationStart" : 171,			"method" : "raisedTo:",			"mutationEnd" : 208		},		{			"operatorDescription" : "Replace #ifTrue: receiver with true",			"class" : "PMQuaternion",			"operatorClass" : "ReplaceIfTrueReceiverWithTrueOperator",			"mutationStart" : 241,			"method" : "raisedTo:",			"mutationEnd" : 268		},		{			"operatorDescription" : "Replace #ifTrue: receiver with true",			"class" : "PMQuaternion",			"operatorClass" : "ReplaceIfTrueReceiverWithTrueOperator",			"mutationStart" : 301,			"method" : "raisedTo:",			"mutationEnd" : 434		},		{			"operatorDescription" : "Replace #ifTrue: with #ifFalse:",			"class" : "PMQuaternion",			"operatorClass" : "ReplaceIfTrueWithIfFalseMutantOperator",			"mutationStart" : 64,			"method" : "raisedTo:",			"mutationEnd" : 165		},		{			"operatorDescription" : "Replace #ifTrue: with #ifFalse:",			"class" : "PMQuaternion",			"operatorClass" : "ReplaceIfTrueWithIfFalseMutantOperator",			"mutationStart" : 171,			"method" : "raisedTo:",			"mutationEnd" : 208		},		{			"operatorDescription" : "Replace #ifTrue: with #ifFalse:",			"class" : "PMQuaternion",			"operatorClass" : "ReplaceIfTrueWithIfFalseMutantOperator",			"mutationStart" : 241,			"method" : "raisedTo:",			"mutationEnd" : 268		},		{			"operatorDescription" : "Replace #ifTrue: with #ifFalse:",			"class" : "PMQuaternion",			"operatorClass" : "ReplaceIfTrueWithIfFalseMutantOperator",			"mutationStart" : 301,			"method" : "raisedTo:",			"mutationEnd" : 434		},		{			"operatorDescription" : "Replace #ifTrue:ifFalse: receiver with false",			"class" : "PMQuaternion",			"operatorClass" : "ReplaceIfTrueIfFalseReceiverWithFalseOperator",			"mutationStart" : 352,			"method" : "raisedTo:",			"mutationEnd" : 433		},		{			"operatorDescription" : "Replace #ifTrue:ifFalse: receiver with true",			"class" : "PMQuaternion",			"operatorClass" : "ReplaceIfTrueIfFalseReceiverWithTrueOperator",			"mutationStart" : 352,			"method" : "raisedTo:",			"mutationEnd" : 433		},		{			"operatorDescription" : "Remove ^",			"class" : "PMQuaternion",			"operatorClass" : "RemoveCaretOperator",			"mutationStart" : 106,			"method" : "random",			"mutationEnd" : 131		},		{			"operatorDescription" : "Replace #* with #/",			"class" : "PMQuaternion",			"operatorClass" : "ReplaceMultiplicationWithDivisionMutantOperator",			"mutationStart" : 108,			"method" : "random",			"mutationEnd" : 131		},		{			"operatorDescription" : "Remove ^",			"class" : "PMQuaternion",			"operatorClass" : "RemoveCaretOperator",			"mutationStart" : 197,			"method" : "reciprocal",			"mutationEnd" : 259		},		{			"operatorDescription" : "Replace #ifTrue: receiver with false",			"class" : "PMQuaternion",			"operatorClass" : "ReplaceIfTrueReceiverWithFalseOperator",			"mutationStart" : 171,			"method" : "reciprocal",			"mutationEnd" : 260		},		{			"operatorDescription" : "Replace #max: with #min:",			"class" : "PMQuaternion",			"operatorClass" : "ReplaceMaxWithMinMutantOperator",			"mutationStart" : 122,			"method" : "reciprocal",			"mutationEnd" : 141		},		{			"operatorDescription" : "Replace #max: with #min:",			"class" : "PMQuaternion",			"operatorClass" : "ReplaceMaxWithMinMutantOperator",			"mutationStart" : 148,			"method" : "reciprocal",			"mutationEnd" : 167		},		{			"operatorDescription" : "Remove ^",			"class" : "PMQuaternion",			"operatorClass" : "RemoveCaretOperator",			"mutationStart" : 371,			"method" : "raisedToInteger:",			"mutationEnd" : 425		},		{			"operatorDescription" : "Remove ^",			"class" : "PMQuaternion",			"operatorClass" : "RemoveCaretOperator",			"mutationStart" : 451,			"method" : "raisedToInteger:",			"mutationEnd" : 466		},		{			"operatorDescription" : "Remove ^",			"class" : "PMQuaternion",			"operatorClass" : "RemoveCaretOperator",			"mutationStart" : 492,			"method" : "raisedToInteger:",			"mutationEnd" : 497		},		{			"operatorDescription" : "Remove ^",			"class" : "PMQuaternion",			"operatorClass" : "RemoveCaretOperator",			"mutationStart" : 523,			"method" : "raisedToInteger:",			"mutationEnd" : 574		},		{			"operatorDescription" : "Replace #- with #+",			"class" : "PMQuaternion",			"operatorClass" : "ReplaceMinusWithPlusMutantOperator",			"mutationStart" : 600,			"method" : "raisedToInteger:",			"mutationEnd" : 610		},		{			"operatorDescription" : "Replace #ifFalse: receiver with true",			"class" : "PMQuaternion",			"operatorClass" : "ReplaceIfFalseReceiverWithTrueOperator",			"mutationStart" : 343,			"method" : "raisedToInteger:",			"mutationEnd" : 426		},		{			"operatorDescription" : "Replace #ifTrue: receiver with false",			"class" : "PMQuaternion",			"operatorClass" : "ReplaceIfTrueReceiverWithFalseOperator",			"mutationStart" : 430,			"method" : "raisedToInteger:",			"mutationEnd" : 467		},		{			"operatorDescription" : "Replace #ifTrue: receiver with false",			"class" : "PMQuaternion",			"operatorClass" : "ReplaceIfTrueReceiverWithFalseOperator",			"mutationStart" : 471,			"method" : "raisedToInteger:",			"mutationEnd" : 498		},		{			"operatorDescription" : "Replace #ifTrue: receiver with false",			"class" : "PMQuaternion",			"operatorClass" : "ReplaceIfTrueReceiverWithFalseOperator",			"mutationStart" : 502,			"method" : "raisedToInteger:",			"mutationEnd" : 575		},		{			"operatorDescription" : "Replace #and: argument with [true]",			"class" : "PMQuaternion",			"operatorClass" : "ReplaceAndArgumentWithTrueOperator",			"mutationStart" : 67,			"method" : "isZero",			"mutationEnd" : 126		},		{			"operatorDescription" : "Replace #and: argument with [true]",			"class" : "PMQuaternion",			"operatorClass" : "ReplaceAndArgumentWithTrueOperator",			"mutationStart" : 83,			"method" : "isZero",			"mutationEnd" : 125		},		{			"operatorDescription" : "Replace #and: argument with [true]",			"class" : "PMQuaternion",			"operatorClass" : "ReplaceAndArgumentWithTrueOperator",			"mutationStart" : 99,			"method" : "isZero",			"mutationEnd" : 124		},		{			"operatorDescription" : "Replace #and: receiver with true",			"class" : "PMQuaternion",			"operatorClass" : "ReplaceAndReceiverWithTrueOperator",			"mutationStart" : 67,			"method" : "isZero",			"mutationEnd" : 126		},		{			"operatorDescription" : "Replace #and: receiver with true",			"class" : "PMQuaternion",			"operatorClass" : "ReplaceAndReceiverWithTrueOperator",			"mutationStart" : 83,			"method" : "isZero",			"mutationEnd" : 125		},		{			"operatorDescription" : "Replace #and: receiver with true",			"class" : "PMQuaternion",			"operatorClass" : "ReplaceAndReceiverWithTrueOperator",			"mutationStart" : 99,			"method" : "isZero",			"mutationEnd" : 124		},		{			"operatorDescription" : "Replace #and: with #bEqv:",			"class" : "PMQuaternion",			"operatorClass" : "ReplaceAndWithEqvMutantOperator",			"mutationStart" : 83,			"method" : "isZero",			"mutationEnd" : 125		},		{			"operatorDescription" : "Replace #and: with #bEqv:",			"class" : "PMQuaternion",			"operatorClass" : "ReplaceAndWithEqvMutantOperator",			"mutationStart" : 99,			"method" : "isZero",			"mutationEnd" : 124		},		{			"operatorDescription" : "Replace #and: with #or:",			"class" : "PMQuaternion",			"operatorClass" : "ReplaceAndWithOrMutantOperator",			"mutationStart" : 67,			"method" : "isZero",			"mutationEnd" : 126		},		{			"operatorDescription" : "Replace #and: with #or:",			"class" : "PMQuaternion",			"operatorClass" : "ReplaceAndWithOrMutantOperator",			"mutationStart" : 83,			"method" : "isZero",			"mutationEnd" : 125		},		{			"operatorDescription" : "Replace #and: with #or:",			"class" : "PMQuaternion",			"operatorClass" : "ReplaceAndWithOrMutantOperator",			"mutationStart" : 99,			"method" : "isZero",			"mutationEnd" : 124		},		{			"operatorDescription" : "Replace #and: argument with [true]",			"class" : "PMQuaternion",			"operatorClass" : "ReplaceAndArgumentWithTrueOperator",			"mutationStart" : 272,			"method" : "=",			"mutationEnd" : 389		},		{			"operatorDescription" : "Replace #and: argument with [true]",			"class" : "PMQuaternion",			"operatorClass" : "ReplaceAndArgumentWithTrueOperator",			"mutationStart" : 302,			"method" : "=",			"mutationEnd" : 388		},		{			"operatorDescription" : "Replace #and: argument with [true]",			"class" : "PMQuaternion",			"operatorClass" : "ReplaceAndArgumentWithTrueOperator",			"mutationStart" : 334,			"method" : "=",			"mutationEnd" : 387		},		{			"operatorDescription" : "Replace #and: receiver with true",			"class" : "PMQuaternion",			"operatorClass" : "ReplaceAndReceiverWithTrueOperator",			"mutationStart" : 272,			"method" : "=",			"mutationEnd" : 389		},		{			"operatorDescription" : "Replace #and: receiver with true",			"class" : "PMQuaternion",			"operatorClass" : "ReplaceAndReceiverWithTrueOperator",			"mutationStart" : 302,			"method" : "=",			"mutationEnd" : 388		},		{			"operatorDescription" : "Replace #and: receiver with true",			"class" : "PMQuaternion",			"operatorClass" : "ReplaceAndReceiverWithTrueOperator",			"mutationStart" : 334,			"method" : "=",			"mutationEnd" : 387		},		{			"operatorDescription" : "Replace #and: with #bEqv:",			"class" : "PMQuaternion",			"operatorClass" : "ReplaceAndWithEqvMutantOperator",			"mutationStart" : 302,			"method" : "=",			"mutationEnd" : 388		},		{			"operatorDescription" : "Replace #and: with #bEqv:",			"class" : "PMQuaternion",			"operatorClass" : "ReplaceAndWithEqvMutantOperator",			"mutationStart" : 334,			"method" : "=",			"mutationEnd" : 387		},		{			"operatorDescription" : "Replace #and: with #or:",			"class" : "PMQuaternion",			"operatorClass" : "ReplaceAndWithOrMutantOperator",			"mutationStart" : 272,			"method" : "=",			"mutationEnd" : 389		},		{			"operatorDescription" : "Replace #and: with #or:",			"class" : "PMQuaternion",			"operatorClass" : "ReplaceAndWithOrMutantOperator",			"mutationStart" : 302,			"method" : "=",			"mutationEnd" : 388		},		{			"operatorDescription" : "Replace #and: with #or:",			"class" : "PMQuaternion",			"operatorClass" : "ReplaceAndWithOrMutantOperator",			"mutationStart" : 334,			"method" : "=",			"mutationEnd" : 387		},		{			"operatorDescription" : "Replace #ifTrue:ifFalse: receiver with false",			"class" : "PMQuaternion",			"operatorClass" : "ReplaceIfTrueIfFalseReceiverWithFalseOperator",			"mutationStart" : 72,			"method" : "sin",			"mutationEnd" : 126		},		{			"operatorDescription" : "Replace #ifTrue:ifFalse: receiver with false",			"class" : "PMQuaternion",			"operatorClass" : "ReplaceIfTrueIfFalseReceiverWithFalseOperator",			"mutationStart" : 78,			"method" : "ln",			"mutationEnd" : 332		},		{			"operatorDescription" : "Replace #ifTrue:ifFalse: receiver with false",			"class" : "PMQuaternion",			"operatorClass" : "ReplaceIfTrueIfFalseReceiverWithFalseOperator",			"mutationStart" : 79,			"method" : "exp",			"mutationEnd" : 123		},		{			"operatorDescription" : "Replace #and: argument with [true]",			"class" : "PMQuaternion",			"operatorClass" : "ReplaceAndArgumentWithTrueOperator",			"mutationStart" : 163,			"method" : "reduce",			"mutationEnd" : 190		},		{			"operatorDescription" : "Replace #ifTrue:ifFalse: receiver with false",			"class" : "PMQuaternion",			"operatorClass" : "ReplaceIfTrueIfFalseReceiverWithFalseOperator",			"mutationStart" : 74,			"method" : "cos",			"mutationEnd" : 136		},		{			"operatorDescription" : "Replace #- with #+",			"class" : "PMQuaternion class",			"operatorClass" : "ReplaceMinusWithPlusMutantOperator",			"mutationStart" : 119,			"method" : "random",			"mutationEnd" : 138		},		{			"operatorDescription" : "Replace #- with #+",			"class" : "PMQuaternion class",			"operatorClass" : "ReplaceMinusWithPlusMutantOperator",			"mutationStart" : 145,			"method" : "random",			"mutationEnd" : 164		}	],	"testCase" : "PMQuaternionTest",	"unixtime" : 1605069228,	"timeTotal" : 6471}