{	"targetClasses" : [		"PMRungeKuttaStepper"	],	"testMethodsIgnored" : [ ],	"methodsNotProfiled" : [ ],	"numberOfOriginalTestMethods" : 6,	"timeDetail" : [		"init: % 1.02 (1 second 922 milliseconds)",		"assertionAmplification: % 50.88 (1 minute 35 seconds 705 milliseconds)",		"selection: % 7.59 (14 seconds 273 milliseconds)",		"inputAmplification: % 40.33 (1 minute 15 seconds 861 milliseconds)",		"finalize: % 0.17 (328 milliseconds)"	],	"notCoveredInAmplified" : [		{			"operatorDescription" : "Replace #ifTrue: receiver with false",			"class" : "PMRungeKuttaStepper",			"operatorClass" : "ReplaceIfTrueReceiverWithFalseOperator",			"mutationStart" : 170,			"method" : "doStep:time:",			"mutationEnd" : 246		}	],	"mutationScoreAfter" : 96,	"mutationScoreBefore" : 96,	"testAmpLoc" : 0,	"amplifiedMethods" : [ ],	"testLoc" : "93",	"amplifiedClass" : "PMRungeKuttaStepperTest304",	"numberOfAllMutationsInOriginal" : 25,	"targetLoc" : 22,	"newCovered" : [ ],	"timeBudgetFinished" : false,	"notCoveredInOriginal" : [		{			"operatorDescription" : "Replace #ifTrue: receiver with false",			"class" : "PMRungeKuttaStepper",			"operatorClass" : "ReplaceIfTrueReceiverWithFalseOperator",			"mutationStart" : 170,			"method" : "doStep:time:",			"mutationEnd" : 246		}	],	"testCase" : "PMRungeKuttaStepperTest",	"unixtime" : 1605024009,	"timeTotal" : 188}