{	"targetClasses" : [		"PMSimpleParameterFunction"	],	"testMethodsIgnored" : [ ],	"methodsNotProfiled" : [ ],	"numberOfOriginalTestMethods" : 4,	"timeDetail" : [		"init: % 1.19 (325 milliseconds)",		"assertionAmplification: % 57.61 (15 seconds 711 milliseconds)",		"selection: % 12.83 (3 seconds 500 milliseconds)",		"inputAmplification: % 27.02 (7 seconds 369 milliseconds)",		"finalize: % 1.34 (366 milliseconds)"	],	"notCoveredInAmplified" : [		{			"operatorDescription" : "Remove Exception Handler Operator",			"class" : "PMSimpleParameterFunction",			"operatorClass" : "RemoveExceptionHandlerOperator",			"mutationStart" : 46,			"method" : "value:",			"mutationEnd" : 112		}	],	"mutationScoreAfter" : 96,	"mutationScoreBefore" : 88,	"testAmpLoc" : 65,	"amplifiedMethods" : [		"PMSimpleParameterFunctionTest196>>#testChangeParametersBy_amp_T2",		"PMSimpleParameterFunctionTest196>>#testChangeParametersBy_amp_A6"	],	"testLoc" : "32",	"amplifiedClass" : "PMSimpleParameterFunctionTest196",	"numberOfAllMutationsInOriginal" : 26,	"targetLoc" : 57,	"newCovered" : [		{			"operatorDescription" : "Replace #+ with #-",			"class" : "PMSimpleParameterFunction",			"operatorClass" : "ReplacePlusWithMinusMutantOperator",			"mutationStart" : 108,			"method" : "initializeVarArray:",			"mutationEnd" : 118		},		{			"operatorDescription" : "Remove ^",			"class" : "PMSimpleParameterFunction",			"operatorClass" : "RemoveCaretOperator",			"mutationStart" : 109,			"method" : "parameters:",			"mutationEnd" : 128		}	],	"timeBudgetFinished" : false,	"notCoveredInOriginal" : [		{			"operatorDescription" : "Replace #+ with #-",			"class" : "PMSimpleParameterFunction",			"operatorClass" : "ReplacePlusWithMinusMutantOperator",			"mutationStart" : 108,			"method" : "initializeVarArray:",			"mutationEnd" : 118		},		{			"operatorDescription" : "Remove Exception Handler Operator",			"class" : "PMSimpleParameterFunction",			"operatorClass" : "RemoveExceptionHandlerOperator",			"mutationStart" : 46,			"method" : "value:",			"mutationEnd" : 112		},		{			"operatorDescription" : "Remove ^",			"class" : "PMSimpleParameterFunction",			"operatorClass" : "RemoveCaretOperator",			"mutationStart" : 109,			"method" : "parameters:",			"mutationEnd" : 128		}	],	"testCase" : "PMSimpleParameterFunctionTest",	"unixtime" : 1604999108,	"timeTotal" : 27}