{	"targetClasses" : [		"PMSingularValueDecomposition"	],	"testMethodsIgnored" : [ ],	"methodsNotProfiled" : [ ],	"numberOfOriginalTestMethods" : 14,	"timeDetail" : [		"init: % 0.05 (852 milliseconds)",		"assertionAmplification: % 90.64 (26 minutes 24 seconds 351 milliseconds)",		"selection: % 5.70 (1 minute 39 seconds 708 milliseconds)",		"inputAmplification: % 3.60 (1 minute 2 seconds 933 milliseconds)",		"finalize: % 0.01 (137 milliseconds)"	],	"notCoveredInAmplified" : [		{			"operatorDescription" : "Replace #< with #>",			"class" : "PMSingularValueDecomposition",			"operatorClass" : "ReplaceLessWithGreaterMutantOperator",			"mutationStart" : 369,			"method" : "initialize:",			"mutationEnd" : 373		},		{			"operatorDescription" : "Replace #ifTrue:ifFalse: receiver with false",			"class" : "PMSingularValueDecomposition",			"operatorClass" : "ReplaceIfTrueIfFalseReceiverWithFalseOperator",			"mutationStart" : 369,			"method" : "initialize:",			"mutationEnd" : 430		},		{			"operatorDescription" : "Replace #ifTrue:ifFalse: receiver with true",			"class" : "PMSingularValueDecomposition",			"operatorClass" : "ReplaceIfTrueIfFalseReceiverWithTrueOperator",			"mutationStart" : 369,			"method" : "initialize:",			"mutationEnd" : 430		}	],	"mutationScoreAfter" : 66,	"mutationScoreBefore" : 66,	"testAmpLoc" : 0,	"amplifiedMethods" : [ ],	"testLoc" : "201",	"amplifiedClass" : "PMSingularValueDecompositionTest664",	"numberOfAllMutationsInOriginal" : 9,	"targetLoc" : 26,	"newCovered" : [		{			"operatorDescription" : "Replace #* with #/",			"class" : "PMSingularValueDecomposition",			"operatorClass" : "ReplaceMultiplicationWithDivisionMutantOperator",			"mutationStart" : 123,			"method" : "initialize:",			"mutationEnd" : 149		}	],	"timeBudgetFinished" : false,	"notCoveredInOriginal" : [		{			"operatorDescription" : "Replace #< with #>",			"class" : "PMSingularValueDecomposition",			"operatorClass" : "ReplaceLessWithGreaterMutantOperator",			"mutationStart" : 369,			"method" : "initialize:",			"mutationEnd" : 373		},		{			"operatorDescription" : "Replace #ifTrue:ifFalse: receiver with false",			"class" : "PMSingularValueDecomposition",			"operatorClass" : "ReplaceIfTrueIfFalseReceiverWithFalseOperator",			"mutationStart" : 369,			"method" : "initialize:",			"mutationEnd" : 430		},		{			"operatorDescription" : "Replace #ifTrue:ifFalse: receiver with true",			"class" : "PMSingularValueDecomposition",			"operatorClass" : "ReplaceIfTrueIfFalseReceiverWithTrueOperator",			"mutationStart" : 369,			"method" : "initialize:",			"mutationEnd" : 430		}	],	"testCase" : "PMSingularValueDecompositionTest",	"unixtime" : 1605062754,	"timeTotal" : 1747}