{	"targetClasses" : [		"PMSymmetricMatrix"	],	"testMethodsIgnored" : [ ],	"methodsNotProfiled" : [		"PMSymmetricMatrix>>#columnsCollect:",		"PMSymmetricMatrix>>#columnsDo:",		"PMSymmetricMatrix>>#atColumn:put:",		"PMSymmetricMatrix>>#columnAt:",		"PMSymmetricMatrix>>#atRow:put:",		"PMSymmetricMatrix class>>#new:random:",		"PMSymmetricMatrix class>>#rows:columns:random:"	],	"numberOfOriginalTestMethods" : 3,	"timeDetail" : [		"init: % 16.58 (23 seconds 736 milliseconds)",		"assertionAmplification: % 56.07 (1 minute 20 seconds 247 milliseconds)",		"selection: % 5.84 (8 seconds 358 milliseconds)",		"inputAmplification: % 6.07 (8 seconds 687 milliseconds)",		"finalize: % 15.44 (22 seconds 102 milliseconds)"	],	"notCoveredInAmplified" : [		{			"operatorDescription" : "Remove ^",			"class" : "PMSymmetricMatrix",			"operatorClass" : "RemoveCaretOperator",			"mutationStart" : 25,			"method" : "columnsCollect:",			"mutationEnd" : 46		},		{			"operatorDescription" : "Replace do block with [:each |]",			"class" : "PMSymmetricMatrix",			"operatorClass" : "ReplaceDoBlockWithEmptyBlockOperator",			"mutationStart" : 10,			"method" : "clear",			"mutationEnd" : 45		},		{			"operatorDescription" : "Remove ^",			"class" : "PMSymmetricMatrix",			"operatorClass" : "RemoveCaretOperator",			"mutationStart" : 20,			"method" : "columnsDo:",			"mutationEnd" : 36		},		{			"operatorDescription" : "Replace do block with [:each |]",			"class" : "PMSymmetricMatrix",			"operatorClass" : "ReplaceDoBlockWithEmptyBlockOperator",			"mutationStart" : 22,			"method" : "columnsDo:",			"mutationEnd" : 36		},		{			"operatorDescription" : "Remove ^",			"class" : "PMSymmetricMatrix",			"operatorClass" : "RemoveCaretOperator",			"mutationStart" : 73,			"method" : "transpose",			"mutationEnd" : 86		},		{			"operatorDescription" : "Remove ^",			"class" : "PMSymmetricMatrix",			"operatorClass" : "RemoveCaretOperator",			"mutationStart" : 22,			"method" : "columnAt:",			"mutationEnd" : 41		},		{			"operatorDescription" : "Remove ^",			"class" : "PMSymmetricMatrix",			"operatorClass" : "RemoveCaretOperator",			"mutationStart" : 296,			"method" : "crlInverse",			"mutationEnd" : 312		},		{			"operatorDescription" : "Remove ^",			"class" : "PMSymmetricMatrix",			"operatorClass" : "RemoveCaretOperator",			"mutationStart" : 343,			"method" : "crlInverse",			"mutationEnd" : 359		},		{			"operatorDescription" : "Replace #ifTrue: receiver with false",			"class" : "PMSymmetricMatrix",			"operatorClass" : "ReplaceIfTrueReceiverWithFalseOperator",			"mutationStart" : 270,			"method" : "crlInverse",			"mutationEnd" : 313		},		{			"operatorDescription" : "Replace #ifTrue: receiver with false",			"class" : "PMSymmetricMatrix",			"operatorClass" : "ReplaceIfTrueReceiverWithFalseOperator",			"mutationStart" : 317,			"method" : "crlInverse",			"mutationEnd" : 360		},		{			"operatorDescription" : "Remove Exception Handler Operator",			"class" : "PMSymmetricMatrix",			"operatorClass" : "RemoveExceptionHandlerOperator",			"mutationStart" : 83,			"method" : "inversePureCRL",			"mutationEnd" : 185		},		{			"operatorDescription" : "Replace #ifTrue:ifFalse: receiver with true",			"class" : "PMSymmetricMatrix",			"operatorClass" : "ReplaceIfTrueIfFalseReceiverWithTrueOperator",			"mutationStart" : 50,			"method" : "inverse",			"mutationEnd" : 191		},		{			"operatorDescription" : "Replace #or: argument with [false]",			"class" : "PMSymmetricMatrix",			"operatorClass" : "ReplaceOrArgumentWithFalseOperator",			"mutationStart" : 50,			"method" : "inverse",			"mutationEnd" : 127		},		{			"operatorDescription" : "Replace #or: with true",			"class" : "PMSymmetricMatrix",			"operatorClass" : "ReplaceOrWithTrueOperator",			"mutationStart" : 50,			"method" : "inverse",			"mutationEnd" : 127		},		{			"operatorDescription" : "Remove ^",			"class" : "PMSymmetricMatrix class",			"operatorClass" : "RemoveCaretOperator",			"mutationStart" : 458,			"method" : "new:random:",			"mutationEnd" : 459		},		{			"operatorDescription" : "Replace #- with #+",			"class" : "PMSymmetricMatrix class",			"operatorClass" : "ReplaceMinusWithPlusMutantOperator",			"mutationStart" : 272,			"method" : "new:random:",			"mutationEnd" : 280		},		{			"operatorDescription" : "Remove ^",			"class" : "PMSymmetricMatrix class",			"operatorClass" : "RemoveCaretOperator",			"mutationStart" : 49,			"method" : "rows:columns:random:",			"mutationEnd" : 73		}	],	"mutationScoreAfter" : 78,	"mutationScoreBefore" : 66,	"testAmpLoc" : 553,	"amplifiedMethods" : [		"PMSymmetricMatrixTest144>>#testCrlInverse_amp_L17",		"PMSymmetricMatrixTest144>>#testCrlInverse_amp_L15",		"PMSymmetricMatrixTest144>>#testInversePureLUP_amp_A55",		"PMSymmetricMatrixTest144>>#testCrlInverse_amp",		"PMSymmetricMatrixTest144>>#testCrlInverse_amp_L6",		"PMSymmetricMatrixTest144>>#testCrlInverse_amp_L18",		"PMSymmetricMatrixTest144>>#testCrlInverse_amp_L31_A32"	],	"testLoc" : "36",	"amplifiedClass" : "PMSymmetricMatrixTest144",	"numberOfAllMutationsInOriginal" : 78,	"targetLoc" : 218,	"newCovered" : [		{			"operatorDescription" : "Remove ^",			"class" : "PMSymmetricMatrix",			"operatorClass" : "RemoveCaretOperator",			"mutationStart" : 156,			"method" : "eigen",			"mutationEnd" : 198		},		{			"operatorDescription" : "Remove ^",			"class" : "PMSymmetricMatrix",			"operatorClass" : "RemoveCaretOperator",			"mutationStart" : 67,			"method" : "numberOfColumns",			"mutationEnd" : 76		},		{			"operatorDescription" : "Remove ^",			"class" : "PMSymmetricMatrix",			"operatorClass" : "RemoveCaretOperator",			"mutationStart" : 65,			"method" : "isSquare",			"mutationEnd" : 69		},		{			"operatorDescription" : "Replace #< with #>",			"class" : "PMSymmetricMatrix",			"operatorClass" : "ReplaceLessWithGreaterMutantOperator",			"mutationStart" : 51,			"method" : "inverse",			"mutationEnd" : 96		},		{			"operatorDescription" : "Replace #ifTrue:ifFalse: receiver with false",			"class" : "PMSymmetricMatrix",			"operatorClass" : "ReplaceIfTrueIfFalseReceiverWithFalseOperator",			"mutationStart" : 50,			"method" : "inverse",			"mutationEnd" : 191		},		{			"operatorDescription" : "Replace #or: receiver with false",			"class" : "PMSymmetricMatrix",			"operatorClass" : "ReplaceOrReceiverWithFalseOperator",			"mutationStart" : 50,			"method" : "inverse",			"mutationEnd" : 127		},		{			"operatorDescription" : "Replace #or: with #and:",			"class" : "PMSymmetricMatrix",			"operatorClass" : "ReplaceOrWithAndMutantOperator",			"mutationStart" : 50,			"method" : "inverse",			"mutationEnd" : 127		},		{			"operatorDescription" : "Replace #or: with #bXor:",			"class" : "PMSymmetricMatrix",			"operatorClass" : "ReplaceOrWithXorMutantOperator",			"mutationStart" : 50,			"method" : "inverse",			"mutationEnd" : 127		},		{			"operatorDescription" : "Remove ^",			"class" : "PMSymmetricMatrix",			"operatorClass" : "RemoveCaretOperator",			"mutationStart" : 74,			"method" : "isSymmetric",			"mutationEnd" : 78		}	],	"timeBudgetFinished" : false,	"notCoveredInOriginal" : [		{			"operatorDescription" : "Remove ^",			"class" : "PMSymmetricMatrix",			"operatorClass" : "RemoveCaretOperator",			"mutationStart" : 25,			"method" : "columnsCollect:",			"mutationEnd" : 46		},		{			"operatorDescription" : "Replace do block with [:each |]",			"class" : "PMSymmetricMatrix",			"operatorClass" : "ReplaceDoBlockWithEmptyBlockOperator",			"mutationStart" : 10,			"method" : "clear",			"mutationEnd" : 45		},		{			"operatorDescription" : "Remove ^",			"class" : "PMSymmetricMatrix",			"operatorClass" : "RemoveCaretOperator",			"mutationStart" : 20,			"method" : "columnsDo:",			"mutationEnd" : 36		},		{			"operatorDescription" : "Replace do block with [:each |]",			"class" : "PMSymmetricMatrix",			"operatorClass" : "ReplaceDoBlockWithEmptyBlockOperator",			"mutationStart" : 22,			"method" : "columnsDo:",			"mutationEnd" : 36		},		{			"operatorDescription" : "Remove ^",			"class" : "PMSymmetricMatrix",			"operatorClass" : "RemoveCaretOperator",			"mutationStart" : 156,			"method" : "eigen",			"mutationEnd" : 198		},		{			"operatorDescription" : "Remove ^",			"class" : "PMSymmetricMatrix",			"operatorClass" : "RemoveCaretOperator",			"mutationStart" : 73,			"method" : "transpose",			"mutationEnd" : 86		},		{			"operatorDescription" : "Remove ^",			"class" : "PMSymmetricMatrix",			"operatorClass" : "RemoveCaretOperator",			"mutationStart" : 22,			"method" : "columnAt:",			"mutationEnd" : 41		},		{			"operatorDescription" : "Remove ^",			"class" : "PMSymmetricMatrix",			"operatorClass" : "RemoveCaretOperator",			"mutationStart" : 296,			"method" : "crlInverse",			"mutationEnd" : 312		},		{			"operatorDescription" : "Remove ^",			"class" : "PMSymmetricMatrix",			"operatorClass" : "RemoveCaretOperator",			"mutationStart" : 343,			"method" : "crlInverse",			"mutationEnd" : 359		},		{			"operatorDescription" : "Replace #ifTrue: receiver with false",			"class" : "PMSymmetricMatrix",			"operatorClass" : "ReplaceIfTrueReceiverWithFalseOperator",			"mutationStart" : 270,			"method" : "crlInverse",			"mutationEnd" : 313		},		{			"operatorDescription" : "Replace #ifTrue: receiver with false",			"class" : "PMSymmetricMatrix",			"operatorClass" : "ReplaceIfTrueReceiverWithFalseOperator",			"mutationStart" : 317,			"method" : "crlInverse",			"mutationEnd" : 360		},		{			"operatorDescription" : "Remove Exception Handler Operator",			"class" : "PMSymmetricMatrix",			"operatorClass" : "RemoveExceptionHandlerOperator",			"mutationStart" : 83,			"method" : "inversePureCRL",			"mutationEnd" : 185		},		{			"operatorDescription" : "Remove ^",			"class" : "PMSymmetricMatrix",			"operatorClass" : "RemoveCaretOperator",			"mutationStart" : 67,			"method" : "numberOfColumns",			"mutationEnd" : 76		},		{			"operatorDescription" : "Remove ^",			"class" : "PMSymmetricMatrix",			"operatorClass" : "RemoveCaretOperator",			"mutationStart" : 65,			"method" : "isSquare",			"mutationEnd" : 69		},		{			"operatorDescription" : "Replace #< with #>",			"class" : "PMSymmetricMatrix",			"operatorClass" : "ReplaceLessWithGreaterMutantOperator",			"mutationStart" : 51,			"method" : "inverse",			"mutationEnd" : 96		},		{			"operatorDescription" : "Replace #ifTrue:ifFalse: receiver with false",			"class" : "PMSymmetricMatrix",			"operatorClass" : "ReplaceIfTrueIfFalseReceiverWithFalseOperator",			"mutationStart" : 50,			"method" : "inverse",			"mutationEnd" : 191		},		{			"operatorDescription" : "Replace #ifTrue:ifFalse: receiver with true",			"class" : "PMSymmetricMatrix",			"operatorClass" : "ReplaceIfTrueIfFalseReceiverWithTrueOperator",			"mutationStart" : 50,			"method" : "inverse",			"mutationEnd" : 191		},		{			"operatorDescription" : "Replace #or: argument with [false]",			"class" : "PMSymmetricMatrix",			"operatorClass" : "ReplaceOrArgumentWithFalseOperator",			"mutationStart" : 50,			"method" : "inverse",			"mutationEnd" : 127		},		{			"operatorDescription" : "Replace #or: receiver with false",			"class" : "PMSymmetricMatrix",			"operatorClass" : "ReplaceOrReceiverWithFalseOperator",			"mutationStart" : 50,			"method" : "inverse",			"mutationEnd" : 127		},		{			"operatorDescription" : "Replace #or: with #and:",			"class" : "PMSymmetricMatrix",			"operatorClass" : "ReplaceOrWithAndMutantOperator",			"mutationStart" : 50,			"method" : "inverse",			"mutationEnd" : 127		},		{			"operatorDescription" : "Replace #or: with #bXor:",			"class" : "PMSymmetricMatrix",			"operatorClass" : "ReplaceOrWithXorMutantOperator",			"mutationStart" : 50,			"method" : "inverse",			"mutationEnd" : 127		},		{			"operatorDescription" : "Replace #or: with true",			"class" : "PMSymmetricMatrix",			"operatorClass" : "ReplaceOrWithTrueOperator",			"mutationStart" : 50,			"method" : "inverse",			"mutationEnd" : 127		},		{			"operatorDescription" : "Remove ^",			"class" : "PMSymmetricMatrix",			"operatorClass" : "RemoveCaretOperator",			"mutationStart" : 74,			"method" : "isSymmetric",			"mutationEnd" : 78		},		{			"operatorDescription" : "Remove ^",			"class" : "PMSymmetricMatrix class",			"operatorClass" : "RemoveCaretOperator",			"mutationStart" : 458,			"method" : "new:random:",			"mutationEnd" : 459		},		{			"operatorDescription" : "Replace #- with #+",			"class" : "PMSymmetricMatrix class",			"operatorClass" : "ReplaceMinusWithPlusMutantOperator",			"mutationStart" : 272,			"method" : "new:random:",			"mutationEnd" : 280		},		{			"operatorDescription" : "Remove ^",			"class" : "PMSymmetricMatrix class",			"operatorClass" : "RemoveCaretOperator",			"mutationStart" : 49,			"method" : "rows:columns:random:",			"mutationEnd" : 73		}	],	"testCase" : "PMSymmetricMatrixTest",	"unixtime" : 1604999269,	"timeTotal" : 143}