{	"targetClasses" : [		"PMTrapezoidStepper"	],	"testMethodsIgnored" : [ ],	"methodsNotProfiled" : [ ],	"numberOfOriginalTestMethods" : 5,	"timeDetail" : [		"init: % 0.85 (440 milliseconds)",		"assertionAmplification: % 48.85 (25 seconds 156 milliseconds)",		"selection: % 8.93 (4 seconds 598 milliseconds)",		"inputAmplification: % 36.59 (18 seconds 841 milliseconds)",		"finalize: % 4.78 (2 seconds 463 milliseconds)"	],	"notCoveredInAmplified" : [		{			"operatorDescription" : "Replace #ifTrue: receiver with false",			"class" : "PMTrapezoidStepper",			"operatorClass" : "ReplaceIfTrueReceiverWithFalseOperator",			"mutationStart" : 177,			"method" : "lastStep:time:deltaT:",			"mutationEnd" : 253		},		{			"operatorDescription" : "Replace #ifTrue: receiver with false",			"class" : "PMTrapezoidStepper",			"operatorClass" : "ReplaceIfTrueReceiverWithFalseOperator",			"mutationStart" : 151,			"method" : "doStep:time:",			"mutationEnd" : 227		}	],	"mutationScoreAfter" : 94,	"mutationScoreBefore" : 64,	"testAmpLoc" : 118,	"amplifiedMethods" : [		"PMTrapezoidStepperTest250>>#testDoStepTime_amp_A3",		"PMTrapezoidStepperTest250>>#testDoStepTime_amp_A7",		"PMTrapezoidStepperTest250>>#testDoStepTime_amp_A4",		"PMTrapezoidStepperTest250>>#testDoStepTime_amp_A8",		"PMTrapezoidStepperTest250>>#testDoStepTime_amp_A11"	],	"testLoc" : "68",	"amplifiedClass" : "PMTrapezoidStepperTest250",	"numberOfAllMutationsInOriginal" : 37,	"targetLoc" : 32,	"newCovered" : [		{			"operatorDescription" : "Replace #* with #/",			"class" : "PMTrapezoidStepper",			"operatorClass" : "ReplaceMultiplicationWithDivisionMutantOperator",			"mutationStart" : 302,			"method" : "lastStep:time:deltaT:",			"mutationEnd" : 349		},		{			"operatorDescription" : "Replace #* with #/",			"class" : "PMTrapezoidStepper",			"operatorClass" : "ReplaceMultiplicationWithDivisionMutantOperator",			"mutationStart" : 369,			"method" : "lastStep:time:deltaT:",			"mutationEnd" : 459		},		{			"operatorDescription" : "Replace #* with #/",			"class" : "PMTrapezoidStepper",			"operatorClass" : "ReplaceMultiplicationWithDivisionMutantOperator",			"mutationStart" : 370,			"method" : "lastStep:time:deltaT:",			"mutationEnd" : 392		},		{			"operatorDescription" : "Replace #+ with #-",			"class" : "PMTrapezoidStepper",			"operatorClass" : "ReplacePlusWithMinusMutantOperator",			"mutationStart" : 264,			"method" : "lastStep:time:deltaT:",			"mutationEnd" : 282		},		{			"operatorDescription" : "Replace #+ with #-",			"class" : "PMTrapezoidStepper",			"operatorClass" : "ReplacePlusWithMinusMutantOperator",			"mutationStart" : 293,			"method" : "lastStep:time:deltaT:",			"mutationEnd" : 349		},		{			"operatorDescription" : "Replace #+ with #-",			"class" : "PMTrapezoidStepper",			"operatorClass" : "ReplacePlusWithMinusMutantOperator",			"mutationStart" : 360,			"method" : "lastStep:time:deltaT:",			"mutationEnd" : 459		},		{			"operatorDescription" : "Replace #+ with #-",			"class" : "PMTrapezoidStepper",			"operatorClass" : "ReplacePlusWithMinusMutantOperator",			"mutationStart" : 396,			"method" : "lastStep:time:deltaT:",			"mutationEnd" : 458		},		{			"operatorDescription" : "Replace #+ with #-",			"class" : "PMTrapezoidStepper",			"operatorClass" : "ReplacePlusWithMinusMutantOperator",			"mutationStart" : 465,			"method" : "lastStep:time:deltaT:",			"mutationEnd" : 564		},		{			"operatorDescription" : "Replace #+ with #-",			"class" : "PMTrapezoidStepper",			"operatorClass" : "ReplacePlusWithMinusMutantOperator",			"mutationStart" : 501,			"method" : "lastStep:time:deltaT:",			"mutationEnd" : 563		},		{			"operatorDescription" : "Replace #/ with #*",			"class" : "PMTrapezoidStepper",			"operatorClass" : "ReplaceDivisionWithMultiplicationMutantOperator",			"mutationStart" : 370,			"method" : "lastStep:time:deltaT:",			"mutationEnd" : 376		},		{			"operatorDescription" : "Replace #/ with #*",			"class" : "PMTrapezoidStepper",			"operatorClass" : "ReplaceDivisionWithMultiplicationMutantOperator",			"mutationStart" : 475,			"method" : "lastStep:time:deltaT:",			"mutationEnd" : 481		}	],	"timeBudgetFinished" : false,	"notCoveredInOriginal" : [		{			"operatorDescription" : "Replace #* with #/",			"class" : "PMTrapezoidStepper",			"operatorClass" : "ReplaceMultiplicationWithDivisionMutantOperator",			"mutationStart" : 302,			"method" : "lastStep:time:deltaT:",			"mutationEnd" : 349		},		{			"operatorDescription" : "Replace #* with #/",			"class" : "PMTrapezoidStepper",			"operatorClass" : "ReplaceMultiplicationWithDivisionMutantOperator",			"mutationStart" : 369,			"method" : "lastStep:time:deltaT:",			"mutationEnd" : 459		},		{			"operatorDescription" : "Replace #* with #/",			"class" : "PMTrapezoidStepper",			"operatorClass" : "ReplaceMultiplicationWithDivisionMutantOperator",			"mutationStart" : 370,			"method" : "lastStep:time:deltaT:",			"mutationEnd" : 392		},		{			"operatorDescription" : "Replace #+ with #-",			"class" : "PMTrapezoidStepper",			"operatorClass" : "ReplacePlusWithMinusMutantOperator",			"mutationStart" : 264,			"method" : "lastStep:time:deltaT:",			"mutationEnd" : 282		},		{			"operatorDescription" : "Replace #+ with #-",			"class" : "PMTrapezoidStepper",			"operatorClass" : "ReplacePlusWithMinusMutantOperator",			"mutationStart" : 293,			"method" : "lastStep:time:deltaT:",			"mutationEnd" : 349		},		{			"operatorDescription" : "Replace #+ with #-",			"class" : "PMTrapezoidStepper",			"operatorClass" : "ReplacePlusWithMinusMutantOperator",			"mutationStart" : 360,			"method" : "lastStep:time:deltaT:",			"mutationEnd" : 459		},		{			"operatorDescription" : "Replace #+ with #-",			"class" : "PMTrapezoidStepper",			"operatorClass" : "ReplacePlusWithMinusMutantOperator",			"mutationStart" : 396,			"method" : "lastStep:time:deltaT:",			"mutationEnd" : 458		},		{			"operatorDescription" : "Replace #+ with #-",			"class" : "PMTrapezoidStepper",			"operatorClass" : "ReplacePlusWithMinusMutantOperator",			"mutationStart" : 465,			"method" : "lastStep:time:deltaT:",			"mutationEnd" : 564		},		{			"operatorDescription" : "Replace #+ with #-",			"class" : "PMTrapezoidStepper",			"operatorClass" : "ReplacePlusWithMinusMutantOperator",			"mutationStart" : 501,			"method" : "lastStep:time:deltaT:",			"mutationEnd" : 563		},		{			"operatorDescription" : "Replace #/ with #*",			"class" : "PMTrapezoidStepper",			"operatorClass" : "ReplaceDivisionWithMultiplicationMutantOperator",			"mutationStart" : 370,			"method" : "lastStep:time:deltaT:",			"mutationEnd" : 376		},		{			"operatorDescription" : "Replace #/ with #*",			"class" : "PMTrapezoidStepper",			"operatorClass" : "ReplaceDivisionWithMultiplicationMutantOperator",			"mutationStart" : 475,			"method" : "lastStep:time:deltaT:",			"mutationEnd" : 481		},		{			"operatorDescription" : "Replace #ifTrue: receiver with false",			"class" : "PMTrapezoidStepper",			"operatorClass" : "ReplaceIfTrueReceiverWithFalseOperator",			"mutationStart" : 177,			"method" : "lastStep:time:deltaT:",			"mutationEnd" : 253		},		{			"operatorDescription" : "Replace #ifTrue: receiver with false",			"class" : "PMTrapezoidStepper",			"operatorClass" : "ReplaceIfTrueReceiverWithFalseOperator",			"mutationStart" : 151,			"method" : "doStep:time:",			"mutationEnd" : 227		}	],	"testCase" : "PMTrapezoidStepperTest",	"unixtime" : 1605009997,	"timeTotal" : 51}