{	"targetClasses" : [		"PMTSNE"	],	"testMethodsIgnored" : [ ],	"methodsNotProfiled" : [		"PMTSNE>>#initialDims:",		"PMTSNE>>#outputDims:",		"PMTSNE>>#learningRate:",		"PMTSNE>>#step:",		"PMTSNE>>#y:",		"PMTSNE>>#maxIter:",		"PMTSNE>>#finalMomentum:",		"PMTSNE>>#updateProgressEvery:",		"PMTSNE>>#minGain:",		"PMTSNE>>#initialMomentum:",		"PMTSNE>>#updateError:",		"PMTSNE class>>#linkedRingsDataGeneratorOf:"	],	"numberOfOriginalTestMethods" : 6,	"timeDetail" : [		"init: % 1.13 (1 minute 40 seconds 64 milliseconds)",		"assertionAmplification: % 14.22 (21 minutes 212 milliseconds)",		"selection: % 74.54 (1 hour 50 minutes 4 seconds 35 milliseconds)",		"inputAmplification: % 4.44 (6 minutes 33 seconds 197 milliseconds)",		"finalize: % 5.67 (8 minutes 22 seconds 642 milliseconds)"	],	"notCoveredInAmplified" : [		{			"operatorDescription" : "Remove ^",			"class" : "PMTSNE",			"operatorClass" : "RemoveCaretOperator",			"mutationStart" : 274,			"method" : "computeLowDimensionalAffinities",			"mutationEnd" : 276		},		{			"operatorDescription" : "Replace #/ with #*",			"class" : "PMTSNE",			"operatorClass" : "ReplaceDivisionWithMultiplicationMutantOperator",			"mutationStart" : 227,			"method" : "computeLowDimensionalAffinities",			"mutationEnd" : 244		},		{			"operatorDescription" : "Replace #max: with #min:",			"class" : "PMTSNE",			"operatorClass" : "ReplaceMaxWithMinMutantOperator",			"mutationStart" : 158,			"method" : "computeLowDimensionalAffinities",			"mutationEnd" : 189		},		{			"operatorDescription" : "Replace #max: with #min:",			"class" : "PMTSNE",			"operatorClass" : "ReplaceMaxWithMinMutantOperator",			"mutationStart" : 227,			"method" : "computeLowDimensionalAffinities",			"mutationEnd" : 265		},		{			"operatorDescription" : "Remove ^",			"class" : "PMTSNE",			"operatorClass" : "RemoveCaretOperator",			"mutationStart" : 91,			"method" : "updateProgressWithError",			"mutationEnd" : 96		},		{			"operatorDescription" : "Replace #/ with #*",			"class" : "PMTSNE",			"operatorClass" : "ReplaceDivisionWithMultiplicationMutantOperator",			"mutationStart" : 462,			"method" : "updateProgressWithError",			"mutationEnd" : 514		},		{			"operatorDescription" : "Replace #/ with #*",			"class" : "PMTSNE",			"operatorClass" : "ReplaceDivisionWithMultiplicationMutantOperator",			"mutationStart" : 716,			"method" : "updateProgressWithError",			"mutationEnd" : 735		},		{			"operatorDescription" : "Replace #= with #'~='",			"class" : "PMTSNE",			"operatorClass" : "ReplaceEqualWithNotEqualOperator",			"mutationStart" : 39,			"method" : "updateProgressWithError",			"mutationEnd" : 76		},		{			"operatorDescription" : "Replace #ifFalse: receiver with false",			"class" : "PMTSNE",			"operatorClass" : "ReplaceIfFalseReceiverWithFalseOperator",			"mutationStart" : 39,			"method" : "updateProgressWithError",			"mutationEnd" : 98		},		{			"operatorDescription" : "Replace #ifFalse: receiver with true",			"class" : "PMTSNE",			"operatorClass" : "ReplaceIfFalseReceiverWithTrueOperator",			"mutationStart" : 39,			"method" : "updateProgressWithError",			"mutationEnd" : 98		},		{			"operatorDescription" : "Replace #ifFalse: with #ifTrue:",			"class" : "PMTSNE",			"operatorClass" : "ReplaceIfFalseWithIfTrueMutantOperator",			"mutationStart" : 39,			"method" : "updateProgressWithError",			"mutationEnd" : 98		},		{			"operatorDescription" : "Replace #* with #/",			"class" : "PMTSNE",			"operatorClass" : "ReplaceMultiplicationWithDivisionMutantOperator",			"mutationStart" : 1812,			"method" : "computePairwiseAffinities",			"mutationEnd" : 1829		},		{			"operatorDescription" : "Replace #+ with #-",			"class" : "PMTSNE",			"operatorClass" : "ReplacePlusWithMinusMutantOperator",			"mutationStart" : 1867,			"method" : "computePairwiseAffinities",			"mutationEnd" : 1890		},		{			"operatorDescription" : "Replace #+ with #-",			"class" : "PMTSNE",			"operatorClass" : "ReplacePlusWithMinusMutantOperator",			"mutationStart" : 2116,			"method" : "computePairwiseAffinities",			"mutationEnd" : 2139		},		{			"operatorDescription" : "Replace #- with #+",			"class" : "PMTSNE",			"operatorClass" : "ReplaceMinusWithPlusMutantOperator",			"mutationStart" : 565,			"method" : "computePairwiseAffinities",			"mutationEnd" : 569		},		{			"operatorDescription" : "Replace #/ with #*",			"class" : "PMTSNE",			"operatorClass" : "ReplaceDivisionWithMultiplicationMutantOperator",			"mutationStart" : 891,			"method" : "computePairwiseAffinities",			"mutationEnd" : 895		},		{			"operatorDescription" : "Replace #/ with #*",			"class" : "PMTSNE",			"operatorClass" : "ReplaceDivisionWithMultiplicationMutantOperator",			"mutationStart" : 1866,			"method" : "computePairwiseAffinities",			"mutationEnd" : 1895		},		{			"operatorDescription" : "Replace #/ with #*",			"class" : "PMTSNE",			"operatorClass" : "ReplaceDivisionWithMultiplicationMutantOperator",			"mutationStart" : 2115,			"method" : "computePairwiseAffinities",			"mutationEnd" : 2144		},		{			"operatorDescription" : "Replace #= with #'~='",			"class" : "PMTSNE",			"operatorClass" : "ReplaceEqualWithNotEqualOperator",			"mutationStart" : 742,			"method" : "computePairwiseAffinities",			"mutationEnd" : 753		},		{			"operatorDescription" : "Replace #= with #'~='",			"class" : "PMTSNE",			"operatorClass" : "ReplaceEqualWithNotEqualOperator",			"mutationStart" : 1715,			"method" : "computePairwiseAffinities",			"mutationEnd" : 1740		},		{			"operatorDescription" : "Replace #= with #'~='",			"class" : "PMTSNE",			"operatorClass" : "ReplaceEqualWithNotEqualOperator",			"mutationStart" : 1744,			"method" : "computePairwiseAffinities",			"mutationEnd" : 1777		},		{			"operatorDescription" : "Replace #= with #'~='",			"class" : "PMTSNE",			"operatorClass" : "ReplaceEqualWithNotEqualOperator",			"mutationStart" : 1964,			"method" : "computePairwiseAffinities",			"mutationEnd" : 1989		},		{			"operatorDescription" : "Replace #ifTrue: receiver with false",			"class" : "PMTSNE",			"operatorClass" : "ReplaceIfTrueReceiverWithFalseOperator",			"mutationStart" : 742,			"method" : "computePairwiseAffinities",			"mutationEnd" : 901		},		{			"operatorDescription" : "Replace #ifTrue: receiver with true",			"class" : "PMTSNE",			"operatorClass" : "ReplaceIfTrueReceiverWithTrueOperator",			"mutationStart" : 742,			"method" : "computePairwiseAffinities",			"mutationEnd" : 901		},		{			"operatorDescription" : "Replace #ifTrue: with #ifFalse:",			"class" : "PMTSNE",			"operatorClass" : "ReplaceIfTrueWithIfFalseMutantOperator",			"mutationStart" : 742,			"method" : "computePairwiseAffinities",			"mutationEnd" : 901		},		{			"operatorDescription" : "Replace #ifTrue:ifFalse: receiver with false",			"class" : "PMTSNE",			"operatorClass" : "ReplaceIfTrueIfFalseReceiverWithFalseOperator",			"mutationStart" : 1648,			"method" : "computePairwiseAffinities",			"mutationEnd" : 2160		},		{			"operatorDescription" : "Replace #ifTrue:ifFalse: receiver with false",			"class" : "PMTSNE",			"operatorClass" : "ReplaceIfTrueIfFalseReceiverWithFalseOperator",			"mutationStart" : 1714,			"method" : "computePairwiseAffinities",			"mutationEnd" : 1903		},		{			"operatorDescription" : "Replace #ifTrue:ifFalse: receiver with true",			"class" : "PMTSNE",			"operatorClass" : "ReplaceIfTrueIfFalseReceiverWithTrueOperator",			"mutationStart" : 1714,			"method" : "computePairwiseAffinities",			"mutationEnd" : 1903		},		{			"operatorDescription" : "Replace #ifTrue:ifFalse: receiver with true",			"class" : "PMTSNE",			"operatorClass" : "ReplaceIfTrueIfFalseReceiverWithTrueOperator",			"mutationStart" : 1963,			"method" : "computePairwiseAffinities",			"mutationEnd" : 2152		},		{			"operatorDescription" : "Replace #+ with #-",			"class" : "PMTSNE",			"operatorClass" : "ReplacePlusWithMinusMutantOperator",			"mutationStart" : 238,			"method" : "computeLowDimensionalStudentT",			"mutationEnd" : 248		},		{			"operatorDescription" : "Replace #+ with #-",			"class" : "PMTSNE",			"operatorClass" : "ReplacePlusWithMinusMutantOperator",			"mutationStart" : 314,			"method" : "computeLowDimensionalStudentT",			"mutationEnd" : 324		},		{			"operatorDescription" : "Remove ^",			"class" : "PMTSNE",			"operatorClass" : "RemoveCaretOperator",			"mutationStart" : 1093,			"method" : "step",			"mutationEnd" : 1098		},		{			"operatorDescription" : "Replace #+ with #-",			"class" : "PMTSNE",			"operatorClass" : "ReplacePlusWithMinusMutantOperator",			"mutationStart" : 572,			"method" : "step",			"mutationEnd" : 605		},		{			"operatorDescription" : "Replace #+ with #-",			"class" : "PMTSNE",			"operatorClass" : "ReplacePlusWithMinusMutantOperator",			"mutationStart" : 744,			"method" : "step",			"mutationEnd" : 749		},		{			"operatorDescription" : "Replace #- with #+",			"class" : "PMTSNE",			"operatorClass" : "ReplaceMinusWithPlusMutantOperator",			"mutationStart" : 676,			"method" : "step",			"mutationEnd" : 735		},		{			"operatorDescription" : "Replace #/ with #*",			"class" : "PMTSNE",			"operatorClass" : "ReplaceDivisionWithMultiplicationMutantOperator",			"mutationStart" : 1113,			"method" : "step",			"mutationEnd" : 1119		},		{			"operatorDescription" : "Replace #< with #>",			"class" : "PMTSNE",			"operatorClass" : "ReplaceLessWithGreaterMutantOperator",			"mutationStart" : 154,			"method" : "step",			"mutationEnd" : 168		},		{			"operatorDescription" : "Replace #= with #'~='",			"class" : "PMTSNE",			"operatorClass" : "ReplaceEqualWithNotEqualOperator",			"mutationStart" : 345,			"method" : "step",			"mutationEnd" : 407		},		{			"operatorDescription" : "Replace #= with #'~='",			"class" : "PMTSNE",			"operatorClass" : "ReplaceEqualWithNotEqualOperator",			"mutationStart" : 1063,			"method" : "step",			"mutationEnd" : 1078		},		{			"operatorDescription" : "Replace #> with #<",			"class" : "PMTSNE",			"operatorClass" : "ReplaceGreaterWithLessMutantOperator",			"mutationStart" : 345,			"method" : "step",			"mutationEnd" : 373		},		{			"operatorDescription" : "Replace #> with #<",			"class" : "PMTSNE",			"operatorClass" : "ReplaceGreaterWithLessMutantOperator",			"mutationStart" : 377,			"method" : "step",			"mutationEnd" : 407		},		{			"operatorDescription" : "Replace #ifFalse: receiver with false",			"class" : "PMTSNE",			"operatorClass" : "ReplaceIfFalseReceiverWithFalseOperator",			"mutationStart" : 1063,			"method" : "step",			"mutationEnd" : 1100		},		{			"operatorDescription" : "Replace #ifFalse: receiver with true",			"class" : "PMTSNE",			"operatorClass" : "ReplaceIfFalseReceiverWithTrueOperator",			"mutationStart" : 1063,			"method" : "step",			"mutationEnd" : 1100		},		{			"operatorDescription" : "Replace #ifFalse: with #ifTrue:",			"class" : "PMTSNE",			"operatorClass" : "ReplaceIfFalseWithIfTrueMutantOperator",			"mutationStart" : 1063,			"method" : "step",			"mutationEnd" : 1100		},		{			"operatorDescription" : "Replace #ifTrue:ifFalse: receiver with false",			"class" : "PMTSNE",			"operatorClass" : "ReplaceIfTrueIfFalseReceiverWithFalseOperator",			"mutationStart" : 154,			"method" : "step",			"mutationEnd" : 227		},		{			"operatorDescription" : "Replace #ifTrue:ifFalse: receiver with false",			"class" : "PMTSNE",			"operatorClass" : "ReplaceIfTrueIfFalseReceiverWithFalseOperator",			"mutationStart" : 345,			"method" : "step",			"mutationEnd" : 607		},		{			"operatorDescription" : "Replace #ifTrue:ifFalse: receiver with true",			"class" : "PMTSNE",			"operatorClass" : "ReplaceIfTrueIfFalseReceiverWithTrueOperator",			"mutationStart" : 154,			"method" : "step",			"mutationEnd" : 227		},		{			"operatorDescription" : "Replace #ifTrue:ifFalse: receiver with true",			"class" : "PMTSNE",			"operatorClass" : "ReplaceIfTrueIfFalseReceiverWithTrueOperator",			"mutationStart" : 345,			"method" : "step",			"mutationEnd" : 607		},		{			"operatorDescription" : "Replace #max: with #min:",			"class" : "PMTSNE",			"operatorClass" : "ReplaceMaxWithMinMutantOperator",			"mutationStart" : 473,			"method" : "step",			"mutationEnd" : 521		},		{			"operatorDescription" : "Replace #- with #+",			"class" : "PMTSNE",			"operatorClass" : "ReplaceMinusWithPlusMutantOperator",			"mutationStart" : 291,			"method" : "computeGradient",			"mutationEnd" : 295		},		{			"operatorDescription" : "Replace #- with #+",			"class" : "PMTSNE",			"operatorClass" : "ReplaceMinusWithPlusMutantOperator",			"mutationStart" : 589,			"method" : "computeGradient",			"mutationEnd" : 606		},		{			"operatorDescription" : "Replace #/ with #*",			"class" : "PMTSNE",			"operatorClass" : "ReplaceDivisionWithMultiplicationMutantOperator",			"mutationStart" : 237,			"method" : "computeGradient",			"mutationEnd" : 254		},		{			"operatorDescription" : "Replace #max: with #min:",			"class" : "PMTSNE",			"operatorClass" : "ReplaceMaxWithMinMutantOperator",			"mutationStart" : 168,			"method" : "computeGradient",			"mutationEnd" : 199		},		{			"operatorDescription" : "Remove ^",			"class" : "PMTSNE class",			"operatorClass" : "RemoveCaretOperator",			"mutationStart" : 724,			"method" : "linkedRingsDataGeneratorOf:",			"mutationEnd" : 745		},		{			"operatorDescription" : "Replace #* with #/",			"class" : "PMTSNE class",			"operatorClass" : "ReplaceMultiplicationWithDivisionMutantOperator",			"mutationStart" : 354,			"method" : "linkedRingsDataGeneratorOf:",			"mutationEnd" : 368		},		{			"operatorDescription" : "Replace #* with #/",			"class" : "PMTSNE class",			"operatorClass" : "ReplaceMultiplicationWithDivisionMutantOperator",			"mutationStart" : 372,			"method" : "linkedRingsDataGeneratorOf:",			"mutationEnd" : 386		},		{			"operatorDescription" : "Replace #* with #/",			"class" : "PMTSNE class",			"operatorClass" : "ReplaceMultiplicationWithDivisionMutantOperator",			"mutationStart" : 412,			"method" : "linkedRingsDataGeneratorOf:",			"mutationEnd" : 426		},		{			"operatorDescription" : "Replace #* with #/",			"class" : "PMTSNE class",			"operatorClass" : "ReplaceMultiplicationWithDivisionMutantOperator",			"mutationStart" : 430,			"method" : "linkedRingsDataGeneratorOf:",			"mutationEnd" : 444		},		{			"operatorDescription" : "Replace #* with #/",			"class" : "PMTSNE class",			"operatorClass" : "ReplaceMultiplicationWithDivisionMutantOperator",			"mutationStart" : 543,			"method" : "linkedRingsDataGeneratorOf:",			"mutationEnd" : 564		},		{			"operatorDescription" : "Replace #* with #/",			"class" : "PMTSNE class",			"operatorClass" : "ReplaceMultiplicationWithDivisionMutantOperator",			"mutationStart" : 543,			"method" : "linkedRingsDataGeneratorOf:",			"mutationEnd" : 554		},		{			"operatorDescription" : "Replace #+ with #-",			"class" : "PMTSNE class",			"operatorClass" : "ReplacePlusWithMinusMutantOperator",			"mutationStart" : 354,			"method" : "linkedRingsDataGeneratorOf:",			"mutationEnd" : 386		},		{			"operatorDescription" : "Replace #+ with #-",			"class" : "PMTSNE class",			"operatorClass" : "ReplacePlusWithMinusMutantOperator",			"mutationStart" : 672,			"method" : "linkedRingsDataGeneratorOf:",			"mutationEnd" : 686		},		{			"operatorDescription" : "Replace #- with #+",			"class" : "PMTSNE class",			"operatorClass" : "ReplaceMinusWithPlusMutantOperator",			"mutationStart" : 412,			"method" : "linkedRingsDataGeneratorOf:",			"mutationEnd" : 444		},		{			"operatorDescription" : "Replace #- with #+",			"class" : "PMTSNE class",			"operatorClass" : "ReplaceMinusWithPlusMutantOperator",			"mutationStart" : 558,			"method" : "linkedRingsDataGeneratorOf:",			"mutationEnd" : 564		},		{			"operatorDescription" : "Replace #/ with #*",			"class" : "PMTSNE class",			"operatorClass" : "ReplaceDivisionWithMultiplicationMutantOperator",			"mutationStart" : 543,			"method" : "linkedRingsDataGeneratorOf:",			"mutationEnd" : 571		},		{			"operatorDescription" : "Remove ^",			"class" : "PMTSNE class",			"operatorClass" : "RemoveCaretOperator",			"mutationStart" : 64,			"method" : "example1",			"mutationEnd" : 137		},		{			"operatorDescription" : "Replace #* with #/",			"class" : "PMTSNE class",			"operatorClass" : "ReplaceMultiplicationWithDivisionMutantOperator",			"mutationStart" : 1067,			"method" : "exampleGridWithVizualization",			"mutationEnd" : 1099		},		{			"operatorDescription" : "Replace do block with [:each |]",			"class" : "PMTSNE class",			"operatorClass" : "ReplaceDoBlockWithEmptyBlockOperator",			"mutationStart" : 975,			"method" : "exampleGridWithVizualization",			"mutationEnd" : 1101		},		{			"operatorDescription" : "Replace #* with #/",			"class" : "PMTSNE class",			"operatorClass" : "ReplaceMultiplicationWithDivisionMutantOperator",			"mutationStart" : 849,			"method" : "exampleLinkedRingWithVizualization",			"mutationEnd" : 881		},		{			"operatorDescription" : "Replace #+ with #-",			"class" : "PMTSNE class",			"operatorClass" : "ReplacePlusWithMinusMutantOperator",			"mutationStart" : 540,			"method" : "exampleLinkedRingWithVizualization",			"mutationEnd" : 550		},		{			"operatorDescription" : "Replace #= with #'~='",			"class" : "PMTSNE class",			"operatorClass" : "ReplaceEqualWithNotEqualOperator",			"mutationStart" : 557,			"method" : "exampleLinkedRingWithVizualization",			"mutationEnd" : 571		},		{			"operatorDescription" : "Replace #ifTrue:ifFalse: receiver with false",			"class" : "PMTSNE class",			"operatorClass" : "ReplaceIfTrueIfFalseReceiverWithFalseOperator",			"mutationStart" : 557,			"method" : "exampleLinkedRingWithVizualization",			"mutationEnd" : 621		},		{			"operatorDescription" : "Replace #ifTrue:ifFalse: receiver with true",			"class" : "PMTSNE class",			"operatorClass" : "ReplaceIfTrueIfFalseReceiverWithTrueOperator",			"mutationStart" : 557,			"method" : "exampleLinkedRingWithVizualization",			"mutationEnd" : 621		},		{			"operatorDescription" : "Replace do block with [:each |]",			"class" : "PMTSNE class",			"operatorClass" : "ReplaceDoBlockWithEmptyBlockOperator",			"mutationStart" : 757,			"method" : "exampleLinkedRingWithVizualization",			"mutationEnd" : 883		}	],	"mutationScoreAfter" : 54,	"mutationScoreBefore" : 47,	"testAmpLoc" : 417,	"amplifiedMethods" : [		"PMTSNETest293>>#testInitialDimsSetByDefaultWithFifty_amp_R1_T0",		"PMTSNETest293>>#testComputePValues_amp_T12",		"PMTSNETest293>>#testComputePValues_amp"	],	"testLoc" : "56",	"amplifiedClass" : "PMTSNETest293",	"numberOfAllMutationsInOriginal" : 163,	"targetLoc" : 557,	"newCovered" : [		{			"operatorDescription" : "Remove ^",			"class" : "PMTSNE",			"operatorClass" : "RemoveCaretOperator",			"mutationStart" : 10,			"method" : "maxIter",			"mutationEnd" : 18		},		{			"operatorDescription" : "Remove ^",			"class" : "PMTSNE",			"operatorClass" : "RemoveCaretOperator",			"mutationStart" : 13,			"method" : "outputDims",			"mutationEnd" : 24		},		{			"operatorDescription" : "Remove ^",			"class" : "PMTSNE",			"operatorClass" : "RemoveCaretOperator",			"mutationStart" : 22,			"method" : "updateProgressEvery",			"mutationEnd" : 42		},		{			"operatorDescription" : "Remove ^",			"class" : "PMTSNE",			"operatorClass" : "RemoveCaretOperator",			"mutationStart" : 10,			"method" : "minGain",			"mutationEnd" : 18		},		{			"operatorDescription" : "Remove ^",			"class" : "PMTSNE",			"operatorClass" : "RemoveCaretOperator",			"mutationStart" : 4,			"method" : "y",			"mutationEnd" : 6		},		{			"operatorDescription" : "Remove ^",			"class" : "PMTSNE",			"operatorClass" : "RemoveCaretOperator",			"mutationStart" : 14,			"method" : "updateError",			"mutationEnd" : 26		},		{			"operatorDescription" : "Remove ^",			"class" : "PMTSNE",			"operatorClass" : "RemoveCaretOperator",			"mutationStart" : 16,			"method" : "finalMomentum",			"mutationEnd" : 30		},		{			"operatorDescription" : "Remove ^",			"class" : "PMTSNE",			"operatorClass" : "RemoveCaretOperator",			"mutationStart" : 13,			"method" : "iterations",			"mutationEnd" : 24		},		{			"operatorDescription" : "Replace #/ with #*",			"class" : "PMTSNE",			"operatorClass" : "ReplaceDivisionWithMultiplicationMutantOperator",			"mutationStart" : 365,			"method" : "computeLowDimensionalStudentT",			"mutationEnd" : 373		},		{			"operatorDescription" : "Remove ^",			"class" : "PMTSNE",			"operatorClass" : "RemoveCaretOperator",			"mutationStart" : 18,			"method" : "initialMomentum",			"mutationEnd" : 34		},		{			"operatorDescription" : "Replace #+ with #-",			"class" : "PMTSNE",			"operatorClass" : "ReplacePlusWithMinusMutantOperator",			"mutationStart" : 1000,			"method" : "step",			"mutationEnd" : 1013		},		{			"operatorDescription" : "Remove ^",			"class" : "PMTSNE",			"operatorClass" : "RemoveCaretOperator",			"mutationStart" : 15,			"method" : "learningRate",			"mutationEnd" : 28		}	],	"timeBudgetFinished" : false,	"notCoveredInOriginal" : [		{			"operatorDescription" : "Remove ^",			"class" : "PMTSNE",			"operatorClass" : "RemoveCaretOperator",			"mutationStart" : 274,			"method" : "computeLowDimensionalAffinities",			"mutationEnd" : 276		},		{			"operatorDescription" : "Replace #/ with #*",			"class" : "PMTSNE",			"operatorClass" : "ReplaceDivisionWithMultiplicationMutantOperator",			"mutationStart" : 227,			"method" : "computeLowDimensionalAffinities",			"mutationEnd" : 244		},		{			"operatorDescription" : "Replace #max: with #min:",			"class" : "PMTSNE",			"operatorClass" : "ReplaceMaxWithMinMutantOperator",			"mutationStart" : 158,			"method" : "computeLowDimensionalAffinities",			"mutationEnd" : 189		},		{			"operatorDescription" : "Replace #max: with #min:",			"class" : "PMTSNE",			"operatorClass" : "ReplaceMaxWithMinMutantOperator",			"mutationStart" : 227,			"method" : "computeLowDimensionalAffinities",			"mutationEnd" : 265		},		{			"operatorDescription" : "Remove ^",			"class" : "PMTSNE",			"operatorClass" : "RemoveCaretOperator",			"mutationStart" : 10,			"method" : "maxIter",			"mutationEnd" : 18		},		{			"operatorDescription" : "Remove ^",			"class" : "PMTSNE",			"operatorClass" : "RemoveCaretOperator",			"mutationStart" : 13,			"method" : "outputDims",			"mutationEnd" : 24		},		{			"operatorDescription" : "Remove ^",			"class" : "PMTSNE",			"operatorClass" : "RemoveCaretOperator",			"mutationStart" : 22,			"method" : "updateProgressEvery",			"mutationEnd" : 42		},		{			"operatorDescription" : "Remove ^",			"class" : "PMTSNE",			"operatorClass" : "RemoveCaretOperator",			"mutationStart" : 91,			"method" : "updateProgressWithError",			"mutationEnd" : 96		},		{			"operatorDescription" : "Replace #/ with #*",			"class" : "PMTSNE",			"operatorClass" : "ReplaceDivisionWithMultiplicationMutantOperator",			"mutationStart" : 462,			"method" : "updateProgressWithError",			"mutationEnd" : 514		},		{			"operatorDescription" : "Replace #/ with #*",			"class" : "PMTSNE",			"operatorClass" : "ReplaceDivisionWithMultiplicationMutantOperator",			"mutationStart" : 716,			"method" : "updateProgressWithError",			"mutationEnd" : 735		},		{			"operatorDescription" : "Replace #= with #'~='",			"class" : "PMTSNE",			"operatorClass" : "ReplaceEqualWithNotEqualOperator",			"mutationStart" : 39,			"method" : "updateProgressWithError",			"mutationEnd" : 76		},		{			"operatorDescription" : "Replace #ifFalse: receiver with false",			"class" : "PMTSNE",			"operatorClass" : "ReplaceIfFalseReceiverWithFalseOperator",			"mutationStart" : 39,			"method" : "updateProgressWithError",			"mutationEnd" : 98		},		{			"operatorDescription" : "Replace #ifFalse: receiver with true",			"class" : "PMTSNE",			"operatorClass" : "ReplaceIfFalseReceiverWithTrueOperator",			"mutationStart" : 39,			"method" : "updateProgressWithError",			"mutationEnd" : 98		},		{			"operatorDescription" : "Replace #ifFalse: with #ifTrue:",			"class" : "PMTSNE",			"operatorClass" : "ReplaceIfFalseWithIfTrueMutantOperator",			"mutationStart" : 39,			"method" : "updateProgressWithError",			"mutationEnd" : 98		},		{			"operatorDescription" : "Replace #* with #/",			"class" : "PMTSNE",			"operatorClass" : "ReplaceMultiplicationWithDivisionMutantOperator",			"mutationStart" : 1812,			"method" : "computePairwiseAffinities",			"mutationEnd" : 1829		},		{			"operatorDescription" : "Replace #+ with #-",			"class" : "PMTSNE",			"operatorClass" : "ReplacePlusWithMinusMutantOperator",			"mutationStart" : 1867,			"method" : "computePairwiseAffinities",			"mutationEnd" : 1890		},		{			"operatorDescription" : "Replace #+ with #-",			"class" : "PMTSNE",			"operatorClass" : "ReplacePlusWithMinusMutantOperator",			"mutationStart" : 2116,			"method" : "computePairwiseAffinities",			"mutationEnd" : 2139		},		{			"operatorDescription" : "Replace #- with #+",			"class" : "PMTSNE",			"operatorClass" : "ReplaceMinusWithPlusMutantOperator",			"mutationStart" : 565,			"method" : "computePairwiseAffinities",			"mutationEnd" : 569		},		{			"operatorDescription" : "Replace #/ with #*",			"class" : "PMTSNE",			"operatorClass" : "ReplaceDivisionWithMultiplicationMutantOperator",			"mutationStart" : 891,			"method" : "computePairwiseAffinities",			"mutationEnd" : 895		},		{			"operatorDescription" : "Replace #/ with #*",			"class" : "PMTSNE",			"operatorClass" : "ReplaceDivisionWithMultiplicationMutantOperator",			"mutationStart" : 1866,			"method" : "computePairwiseAffinities",			"mutationEnd" : 1895		},		{			"operatorDescription" : "Replace #/ with #*",			"class" : "PMTSNE",			"operatorClass" : "ReplaceDivisionWithMultiplicationMutantOperator",			"mutationStart" : 2115,			"method" : "computePairwiseAffinities",			"mutationEnd" : 2144		},		{			"operatorDescription" : "Replace #= with #'~='",			"class" : "PMTSNE",			"operatorClass" : "ReplaceEqualWithNotEqualOperator",			"mutationStart" : 742,			"method" : "computePairwiseAffinities",			"mutationEnd" : 753		},		{			"operatorDescription" : "Replace #= with #'~='",			"class" : "PMTSNE",			"operatorClass" : "ReplaceEqualWithNotEqualOperator",			"mutationStart" : 1715,			"method" : "computePairwiseAffinities",			"mutationEnd" : 1740		},		{			"operatorDescription" : "Replace #= with #'~='",			"class" : "PMTSNE",			"operatorClass" : "ReplaceEqualWithNotEqualOperator",			"mutationStart" : 1744,			"method" : "computePairwiseAffinities",			"mutationEnd" : 1777		},		{			"operatorDescription" : "Replace #= with #'~='",			"class" : "PMTSNE",			"operatorClass" : "ReplaceEqualWithNotEqualOperator",			"mutationStart" : 1964,			"method" : "computePairwiseAffinities",			"mutationEnd" : 1989		},		{			"operatorDescription" : "Replace #ifTrue: receiver with false",			"class" : "PMTSNE",			"operatorClass" : "ReplaceIfTrueReceiverWithFalseOperator",			"mutationStart" : 742,			"method" : "computePairwiseAffinities",			"mutationEnd" : 901		},		{			"operatorDescription" : "Replace #ifTrue: receiver with true",			"class" : "PMTSNE",			"operatorClass" : "ReplaceIfTrueReceiverWithTrueOperator",			"mutationStart" : 742,			"method" : "computePairwiseAffinities",			"mutationEnd" : 901		},		{			"operatorDescription" : "Replace #ifTrue: with #ifFalse:",			"class" : "PMTSNE",			"operatorClass" : "ReplaceIfTrueWithIfFalseMutantOperator",			"mutationStart" : 742,			"method" : "computePairwiseAffinities",			"mutationEnd" : 901		},		{			"operatorDescription" : "Replace #ifTrue:ifFalse: receiver with false",			"class" : "PMTSNE",			"operatorClass" : "ReplaceIfTrueIfFalseReceiverWithFalseOperator",			"mutationStart" : 1648,			"method" : "computePairwiseAffinities",			"mutationEnd" : 2160		},		{			"operatorDescription" : "Replace #ifTrue:ifFalse: receiver with false",			"class" : "PMTSNE",			"operatorClass" : "ReplaceIfTrueIfFalseReceiverWithFalseOperator",			"mutationStart" : 1714,			"method" : "computePairwiseAffinities",			"mutationEnd" : 1903		},		{			"operatorDescription" : "Replace #ifTrue:ifFalse: receiver with true",			"class" : "PMTSNE",			"operatorClass" : "ReplaceIfTrueIfFalseReceiverWithTrueOperator",			"mutationStart" : 1714,			"method" : "computePairwiseAffinities",			"mutationEnd" : 1903		},		{			"operatorDescription" : "Replace #ifTrue:ifFalse: receiver with true",			"class" : "PMTSNE",			"operatorClass" : "ReplaceIfTrueIfFalseReceiverWithTrueOperator",			"mutationStart" : 1963,			"method" : "computePairwiseAffinities",			"mutationEnd" : 2152		},		{			"operatorDescription" : "Remove ^",			"class" : "PMTSNE",			"operatorClass" : "RemoveCaretOperator",			"mutationStart" : 10,			"method" : "minGain",			"mutationEnd" : 18		},		{			"operatorDescription" : "Remove ^",			"class" : "PMTSNE",			"operatorClass" : "RemoveCaretOperator",			"mutationStart" : 4,			"method" : "y",			"mutationEnd" : 6		},		{			"operatorDescription" : "Remove ^",			"class" : "PMTSNE",			"operatorClass" : "RemoveCaretOperator",			"mutationStart" : 14,			"method" : "updateError",			"mutationEnd" : 26		},		{			"operatorDescription" : "Remove ^",			"class" : "PMTSNE",			"operatorClass" : "RemoveCaretOperator",			"mutationStart" : 16,			"method" : "finalMomentum",			"mutationEnd" : 30		},		{			"operatorDescription" : "Remove ^",			"class" : "PMTSNE",			"operatorClass" : "RemoveCaretOperator",			"mutationStart" : 13,			"method" : "iterations",			"mutationEnd" : 24		},		{			"operatorDescription" : "Replace #+ with #-",			"class" : "PMTSNE",			"operatorClass" : "ReplacePlusWithMinusMutantOperator",			"mutationStart" : 238,			"method" : "computeLowDimensionalStudentT",			"mutationEnd" : 248		},		{			"operatorDescription" : "Replace #+ with #-",			"class" : "PMTSNE",			"operatorClass" : "ReplacePlusWithMinusMutantOperator",			"mutationStart" : 314,			"method" : "computeLowDimensionalStudentT",			"mutationEnd" : 324		},		{			"operatorDescription" : "Replace #/ with #*",			"class" : "PMTSNE",			"operatorClass" : "ReplaceDivisionWithMultiplicationMutantOperator",			"mutationStart" : 365,			"method" : "computeLowDimensionalStudentT",			"mutationEnd" : 373		},		{			"operatorDescription" : "Remove ^",			"class" : "PMTSNE",			"operatorClass" : "RemoveCaretOperator",			"mutationStart" : 18,			"method" : "initialMomentum",			"mutationEnd" : 34		},		{			"operatorDescription" : "Remove ^",			"class" : "PMTSNE",			"operatorClass" : "RemoveCaretOperator",			"mutationStart" : 1093,			"method" : "step",			"mutationEnd" : 1098		},		{			"operatorDescription" : "Replace #+ with #-",			"class" : "PMTSNE",			"operatorClass" : "ReplacePlusWithMinusMutantOperator",			"mutationStart" : 572,			"method" : "step",			"mutationEnd" : 605		},		{			"operatorDescription" : "Replace #+ with #-",			"class" : "PMTSNE",			"operatorClass" : "ReplacePlusWithMinusMutantOperator",			"mutationStart" : 744,			"method" : "step",			"mutationEnd" : 749		},		{			"operatorDescription" : "Replace #+ with #-",			"class" : "PMTSNE",			"operatorClass" : "ReplacePlusWithMinusMutantOperator",			"mutationStart" : 1000,			"method" : "step",			"mutationEnd" : 1013		},		{			"operatorDescription" : "Replace #- with #+",			"class" : "PMTSNE",			"operatorClass" : "ReplaceMinusWithPlusMutantOperator",			"mutationStart" : 676,			"method" : "step",			"mutationEnd" : 735		},		{			"operatorDescription" : "Replace #/ with #*",			"class" : "PMTSNE",			"operatorClass" : "ReplaceDivisionWithMultiplicationMutantOperator",			"mutationStart" : 1113,			"method" : "step",			"mutationEnd" : 1119		},		{			"operatorDescription" : "Replace #< with #>",			"class" : "PMTSNE",			"operatorClass" : "ReplaceLessWithGreaterMutantOperator",			"mutationStart" : 154,			"method" : "step",			"mutationEnd" : 168		},		{			"operatorDescription" : "Replace #= with #'~='",			"class" : "PMTSNE",			"operatorClass" : "ReplaceEqualWithNotEqualOperator",			"mutationStart" : 345,			"method" : "step",			"mutationEnd" : 407		},		{			"operatorDescription" : "Replace #= with #'~='",			"class" : "PMTSNE",			"operatorClass" : "ReplaceEqualWithNotEqualOperator",			"mutationStart" : 1063,			"method" : "step",			"mutationEnd" : 1078		},		{			"operatorDescription" : "Replace #> with #<",			"class" : "PMTSNE",			"operatorClass" : "ReplaceGreaterWithLessMutantOperator",			"mutationStart" : 345,			"method" : "step",			"mutationEnd" : 373		},		{			"operatorDescription" : "Replace #> with #<",			"class" : "PMTSNE",			"operatorClass" : "ReplaceGreaterWithLessMutantOperator",			"mutationStart" : 377,			"method" : "step",			"mutationEnd" : 407		},		{			"operatorDescription" : "Replace #ifFalse: receiver with false",			"class" : "PMTSNE",			"operatorClass" : "ReplaceIfFalseReceiverWithFalseOperator",			"mutationStart" : 1063,			"method" : "step",			"mutationEnd" : 1100		},		{			"operatorDescription" : "Replace #ifFalse: receiver with true",			"class" : "PMTSNE",			"operatorClass" : "ReplaceIfFalseReceiverWithTrueOperator",			"mutationStart" : 1063,			"method" : "step",			"mutationEnd" : 1100		},		{			"operatorDescription" : "Replace #ifFalse: with #ifTrue:",			"class" : "PMTSNE",			"operatorClass" : "ReplaceIfFalseWithIfTrueMutantOperator",			"mutationStart" : 1063,			"method" : "step",			"mutationEnd" : 1100		},		{			"operatorDescription" : "Replace #ifTrue:ifFalse: receiver with false",			"class" : "PMTSNE",			"operatorClass" : "ReplaceIfTrueIfFalseReceiverWithFalseOperator",			"mutationStart" : 154,			"method" : "step",			"mutationEnd" : 227		},		{			"operatorDescription" : "Replace #ifTrue:ifFalse: receiver with false",			"class" : "PMTSNE",			"operatorClass" : "ReplaceIfTrueIfFalseReceiverWithFalseOperator",			"mutationStart" : 345,			"method" : "step",			"mutationEnd" : 607		},		{			"operatorDescription" : "Replace #ifTrue:ifFalse: receiver with true",			"class" : "PMTSNE",			"operatorClass" : "ReplaceIfTrueIfFalseReceiverWithTrueOperator",			"mutationStart" : 154,			"method" : "step",			"mutationEnd" : 227		},		{			"operatorDescription" : "Replace #ifTrue:ifFalse: receiver with true",			"class" : "PMTSNE",			"operatorClass" : "ReplaceIfTrueIfFalseReceiverWithTrueOperator",			"mutationStart" : 345,			"method" : "step",			"mutationEnd" : 607		},		{			"operatorDescription" : "Replace #max: with #min:",			"class" : "PMTSNE",			"operatorClass" : "ReplaceMaxWithMinMutantOperator",			"mutationStart" : 473,			"method" : "step",			"mutationEnd" : 521		},		{			"operatorDescription" : "Replace #- with #+",			"class" : "PMTSNE",			"operatorClass" : "ReplaceMinusWithPlusMutantOperator",			"mutationStart" : 291,			"method" : "computeGradient",			"mutationEnd" : 295		},		{			"operatorDescription" : "Replace #- with #+",			"class" : "PMTSNE",			"operatorClass" : "ReplaceMinusWithPlusMutantOperator",			"mutationStart" : 589,			"method" : "computeGradient",			"mutationEnd" : 606		},		{			"operatorDescription" : "Replace #/ with #*",			"class" : "PMTSNE",			"operatorClass" : "ReplaceDivisionWithMultiplicationMutantOperator",			"mutationStart" : 237,			"method" : "computeGradient",			"mutationEnd" : 254		},		{			"operatorDescription" : "Replace #max: with #min:",			"class" : "PMTSNE",			"operatorClass" : "ReplaceMaxWithMinMutantOperator",			"mutationStart" : 168,			"method" : "computeGradient",			"mutationEnd" : 199		},		{			"operatorDescription" : "Remove ^",			"class" : "PMTSNE",			"operatorClass" : "RemoveCaretOperator",			"mutationStart" : 15,			"method" : "learningRate",			"mutationEnd" : 28		},		{			"operatorDescription" : "Remove ^",			"class" : "PMTSNE class",			"operatorClass" : "RemoveCaretOperator",			"mutationStart" : 724,			"method" : "linkedRingsDataGeneratorOf:",			"mutationEnd" : 745		},		{			"operatorDescription" : "Replace #* with #/",			"class" : "PMTSNE class",			"operatorClass" : "ReplaceMultiplicationWithDivisionMutantOperator",			"mutationStart" : 354,			"method" : "linkedRingsDataGeneratorOf:",			"mutationEnd" : 368		},		{			"operatorDescription" : "Replace #* with #/",			"class" : "PMTSNE class",			"operatorClass" : "ReplaceMultiplicationWithDivisionMutantOperator",			"mutationStart" : 372,			"method" : "linkedRingsDataGeneratorOf:",			"mutationEnd" : 386		},		{			"operatorDescription" : "Replace #* with #/",			"class" : "PMTSNE class",			"operatorClass" : "ReplaceMultiplicationWithDivisionMutantOperator",			"mutationStart" : 412,			"method" : "linkedRingsDataGeneratorOf:",			"mutationEnd" : 426		},		{			"operatorDescription" : "Replace #* with #/",			"class" : "PMTSNE class",			"operatorClass" : "ReplaceMultiplicationWithDivisionMutantOperator",			"mutationStart" : 430,			"method" : "linkedRingsDataGeneratorOf:",			"mutationEnd" : 444		},		{			"operatorDescription" : "Replace #* with #/",			"class" : "PMTSNE class",			"operatorClass" : "ReplaceMultiplicationWithDivisionMutantOperator",			"mutationStart" : 543,			"method" : "linkedRingsDataGeneratorOf:",			"mutationEnd" : 564		},		{			"operatorDescription" : "Replace #* with #/",			"class" : "PMTSNE class",			"operatorClass" : "ReplaceMultiplicationWithDivisionMutantOperator",			"mutationStart" : 543,			"method" : "linkedRingsDataGeneratorOf:",			"mutationEnd" : 554		},		{			"operatorDescription" : "Replace #+ with #-",			"class" : "PMTSNE class",			"operatorClass" : "ReplacePlusWithMinusMutantOperator",			"mutationStart" : 354,			"method" : "linkedRingsDataGeneratorOf:",			"mutationEnd" : 386		},		{			"operatorDescription" : "Replace #+ with #-",			"class" : "PMTSNE class",			"operatorClass" : "ReplacePlusWithMinusMutantOperator",			"mutationStart" : 672,			"method" : "linkedRingsDataGeneratorOf:",			"mutationEnd" : 686		},		{			"operatorDescription" : "Replace #- with #+",			"class" : "PMTSNE class",			"operatorClass" : "ReplaceMinusWithPlusMutantOperator",			"mutationStart" : 412,			"method" : "linkedRingsDataGeneratorOf:",			"mutationEnd" : 444		},		{			"operatorDescription" : "Replace #- with #+",			"class" : "PMTSNE class",			"operatorClass" : "ReplaceMinusWithPlusMutantOperator",			"mutationStart" : 558,			"method" : "linkedRingsDataGeneratorOf:",			"mutationEnd" : 564		},		{			"operatorDescription" : "Replace #/ with #*",			"class" : "PMTSNE class",			"operatorClass" : "ReplaceDivisionWithMultiplicationMutantOperator",			"mutationStart" : 543,			"method" : "linkedRingsDataGeneratorOf:",			"mutationEnd" : 571		},		{			"operatorDescription" : "Remove ^",			"class" : "PMTSNE class",			"operatorClass" : "RemoveCaretOperator",			"mutationStart" : 64,			"method" : "example1",			"mutationEnd" : 137		},		{			"operatorDescription" : "Replace #* with #/",			"class" : "PMTSNE class",			"operatorClass" : "ReplaceMultiplicationWithDivisionMutantOperator",			"mutationStart" : 1067,			"method" : "exampleGridWithVizualization",			"mutationEnd" : 1099		},		{			"operatorDescription" : "Replace do block with [:each |]",			"class" : "PMTSNE class",			"operatorClass" : "ReplaceDoBlockWithEmptyBlockOperator",			"mutationStart" : 975,			"method" : "exampleGridWithVizualization",			"mutationEnd" : 1101		},		{			"operatorDescription" : "Replace #* with #/",			"class" : "PMTSNE class",			"operatorClass" : "ReplaceMultiplicationWithDivisionMutantOperator",			"mutationStart" : 849,			"method" : "exampleLinkedRingWithVizualization",			"mutationEnd" : 881		},		{			"operatorDescription" : "Replace #+ with #-",			"class" : "PMTSNE class",			"operatorClass" : "ReplacePlusWithMinusMutantOperator",			"mutationStart" : 540,			"method" : "exampleLinkedRingWithVizualization",			"mutationEnd" : 550		},		{			"operatorDescription" : "Replace #= with #'~='",			"class" : "PMTSNE class",			"operatorClass" : "ReplaceEqualWithNotEqualOperator",			"mutationStart" : 557,			"method" : "exampleLinkedRingWithVizualization",			"mutationEnd" : 571		},		{			"operatorDescription" : "Replace #ifTrue:ifFalse: receiver with false",			"class" : "PMTSNE class",			"operatorClass" : "ReplaceIfTrueIfFalseReceiverWithFalseOperator",			"mutationStart" : 557,			"method" : "exampleLinkedRingWithVizualization",			"mutationEnd" : 621		},		{			"operatorDescription" : "Replace #ifTrue:ifFalse: receiver with true",			"class" : "PMTSNE class",			"operatorClass" : "ReplaceIfTrueIfFalseReceiverWithTrueOperator",			"mutationStart" : 557,			"method" : "exampleLinkedRingWithVizualization",			"mutationEnd" : 621		},		{			"operatorDescription" : "Replace do block with [:each |]",			"class" : "PMTSNE class",			"operatorClass" : "ReplaceDoBlockWithEmptyBlockOperator",			"mutationStart" : 757,			"method" : "exampleLinkedRingWithVizualization",			"mutationEnd" : 883		}	],	"testCase" : "PMTSNETest",	"unixtime" : 1605009349,	"timeTotal" : 8860}