{	"targetClasses" : [		"PMVector"	],	"testMethodsIgnored" : [ ],	"methodsNotProfiled" : [		"PMVector>>#accumulateNegated:",		"PMVector>>#adaptToComplex:andSend:",		"PMVector>>#adaptToQuaternion:andSend:",		"PMVector>>#productWithMatrix:",		"PMVector>>#scaleBy:",		"PMVector>>#accumulate:",		"PMVector class>>#new:random:",		"PMVector class>>#randomSize:maxNumber:"	],	"numberOfOriginalTestMethods" : 29,	"timeDetail" : [		"init: % 1.83 (13 seconds 67 milliseconds)",		"assertionAmplification: % 32.98 (3 minutes 55 seconds 640 milliseconds)",		"selection: % 15.42 (1 minute 50 seconds 149 milliseconds)",		"inputAmplification: % 48.17 (5 minutes 44 seconds 106 milliseconds)",		"finalize: % 1.60 (11 seconds 461 milliseconds)"	],	"notCoveredInAmplified" : [		{			"operatorDescription" : "Remove ^",			"class" : "PMVector",			"operatorClass" : "RemoveCaretOperator",			"mutationStart" : 224,			"method" : "checkDimensionalCompatibility:",			"mutationEnd" : 228		},		{			"operatorDescription" : "Replace #* with #/",			"class" : "PMVector",			"operatorClass" : "ReplaceMultiplicationWithDivisionMutantOperator",			"mutationStart" : 177,			"method" : "tensorProduct:",			"mutationEnd" : 203		},		{			"operatorDescription" : "Replace #ifTrue:ifFalse: receiver with false",			"class" : "PMVector",			"operatorClass" : "ReplaceIfTrueIfFalseReceiverWithFalseOperator",			"mutationStart" : 86,			"method" : "tensorProduct:",			"mutationEnd" : 290		},		{			"operatorDescription" : "Replace #- with #+",			"class" : "PMVector",			"operatorClass" : "ReplaceMinusWithPlusMutantOperator",			"mutationStart" : 165,			"method" : "accumulateNegated:",			"mutationEnd" : 205		},		{			"operatorDescription" : "Replace #ifTrue:ifFalse: receiver with false",			"class" : "PMVector",			"operatorClass" : "ReplaceIfTrueIfFalseReceiverWithFalseOperator",			"mutationStart" : 168,			"method" : "householder",			"mutationEnd" : 408		},		{			"operatorDescription" : "Remove ^",			"class" : "PMVector",			"operatorClass" : "RemoveCaretOperator",			"mutationStart" : 41,			"method" : "adaptToComplex:andSend:",			"mutationEnd" : 97		},		{			"operatorDescription" : "Remove ^",			"class" : "PMVector",			"operatorClass" : "RemoveCaretOperator",			"mutationStart" : 54,			"method" : "adaptToQuaternion:andSend:",			"mutationEnd" : 120		},		{			"operatorDescription" : "Replace #* with #/",			"class" : "PMVector",			"operatorClass" : "ReplaceMultiplicationWithDivisionMutantOperator",			"mutationStart" : 12,			"method" : "negated",			"mutationEnd" : 20		},		{			"operatorDescription" : "Remove ^",			"class" : "PMVector",			"operatorClass" : "RemoveCaretOperator",			"mutationStart" : 82,			"method" : "productWithMatrix:",			"mutationEnd" : 125		},		{			"operatorDescription" : "Replace #* with #/",			"class" : "PMVector",			"operatorClass" : "ReplaceMultiplicationWithDivisionMutantOperator",			"mutationStart" : 114,			"method" : "productWithMatrix:",			"mutationEnd" : 124		},		{			"operatorDescription" : "Replace #* with #/",			"class" : "PMVector",			"operatorClass" : "ReplaceMultiplicationWithDivisionMutantOperator",			"mutationStart" : 122,			"method" : "scaleBy:",			"mutationEnd" : 145		},		{			"operatorDescription" : "Replace #+ with #-",			"class" : "PMVector",			"operatorClass" : "ReplacePlusWithMinusMutantOperator",			"mutationStart" : 150,			"method" : "accumulate:",			"mutationEnd" : 190		},		{			"operatorDescription" : "Remove ^",			"class" : "PMVector class",			"operatorClass" : "RemoveCaretOperator",			"mutationStart" : 157,			"method" : "new:random:",			"mutationEnd" : 228		},		{			"operatorDescription" : "Remove ^",			"class" : "PMVector class",			"operatorClass" : "RemoveCaretOperator",			"mutationStart" : 200,			"method" : "randomSize:maxNumber:",			"mutationEnd" : 201		}	],	"mutationScoreAfter" : 84,	"mutationScoreBefore" : 60,	"testAmpLoc" : 170,	"amplifiedMethods" : [		"PMVectorTest1449>>#testGreaterThan_amp_A38",		"PMVectorTest1449>>#testVectorSqrt_amp_A38_D2_L0",		"PMVectorTest1449>>#testAddScalar_amp_A6_A50",		"PMVectorTest1449>>#testAsArray_amp_A24",		"PMVectorTest1449>>#testVectorGreater_amp_L1_A27_A8",		"PMVectorTest1449>>#testVectorLess_amp_A21_A68"	],	"testLoc" : "227",	"amplifiedClass" : "PMVectorTest1449",	"numberOfAllMutationsInOriginal" : 88,	"targetLoc" : 203,	"newCovered" : [		{			"operatorDescription" : "Remove ^",			"class" : "PMVector",			"operatorClass" : "RemoveCaretOperator",			"mutationStart" : 412,			"method" : "householder",			"mutationEnd" : 433		},		{			"operatorDescription" : "Replace #'<=' with #<",			"class" : "PMVector",			"operatorClass" : "ReplaceLessOrEqualWithLessMutantOperator",			"mutationStart" : 277,			"method" : "householder",			"mutationEnd" : 283		},		{			"operatorDescription" : "Replace #'<=' with #=",			"class" : "PMVector",			"operatorClass" : "ReplaceLessOrEqualWithEqualMutantOperator",			"mutationStart" : 277,			"method" : "householder",			"mutationEnd" : 283		},		{			"operatorDescription" : "Replace #'<=' with #>",			"class" : "PMVector",			"operatorClass" : "ReplaceLessOrEqualWithGreaterMutantOperator",			"mutationStart" : 277,			"method" : "householder",			"mutationEnd" : 283		},		{			"operatorDescription" : "Replace #'<=' with true",			"class" : "PMVector",			"operatorClass" : "ReplaceLessOrEqualWithTrueOperator",			"mutationStart" : 277,			"method" : "householder",			"mutationEnd" : 283		},		{			"operatorDescription" : "Replace #* with #/",			"class" : "PMVector",			"operatorClass" : "ReplaceMultiplicationWithDivisionMutantOperator",			"mutationStart" : 125,			"method" : "householder",			"mutationEnd" : 128		},		{			"operatorDescription" : "Replace #* with #/",			"class" : "PMVector",			"operatorClass" : "ReplaceMultiplicationWithDivisionMutantOperator",			"mutationStart" : 337,			"method" : "householder",			"mutationEnd" : 357		},		{			"operatorDescription" : "Replace #+ with #-",			"class" : "PMVector",			"operatorClass" : "ReplacePlusWithMinusMutantOperator",			"mutationStart" : 216,			"method" : "householder",			"mutationEnd" : 242		},		{			"operatorDescription" : "Replace #+ with #-",			"class" : "PMVector",			"operatorClass" : "ReplacePlusWithMinusMutantOperator",			"mutationStart" : 319,			"method" : "householder",			"mutationEnd" : 325		},		{			"operatorDescription" : "Replace #+ with #-",			"class" : "PMVector",			"operatorClass" : "ReplacePlusWithMinusMutantOperator",			"mutationStart" : 361,			"method" : "householder",			"mutationEnd" : 383		},		{			"operatorDescription" : "Replace #- with #+",			"class" : "PMVector",			"operatorClass" : "ReplaceMinusWithPlusMutantOperator",			"mutationStart" : 294,			"method" : "householder",			"mutationEnd" : 297		},		{			"operatorDescription" : "Replace #- with #+",			"class" : "PMVector",			"operatorClass" : "ReplaceMinusWithPlusMutantOperator",			"mutationStart" : 311,			"method" : "householder",			"mutationEnd" : 315		},		{			"operatorDescription" : "Replace #/ with #*",			"class" : "PMVector",			"operatorClass" : "ReplaceDivisionWithMultiplicationMutantOperator",			"mutationStart" : 311,			"method" : "householder",			"mutationEnd" : 325		},		{			"operatorDescription" : "Replace #/ with #*",			"class" : "PMVector",			"operatorClass" : "ReplaceDivisionWithMultiplicationMutantOperator",			"mutationStart" : 337,			"method" : "householder",			"mutationEnd" : 383		},		{			"operatorDescription" : "Replace #/ with #*",			"class" : "PMVector",			"operatorClass" : "ReplaceDivisionWithMultiplicationMutantOperator",			"mutationStart" : 394,			"method" : "householder",			"mutationEnd" : 406		},		{			"operatorDescription" : "Replace #= with #'~='",			"class" : "PMVector",			"operatorClass" : "ReplaceEqualWithNotEqualOperator",			"mutationStart" : 168,			"method" : "householder",			"mutationEnd" : 172		},		{			"operatorDescription" : "Replace #ifTrue:ifFalse: receiver with false",			"class" : "PMVector",			"operatorClass" : "ReplaceIfTrueIfFalseReceiverWithFalseOperator",			"mutationStart" : 276,			"method" : "householder",			"mutationEnd" : 327		},		{			"operatorDescription" : "Replace #ifTrue:ifFalse: receiver with true",			"class" : "PMVector",			"operatorClass" : "ReplaceIfTrueIfFalseReceiverWithTrueOperator",			"mutationStart" : 168,			"method" : "householder",			"mutationEnd" : 408		},		{			"operatorDescription" : "Replace #ifTrue:ifFalse: receiver with true",			"class" : "PMVector",			"operatorClass" : "ReplaceIfTrueIfFalseReceiverWithTrueOperator",			"mutationStart" : 276,			"method" : "householder",			"mutationEnd" : 327		},		{			"operatorDescription" : "Replace #* with #/",			"class" : "PMVector",			"operatorClass" : "ReplaceMultiplicationWithDivisionMutantOperator",			"mutationStart" : 15,			"method" : "normalized",			"mutationEnd" : 36		},		{			"operatorDescription" : "Replace #* with #/",			"class" : "PMVector",			"operatorClass" : "ReplaceMultiplicationWithDivisionMutantOperator",			"mutationStart" : 89,			"method" : "-",			"mutationEnd" : 106		},		{			"operatorDescription" : "Remove ^",			"class" : "PMVector",			"operatorClass" : "RemoveCaretOperator",			"mutationStart" : 60,			"method" : "tanh",			"mutationEnd" : 96		}	],	"timeBudgetFinished" : false,	"notCoveredInOriginal" : [		{			"operatorDescription" : "Remove ^",			"class" : "PMVector",			"operatorClass" : "RemoveCaretOperator",			"mutationStart" : 224,			"method" : "checkDimensionalCompatibility:",			"mutationEnd" : 228		},		{			"operatorDescription" : "Replace #* with #/",			"class" : "PMVector",			"operatorClass" : "ReplaceMultiplicationWithDivisionMutantOperator",			"mutationStart" : 177,			"method" : "tensorProduct:",			"mutationEnd" : 203		},		{			"operatorDescription" : "Replace #ifTrue:ifFalse: receiver with false",			"class" : "PMVector",			"operatorClass" : "ReplaceIfTrueIfFalseReceiverWithFalseOperator",			"mutationStart" : 86,			"method" : "tensorProduct:",			"mutationEnd" : 290		},		{			"operatorDescription" : "Replace #- with #+",			"class" : "PMVector",			"operatorClass" : "ReplaceMinusWithPlusMutantOperator",			"mutationStart" : 165,			"method" : "accumulateNegated:",			"mutationEnd" : 205		},		{			"operatorDescription" : "Remove ^",			"class" : "PMVector",			"operatorClass" : "RemoveCaretOperator",			"mutationStart" : 412,			"method" : "householder",			"mutationEnd" : 433		},		{			"operatorDescription" : "Replace #'<=' with #<",			"class" : "PMVector",			"operatorClass" : "ReplaceLessOrEqualWithLessMutantOperator",			"mutationStart" : 277,			"method" : "householder",			"mutationEnd" : 283		},		{			"operatorDescription" : "Replace #'<=' with #=",			"class" : "PMVector",			"operatorClass" : "ReplaceLessOrEqualWithEqualMutantOperator",			"mutationStart" : 277,			"method" : "householder",			"mutationEnd" : 283		},		{			"operatorDescription" : "Replace #'<=' with #>",			"class" : "PMVector",			"operatorClass" : "ReplaceLessOrEqualWithGreaterMutantOperator",			"mutationStart" : 277,			"method" : "householder",			"mutationEnd" : 283		},		{			"operatorDescription" : "Replace #'<=' with true",			"class" : "PMVector",			"operatorClass" : "ReplaceLessOrEqualWithTrueOperator",			"mutationStart" : 277,			"method" : "householder",			"mutationEnd" : 283		},		{			"operatorDescription" : "Replace #* with #/",			"class" : "PMVector",			"operatorClass" : "ReplaceMultiplicationWithDivisionMutantOperator",			"mutationStart" : 125,			"method" : "householder",			"mutationEnd" : 128		},		{			"operatorDescription" : "Replace #* with #/",			"class" : "PMVector",			"operatorClass" : "ReplaceMultiplicationWithDivisionMutantOperator",			"mutationStart" : 337,			"method" : "householder",			"mutationEnd" : 357		},		{			"operatorDescription" : "Replace #+ with #-",			"class" : "PMVector",			"operatorClass" : "ReplacePlusWithMinusMutantOperator",			"mutationStart" : 216,			"method" : "householder",			"mutationEnd" : 242		},		{			"operatorDescription" : "Replace #+ with #-",			"class" : "PMVector",			"operatorClass" : "ReplacePlusWithMinusMutantOperator",			"mutationStart" : 319,			"method" : "householder",			"mutationEnd" : 325		},		{			"operatorDescription" : "Replace #+ with #-",			"class" : "PMVector",			"operatorClass" : "ReplacePlusWithMinusMutantOperator",			"mutationStart" : 361,			"method" : "householder",			"mutationEnd" : 383		},		{			"operatorDescription" : "Replace #- with #+",			"class" : "PMVector",			"operatorClass" : "ReplaceMinusWithPlusMutantOperator",			"mutationStart" : 294,			"method" : "householder",			"mutationEnd" : 297		},		{			"operatorDescription" : "Replace #- with #+",			"class" : "PMVector",			"operatorClass" : "ReplaceMinusWithPlusMutantOperator",			"mutationStart" : 311,			"method" : "householder",			"mutationEnd" : 315		},		{			"operatorDescription" : "Replace #/ with #*",			"class" : "PMVector",			"operatorClass" : "ReplaceDivisionWithMultiplicationMutantOperator",			"mutationStart" : 311,			"method" : "householder",			"mutationEnd" : 325		},		{			"operatorDescription" : "Replace #/ with #*",			"class" : "PMVector",			"operatorClass" : "ReplaceDivisionWithMultiplicationMutantOperator",			"mutationStart" : 337,			"method" : "householder",			"mutationEnd" : 383		},		{			"operatorDescription" : "Replace #/ with #*",			"class" : "PMVector",			"operatorClass" : "ReplaceDivisionWithMultiplicationMutantOperator",			"mutationStart" : 394,			"method" : "householder",			"mutationEnd" : 406		},		{			"operatorDescription" : "Replace #= with #'~='",			"class" : "PMVector",			"operatorClass" : "ReplaceEqualWithNotEqualOperator",			"mutationStart" : 168,			"method" : "householder",			"mutationEnd" : 172		},		{			"operatorDescription" : "Replace #ifTrue:ifFalse: receiver with false",			"class" : "PMVector",			"operatorClass" : "ReplaceIfTrueIfFalseReceiverWithFalseOperator",			"mutationStart" : 168,			"method" : "householder",			"mutationEnd" : 408		},		{			"operatorDescription" : "Replace #ifTrue:ifFalse: receiver with false",			"class" : "PMVector",			"operatorClass" : "ReplaceIfTrueIfFalseReceiverWithFalseOperator",			"mutationStart" : 276,			"method" : "householder",			"mutationEnd" : 327		},		{			"operatorDescription" : "Replace #ifTrue:ifFalse: receiver with true",			"class" : "PMVector",			"operatorClass" : "ReplaceIfTrueIfFalseReceiverWithTrueOperator",			"mutationStart" : 168,			"method" : "householder",			"mutationEnd" : 408		},		{			"operatorDescription" : "Replace #ifTrue:ifFalse: receiver with true",			"class" : "PMVector",			"operatorClass" : "ReplaceIfTrueIfFalseReceiverWithTrueOperator",			"mutationStart" : 276,			"method" : "householder",			"mutationEnd" : 327		},		{			"operatorDescription" : "Remove ^",			"class" : "PMVector",			"operatorClass" : "RemoveCaretOperator",			"mutationStart" : 41,			"method" : "adaptToComplex:andSend:",			"mutationEnd" : 97		},		{			"operatorDescription" : "Remove ^",			"class" : "PMVector",			"operatorClass" : "RemoveCaretOperator",			"mutationStart" : 54,			"method" : "adaptToQuaternion:andSend:",			"mutationEnd" : 120		},		{			"operatorDescription" : "Replace #* with #/",			"class" : "PMVector",			"operatorClass" : "ReplaceMultiplicationWithDivisionMutantOperator",			"mutationStart" : 15,			"method" : "normalized",			"mutationEnd" : 36		},		{			"operatorDescription" : "Replace #* with #/",			"class" : "PMVector",			"operatorClass" : "ReplaceMultiplicationWithDivisionMutantOperator",			"mutationStart" : 12,			"method" : "negated",			"mutationEnd" : 20		},		{			"operatorDescription" : "Remove ^",			"class" : "PMVector",			"operatorClass" : "RemoveCaretOperator",			"mutationStart" : 60,			"method" : "tanh",			"mutationEnd" : 96		},		{			"operatorDescription" : "Remove ^",			"class" : "PMVector",			"operatorClass" : "RemoveCaretOperator",			"mutationStart" : 82,			"method" : "productWithMatrix:",			"mutationEnd" : 125		},		{			"operatorDescription" : "Replace #* with #/",			"class" : "PMVector",			"operatorClass" : "ReplaceMultiplicationWithDivisionMutantOperator",			"mutationStart" : 114,			"method" : "productWithMatrix:",			"mutationEnd" : 124		},		{			"operatorDescription" : "Replace #* with #/",			"class" : "PMVector",			"operatorClass" : "ReplaceMultiplicationWithDivisionMutantOperator",			"mutationStart" : 122,			"method" : "scaleBy:",			"mutationEnd" : 145		},		{			"operatorDescription" : "Replace #+ with #-",			"class" : "PMVector",			"operatorClass" : "ReplacePlusWithMinusMutantOperator",			"mutationStart" : 150,			"method" : "accumulate:",			"mutationEnd" : 190		},		{			"operatorDescription" : "Remove ^",			"class" : "PMVector class",			"operatorClass" : "RemoveCaretOperator",			"mutationStart" : 157,			"method" : "new:random:",			"mutationEnd" : 228		},		{			"operatorDescription" : "Remove ^",			"class" : "PMVector class",			"operatorClass" : "RemoveCaretOperator",			"mutationStart" : 200,			"method" : "randomSize:maxNumber:",			"mutationEnd" : 201		}	],	"testCase" : "PMVectorTest",	"unixtime" : 1605069944,	"timeTotal" : 714}