{	"targetClasses" : [		"PhLAboutCommand"	],	"testMethodsIgnored" : [ ],	"methodsNotProfiled" : [		"PhLAboutCommand class>>#version:"	],	"numberOfOriginalTestMethods" : 1,	"timeDetail" : [		"init: % 0.70 (378 milliseconds)",		"assertionAmplification: % 92.86 (50 seconds 191 milliseconds)",		"selection: % 4.93 (2 seconds 664 milliseconds)",		"inputAmplification: % 0.76 (411 milliseconds)",		"finalize: % 0.75 (407 milliseconds)"	],	"notCoveredInAmplified" : [ ],	"mutationScoreAfter" : 100,	"mutationScoreBefore" : 75,	"testAmpLoc" : 474,	"amplifiedMethods" : [		"PhLAboutCommandTest19>>#testCanOpenAboutDialog_amp_A1"	],	"testLoc" : "11",	"amplifiedClass" : "PhLAboutCommandTest19",	"numberOfAllMutationsInOriginal" : 4,	"targetLoc" : 36,	"newCovered" : [		{			"operatorDescription" : "Remove ^",			"class" : "PhLAboutCommand",			"operatorClass" : "RemoveCaretOperator",			"mutationStart" : 16,			"method" : "asSpecCommand",			"mutationEnd" : 90		}	],	"timeBudgetFinished" : false,	"notCoveredInOriginal" : [		{			"operatorDescription" : "Remove ^",			"class" : "PhLAboutCommand",			"operatorClass" : "RemoveCaretOperator",			"mutationStart" : 16,			"method" : "asSpecCommand",			"mutationEnd" : 90		}	],	"testCase" : "PhLAboutCommandTest",	"unixtime" : 1604655778,	"timeTotal" : 54}