{	"targetClasses" : [		"PhLCopyImageCommand"	],	"testMethodsIgnored" : [ ],	"methodsNotProfiled" : [ ],	"numberOfOriginalTestMethods" : 1,	"timeDetail" : [		"init: % 0.03 (429 milliseconds)",		"assertionAmplification: % 99.86 (24 minutes 15 seconds 925 milliseconds)",		"selection: % 0.02 (252 milliseconds)",		"inputAmplification: % 0.08 (1 second 236 milliseconds)",		"finalize: % 0.01 (143 milliseconds)"	],	"notCoveredInAmplified" : [		{			"operatorDescription" : "Remove ^",			"class" : "PhLCopyImageCommand",			"operatorClass" : "RemoveCaretOperator",			"mutationStart" : 16,			"method" : "asSpecCommand",			"mutationEnd" : 126		},		{			"operatorDescription" : "Remove ^",			"class" : "PhLCopyImageCommand",			"operatorClass" : "RemoveCaretOperator",			"mutationStart" : 62,			"method" : "execute",			"mutationEnd" : 67		}	],	"mutationScoreAfter" : 66,	"mutationScoreBefore" : 66,	"testAmpLoc" : 0,	"amplifiedMethods" : [ ],	"testLoc" : "19",	"amplifiedClass" : "PhLCopyImageCommandTest18",	"numberOfAllMutationsInOriginal" : 6,	"targetLoc" : 30,	"newCovered" : [ ],	"timeBudgetFinished" : false,	"notCoveredInOriginal" : [		{			"operatorDescription" : "Remove ^",			"class" : "PhLCopyImageCommand",			"operatorClass" : "RemoveCaretOperator",			"mutationStart" : 16,			"method" : "asSpecCommand",			"mutationEnd" : 126		},		{			"operatorDescription" : "Remove ^",			"class" : "PhLCopyImageCommand",			"operatorClass" : "RemoveCaretOperator",			"mutationStart" : 62,			"method" : "execute",			"mutationEnd" : 67		}	],	"testCase" : "PhLCopyImageCommandTest",	"unixtime" : 1604657277,	"timeTotal" : 1457}