{	"targetClasses" : [		"PhLCreateTemplateFromImageCommand"	],	"testMethodsIgnored" : [ ],	"methodsNotProfiled" : [ ],	"numberOfOriginalTestMethods" : 2,	"timeDetail" : [		"init: % 0.12 (751 milliseconds)",		"assertionAmplification: % 98.58 (10 minutes 43 seconds 784 milliseconds)",		"selection: % 0.73 (4 seconds 735 milliseconds)",		"inputAmplification: % 0.48 (3 seconds 120 milliseconds)",		"finalize: % 0.10 (639 milliseconds)"	],	"notCoveredInAmplified" : [		{			"operatorDescription" : "Replace #and: argument with [true]",			"class" : "PhLCreateTemplateFromImageCommand",			"operatorClass" : "ReplaceAndArgumentWithTrueOperator",			"mutationStart" : 226,			"method" : "execute",			"mutationEnd" : 317		},		{			"operatorDescription" : "Replace #and: receiver with true",			"class" : "PhLCreateTemplateFromImageCommand",			"operatorClass" : "ReplaceAndReceiverWithTrueOperator",			"mutationStart" : 226,			"method" : "execute",			"mutationEnd" : 317		},		{			"operatorDescription" : "Replace #and: with #bEqv:",			"class" : "PhLCreateTemplateFromImageCommand",			"operatorClass" : "ReplaceAndWithEqvMutantOperator",			"mutationStart" : 226,			"method" : "execute",			"mutationEnd" : 317		},		{			"operatorDescription" : "Replace #and: with #or:",			"class" : "PhLCreateTemplateFromImageCommand",			"operatorClass" : "ReplaceAndWithOrMutantOperator",			"mutationStart" : 226,			"method" : "execute",			"mutationEnd" : 317		},		{			"operatorDescription" : "Replace #ifTrue: receiver with true",			"class" : "PhLCreateTemplateFromImageCommand",			"operatorClass" : "ReplaceIfTrueReceiverWithTrueOperator",			"mutationStart" : 226,			"method" : "execute",			"mutationEnd" : 395		},		{			"operatorDescription" : "Replace #ifTrue:ifFalse: receiver with false",			"class" : "PhLCreateTemplateFromImageCommand",			"operatorClass" : "ReplaceIfTrueIfFalseReceiverWithFalseOperator",			"mutationStart" : 288,			"method" : "requestNewTemplateName:",			"mutationEnd" : 404		},		{			"operatorDescription" : "Replace #ifTrue:ifFalse: receiver with true",			"class" : "PhLCreateTemplateFromImageCommand",			"operatorClass" : "ReplaceIfTrueIfFalseReceiverWithTrueOperator",			"mutationStart" : 288,			"method" : "requestNewTemplateName:",			"mutationEnd" : 404		}	],	"mutationScoreAfter" : 56,	"mutationScoreBefore" : 37,	"testAmpLoc" : 503,	"amplifiedMethods" : [		"PhLCreateTemplateFromImageCommandTest36>>#testCanCreateATemplateAndRemoveImageWhenSingleImageSelected_amp_A0",		"PhLCreateTemplateFromImageCommandTest36>>#testCanCreateATemplateAndRemoveImageWhenSingleImageSelected_amp_A25"	],	"testLoc" : "31",	"amplifiedClass" : "PhLCreateTemplateFromImageCommandTest36",	"numberOfAllMutationsInOriginal" : 16,	"targetLoc" : 52,	"newCovered" : [		{			"operatorDescription" : "Remove ^",			"class" : "PhLCreateTemplateFromImageCommand",			"operatorClass" : "RemoveCaretOperator",			"mutationStart" : 16,			"method" : "asSpecCommand",			"mutationEnd" : 125		},		{			"operatorDescription" : "Remove ^",			"class" : "PhLCreateTemplateFromImageCommand",			"operatorClass" : "RemoveCaretOperator",			"mutationStart" : 220,			"method" : "asSpecCommandWithImageRemoval",			"mutationEnd" : 305		},		{			"operatorDescription" : "Remove ^",			"class" : "PhLCreateTemplateFromImageCommand",			"operatorClass" : "RemoveCaretOperator",			"mutationStart" : 26,			"method" : "confirmTemplateOverride",			"mutationEnd" : 131		}	],	"timeBudgetFinished" : false,	"notCoveredInOriginal" : [		{			"operatorDescription" : "Remove ^",			"class" : "PhLCreateTemplateFromImageCommand",			"operatorClass" : "RemoveCaretOperator",			"mutationStart" : 16,			"method" : "asSpecCommand",			"mutationEnd" : 125		},		{			"operatorDescription" : "Replace #and: argument with [true]",			"class" : "PhLCreateTemplateFromImageCommand",			"operatorClass" : "ReplaceAndArgumentWithTrueOperator",			"mutationStart" : 226,			"method" : "execute",			"mutationEnd" : 317		},		{			"operatorDescription" : "Replace #and: receiver with true",			"class" : "PhLCreateTemplateFromImageCommand",			"operatorClass" : "ReplaceAndReceiverWithTrueOperator",			"mutationStart" : 226,			"method" : "execute",			"mutationEnd" : 317		},		{			"operatorDescription" : "Replace #and: with #bEqv:",			"class" : "PhLCreateTemplateFromImageCommand",			"operatorClass" : "ReplaceAndWithEqvMutantOperator",			"mutationStart" : 226,			"method" : "execute",			"mutationEnd" : 317		},		{			"operatorDescription" : "Replace #and: with #or:",			"class" : "PhLCreateTemplateFromImageCommand",			"operatorClass" : "ReplaceAndWithOrMutantOperator",			"mutationStart" : 226,			"method" : "execute",			"mutationEnd" : 317		},		{			"operatorDescription" : "Replace #ifTrue: receiver with true",			"class" : "PhLCreateTemplateFromImageCommand",			"operatorClass" : "ReplaceIfTrueReceiverWithTrueOperator",			"mutationStart" : 226,			"method" : "execute",			"mutationEnd" : 395		},		{			"operatorDescription" : "Remove ^",			"class" : "PhLCreateTemplateFromImageCommand",			"operatorClass" : "RemoveCaretOperator",			"mutationStart" : 220,			"method" : "asSpecCommandWithImageRemoval",			"mutationEnd" : 305		},		{			"operatorDescription" : "Replace #ifTrue:ifFalse: receiver with false",			"class" : "PhLCreateTemplateFromImageCommand",			"operatorClass" : "ReplaceIfTrueIfFalseReceiverWithFalseOperator",			"mutationStart" : 288,			"method" : "requestNewTemplateName:",			"mutationEnd" : 404		},		{			"operatorDescription" : "Replace #ifTrue:ifFalse: receiver with true",			"class" : "PhLCreateTemplateFromImageCommand",			"operatorClass" : "ReplaceIfTrueIfFalseReceiverWithTrueOperator",			"mutationStart" : 288,			"method" : "requestNewTemplateName:",			"mutationEnd" : 404		},		{			"operatorDescription" : "Remove ^",			"class" : "PhLCreateTemplateFromImageCommand",			"operatorClass" : "RemoveCaretOperator",			"mutationStart" : 26,			"method" : "confirmTemplateOverride",			"mutationEnd" : 131		}	],	"testCase" : "PhLCreateTemplateFromImageCommandTest",	"unixtime" : 1604663286,	"timeTotal" : 653}