{	"targetClasses" : [		"PhLCreateImageFromTemplateCommand"	],	"testMethodsIgnored" : [ ],	"methodsNotProfiled" : [ ],	"numberOfOriginalTestMethods" : 4,	"timeDetail" : [		"init: % 0.25 (910 milliseconds)",		"assertionAmplification: % 90.27 (5 minutes 30 seconds 444 milliseconds)",		"selection: % 7.41 (27 seconds 124 milliseconds)",		"inputAmplification: % 1.73 (6 seconds 328 milliseconds)",		"finalize: % 0.35 (1 second 265 milliseconds)"	],	"notCoveredInAmplified" : [		{			"operatorDescription" : "Remove Exception Handler Operator",			"class" : "PhLCreateImageFromTemplateCommand",			"operatorClass" : "RemoveExceptionHandlerOperator",			"mutationStart" : 12,			"method" : "execute",			"mutationEnd" : 176		},		{			"operatorDescription" : "Replace #ifTrue: receiver with false",			"class" : "PhLCreateImageFromTemplateCommand",			"operatorClass" : "ReplaceIfTrueReceiverWithFalseOperator",			"mutationStart" : 92,			"method" : "addDescriptionIfAny",			"mutationEnd" : 158		},		{			"operatorDescription" : "Remove ^",			"class" : "PhLCreateImageFromTemplateCommand",			"operatorClass" : "RemoveCaretOperator",			"mutationStart" : 96,			"method" : "createImage",			"mutationEnd" : 101		},		{			"operatorDescription" : "Replace #ifTrue: receiver with false",			"class" : "PhLCreateImageFromTemplateCommand",			"operatorClass" : "ReplaceIfTrueReceiverWithFalseOperator",			"mutationStart" : 68,			"method" : "createImage",			"mutationEnd" : 103		},		{			"operatorDescription" : "Replace #and: receiver with true",			"class" : "PhLCreateImageFromTemplateCommand",			"operatorClass" : "ReplaceAndReceiverWithTrueOperator",			"mutationStart" : 120,			"method" : "addInitializationScriptMetadataIfPresent",			"mutationEnd" : 178		},		{			"operatorDescription" : "Replace #and: with #bEqv:",			"class" : "PhLCreateImageFromTemplateCommand",			"operatorClass" : "ReplaceAndWithEqvMutantOperator",			"mutationStart" : 120,			"method" : "addInitializationScriptMetadataIfPresent",			"mutationEnd" : 178		}	],	"mutationScoreAfter" : 70,	"mutationScoreBefore" : 45,	"testAmpLoc" : 1957,	"amplifiedMethods" : [		"PhLCreateImageFromTemplateCommandTest75>>#testCanCreateAnImageWhenSingleTemplateSelected_amp"	],	"testLoc" : "61",	"amplifiedClass" : "PhLCreateImageFromTemplateCommandTest75",	"numberOfAllMutationsInOriginal" : 20,	"targetLoc" : 38,	"newCovered" : [		{			"operatorDescription" : "Replace #ifTrue: receiver with true",			"class" : "PhLCreateImageFromTemplateCommand",			"operatorClass" : "ReplaceIfTrueReceiverWithTrueOperator",			"mutationStart" : 92,			"method" : "addDescriptionIfAny",			"mutationEnd" : 158		},		{			"operatorDescription" : "Replace #ifTrue: with #ifFalse:",			"class" : "PhLCreateImageFromTemplateCommand",			"operatorClass" : "ReplaceIfTrueWithIfFalseMutantOperator",			"mutationStart" : 92,			"method" : "addDescriptionIfAny",			"mutationEnd" : 158		},		{			"operatorDescription" : "Replace #and: argument with [true]",			"class" : "PhLCreateImageFromTemplateCommand",			"operatorClass" : "ReplaceAndArgumentWithTrueOperator",			"mutationStart" : 120,			"method" : "addInitializationScriptMetadataIfPresent",			"mutationEnd" : 178		},		{			"operatorDescription" : "Replace #and: with #or:",			"class" : "PhLCreateImageFromTemplateCommand",			"operatorClass" : "ReplaceAndWithOrMutantOperator",			"mutationStart" : 120,			"method" : "addInitializationScriptMetadataIfPresent",			"mutationEnd" : 178		},		{			"operatorDescription" : "Replace #ifTrue: receiver with true",			"class" : "PhLCreateImageFromTemplateCommand",			"operatorClass" : "ReplaceIfTrueReceiverWithTrueOperator",			"mutationStart" : 120,			"method" : "addInitializationScriptMetadataIfPresent",			"mutationEnd" : 231		}	],	"timeBudgetFinished" : false,	"notCoveredInOriginal" : [		{			"operatorDescription" : "Remove Exception Handler Operator",			"class" : "PhLCreateImageFromTemplateCommand",			"operatorClass" : "RemoveExceptionHandlerOperator",			"mutationStart" : 12,			"method" : "execute",			"mutationEnd" : 176		},		{			"operatorDescription" : "Replace #ifTrue: receiver with false",			"class" : "PhLCreateImageFromTemplateCommand",			"operatorClass" : "ReplaceIfTrueReceiverWithFalseOperator",			"mutationStart" : 92,			"method" : "addDescriptionIfAny",			"mutationEnd" : 158		},		{			"operatorDescription" : "Replace #ifTrue: receiver with true",			"class" : "PhLCreateImageFromTemplateCommand",			"operatorClass" : "ReplaceIfTrueReceiverWithTrueOperator",			"mutationStart" : 92,			"method" : "addDescriptionIfAny",			"mutationEnd" : 158		},		{			"operatorDescription" : "Replace #ifTrue: with #ifFalse:",			"class" : "PhLCreateImageFromTemplateCommand",			"operatorClass" : "ReplaceIfTrueWithIfFalseMutantOperator",			"mutationStart" : 92,			"method" : "addDescriptionIfAny",			"mutationEnd" : 158		},		{			"operatorDescription" : "Remove ^",			"class" : "PhLCreateImageFromTemplateCommand",			"operatorClass" : "RemoveCaretOperator",			"mutationStart" : 96,			"method" : "createImage",			"mutationEnd" : 101		},		{			"operatorDescription" : "Replace #ifTrue: receiver with false",			"class" : "PhLCreateImageFromTemplateCommand",			"operatorClass" : "ReplaceIfTrueReceiverWithFalseOperator",			"mutationStart" : 68,			"method" : "createImage",			"mutationEnd" : 103		},		{			"operatorDescription" : "Replace #and: argument with [true]",			"class" : "PhLCreateImageFromTemplateCommand",			"operatorClass" : "ReplaceAndArgumentWithTrueOperator",			"mutationStart" : 120,			"method" : "addInitializationScriptMetadataIfPresent",			"mutationEnd" : 178		},		{			"operatorDescription" : "Replace #and: receiver with true",			"class" : "PhLCreateImageFromTemplateCommand",			"operatorClass" : "ReplaceAndReceiverWithTrueOperator",			"mutationStart" : 120,			"method" : "addInitializationScriptMetadataIfPresent",			"mutationEnd" : 178		},		{			"operatorDescription" : "Replace #and: with #bEqv:",			"class" : "PhLCreateImageFromTemplateCommand",			"operatorClass" : "ReplaceAndWithEqvMutantOperator",			"mutationStart" : 120,			"method" : "addInitializationScriptMetadataIfPresent",			"mutationEnd" : 178		},		{			"operatorDescription" : "Replace #and: with #or:",			"class" : "PhLCreateImageFromTemplateCommand",			"operatorClass" : "ReplaceAndWithOrMutantOperator",			"mutationStart" : 120,			"method" : "addInitializationScriptMetadataIfPresent",			"mutationEnd" : 178		},		{			"operatorDescription" : "Replace #ifTrue: receiver with true",			"class" : "PhLCreateImageFromTemplateCommand",			"operatorClass" : "ReplaceIfTrueReceiverWithTrueOperator",			"mutationStart" : 120,			"method" : "addInitializationScriptMetadataIfPresent",			"mutationEnd" : 231		}	],	"testCase" : "PhLCreateImageFromTemplateCommandTest",	"unixtime" : 1604674787,	"timeTotal" : 366}