{	"targetClasses" : [		"PhLDirectoryBasedImageRepository"	],	"testMethodsIgnored" : [ ],	"methodsNotProfiled" : [		"PhLDirectoryBasedImageRepository>>#extractTemplate:to:",		"PhLDirectoryBasedImageRepository>>#deleteImages:",		"PhLDirectoryBasedImageRepository>>#copyImage:to:",		"PhLDirectoryBasedImageRepository>>#importImage:to:",		"PhLDirectoryBasedImageRepository>>#recreateImage:",		"PhLDirectoryBasedImageRepository>>#deleteImage:",		"PhLDirectoryBasedImageRepository>>#renameImage:to:",		"PhLDirectoryBasedImageRepository>>#importImageNamed:andSiblingFilesto:",		"PhLDirectoryBasedImageRepository class>>#location:",		"PhLDirectoryBasedImageRepository class>>#migrateFrom:to:",		"PhLDirectoryBasedImageRepository class>>#locationString:",		"PhLDirectoryBasedImageRepository class>>#settingsOn:"	],	"numberOfOriginalTestMethods" : 14,	"timeDetail" : [		"init: % 0.30 (3 seconds 941 milliseconds)",		"assertionAmplification: % 77.84 (17 minutes 13 seconds 390 milliseconds)",		"selection: % 18.92 (4 minutes 11 seconds 208 milliseconds)",		"inputAmplification: % 2.25 (29 seconds 837 milliseconds)",		"finalize: % 0.70 (9 seconds 245 milliseconds)"	],	"notCoveredInAmplified" : [		{			"operatorDescription" : "Remove ^",			"class" : "PhLDirectoryBasedImageRepository",			"operatorClass" : "RemoveCaretOperator",			"mutationStart" : 255,			"method" : "extractTemplate:to:",			"mutationEnd" : 261		},		{			"operatorDescription" : "Replace do block with [:each |]",			"class" : "PhLDirectoryBasedImageRepository",			"operatorClass" : "ReplaceDoBlockWithEmptyBlockOperator",			"mutationStart" : 52,			"method" : "deleteImages:",			"mutationEnd" : 102		},		{			"operatorDescription" : "Replace #ifFalse: receiver with false",			"class" : "PhLDirectoryBasedImageRepository",			"operatorClass" : "ReplaceIfFalseReceiverWithFalseOperator",			"mutationStart" : 210,			"method" : "renameImageInFolder:to:",			"mutationEnd" : 286		},		{			"operatorDescription" : "Replace #/ with #*",			"class" : "PhLDirectoryBasedImageRepository",			"operatorClass" : "ReplaceDivisionWithMultiplicationMutantOperator",			"mutationStart" : 471,			"method" : "importImage:to:",			"mutationEnd" : 502		},		{			"operatorDescription" : "Replace #/ with #*",			"class" : "PhLDirectoryBasedImageRepository",			"operatorClass" : "ReplaceDivisionWithMultiplicationMutantOperator",			"mutationStart" : 531,			"method" : "importImage:to:",			"mutationEnd" : 590		},		{			"operatorDescription" : "Replace #/ with #*",			"class" : "PhLDirectoryBasedImageRepository",			"operatorClass" : "ReplaceDivisionWithMultiplicationMutantOperator",			"mutationStart" : 662,			"method" : "importImage:to:",			"mutationEnd" : 707		},		{			"operatorDescription" : "Replace #ifFalse: receiver with false",			"class" : "PhLDirectoryBasedImageRepository",			"operatorClass" : "ReplaceIfFalseReceiverWithFalseOperator",			"mutationStart" : 713,			"method" : "importImage:to:",			"mutationEnd" : 778		},		{			"operatorDescription" : "Replace #ifFalse: receiver with true",			"class" : "PhLDirectoryBasedImageRepository",			"operatorClass" : "ReplaceIfFalseReceiverWithTrueOperator",			"mutationStart" : 713,			"method" : "importImage:to:",			"mutationEnd" : 778		},		{			"operatorDescription" : "Replace #ifFalse: with #ifTrue:",			"class" : "PhLDirectoryBasedImageRepository",			"operatorClass" : "ReplaceIfFalseWithIfTrueMutantOperator",			"mutationStart" : 713,			"method" : "importImage:to:",			"mutationEnd" : 778		},		{			"operatorDescription" : "Replace #ifTrue: receiver with false",			"class" : "PhLDirectoryBasedImageRepository",			"operatorClass" : "ReplaceIfTrueReceiverWithFalseOperator",			"mutationStart" : 594,			"method" : "importImage:to:",			"mutationEnd" : 709		},		{			"operatorDescription" : "Replace #ifTrue: receiver with true",			"class" : "PhLDirectoryBasedImageRepository",			"operatorClass" : "ReplaceIfTrueReceiverWithTrueOperator",			"mutationStart" : 594,			"method" : "importImage:to:",			"mutationEnd" : 709		},		{			"operatorDescription" : "Replace #ifTrue: with #ifFalse:",			"class" : "PhLDirectoryBasedImageRepository",			"operatorClass" : "ReplaceIfTrueWithIfFalseMutantOperator",			"mutationStart" : 594,			"method" : "importImage:to:",			"mutationEnd" : 709		},		{			"operatorDescription" : "Replace do block with [:each |]",			"class" : "PhLDirectoryBasedImageRepository",			"operatorClass" : "ReplaceDoBlockWithEmptyBlockOperator",			"mutationStart" : 256,			"method" : "importImage:to:",			"mutationEnd" : 504		},		{			"operatorDescription" : "Replace #ifTrue: receiver with false",			"class" : "PhLDirectoryBasedImageRepository",			"operatorClass" : "ReplaceIfTrueReceiverWithFalseOperator",			"mutationStart" : 37,			"method" : "ensureNoImageWithName:",			"mutationEnd" : 132		},		{			"operatorDescription" : "Replace #ifTrue:ifFalse: receiver with true",			"class" : "PhLDirectoryBasedImageRepository",			"operatorClass" : "ReplaceIfTrueIfFalseReceiverWithTrueOperator",			"mutationStart" : 250,			"method" : "newNameForFile:whenRelocatingToImageNamed:",			"mutationEnd" : 373		},		{			"operatorDescription" : "Replace #ifFalse: receiver with true",			"class" : "PhLDirectoryBasedImageRepository",			"operatorClass" : "ReplaceIfFalseReceiverWithTrueOperator",			"mutationStart" : 61,			"method" : "renameImageNamed:to:",			"mutationEnd" : 133		},		{			"operatorDescription" : "Remove ^",			"class" : "PhLDirectoryBasedImageRepository",			"operatorClass" : "RemoveCaretOperator",			"mutationStart" : 37,			"method" : "makeUniqueImageName:",			"mutationEnd" : 100		},		{			"operatorDescription" : "Remove ^",			"class" : "PhLDirectoryBasedImageRepository",			"operatorClass" : "RemoveCaretOperator",			"mutationStart" : 125,			"method" : "importImageNamed:andSiblingFilesto:",			"mutationEnd" : 130		},		{			"operatorDescription" : "Replace #ifFalse: receiver with false",			"class" : "PhLDirectoryBasedImageRepository",			"operatorClass" : "ReplaceIfFalseReceiverWithFalseOperator",			"mutationStart" : 81,			"method" : "importImageNamed:andSiblingFilesto:",			"mutationEnd" : 132		},		{			"operatorDescription" : "Replace #ifFalse: receiver with true",			"class" : "PhLDirectoryBasedImageRepository",			"operatorClass" : "ReplaceIfFalseReceiverWithTrueOperator",			"mutationStart" : 81,			"method" : "importImageNamed:andSiblingFilesto:",			"mutationEnd" : 132		},		{			"operatorDescription" : "Replace #ifFalse: with #ifTrue:",			"class" : "PhLDirectoryBasedImageRepository",			"operatorClass" : "ReplaceIfFalseWithIfTrueMutantOperator",			"mutationStart" : 81,			"method" : "importImageNamed:andSiblingFilesto:",			"mutationEnd" : 132		},		{			"operatorDescription" : "Replace #and: receiver with true",			"class" : "PhLDirectoryBasedImageRepository",			"operatorClass" : "ReplaceAndReceiverWithTrueOperator",			"mutationStart" : 34,			"method" : "isNewImageNameValid:",			"mutationEnd" : 100		},		{			"operatorDescription" : "Replace #and: with #bEqv:",			"class" : "PhLDirectoryBasedImageRepository",			"operatorClass" : "ReplaceAndWithEqvMutantOperator",			"mutationStart" : 34,			"method" : "isNewImageNameValid:",			"mutationEnd" : 100		},		{			"operatorDescription" : "Remove ^",			"class" : "PhLDirectoryBasedImageRepository class",			"operatorClass" : "RemoveCaretOperator",			"mutationStart" : 74,			"method" : "location:",			"mutationEnd" : 79		},		{			"operatorDescription" : "Replace #= with #'~='",			"class" : "PhLDirectoryBasedImageRepository class",			"operatorClass" : "ReplaceEqualWithNotEqualOperator",			"mutationStart" : 22,			"method" : "location:",			"mutationEnd" : 62		},		{			"operatorDescription" : "Replace #ifTrue: receiver with false",			"class" : "PhLDirectoryBasedImageRepository class",			"operatorClass" : "ReplaceIfTrueReceiverWithFalseOperator",			"mutationStart" : 22,			"method" : "location:",			"mutationEnd" : 81		},		{			"operatorDescription" : "Replace #ifTrue: receiver with true",			"class" : "PhLDirectoryBasedImageRepository class",			"operatorClass" : "ReplaceIfTrueReceiverWithTrueOperator",			"mutationStart" : 22,			"method" : "location:",			"mutationEnd" : 81		},		{			"operatorDescription" : "Replace #ifTrue: with #ifFalse:",			"class" : "PhLDirectoryBasedImageRepository class",			"operatorClass" : "ReplaceIfTrueWithIfFalseMutantOperator",			"mutationStart" : 22,			"method" : "location:",			"mutationEnd" : 81		},		{			"operatorDescription" : "Remove ^",			"class" : "PhLDirectoryBasedImageRepository class",			"operatorClass" : "RemoveCaretOperator",			"mutationStart" : 26,			"method" : "launcherStartUpPriority",			"mutationEnd" : 28		},		{			"operatorDescription" : "Replace #and: argument with [true]",			"class" : "PhLDirectoryBasedImageRepository class",			"operatorClass" : "ReplaceAndArgumentWithTrueOperator",			"mutationStart" : 43,			"method" : "migrateFrom:to:",			"mutationEnd" : 114		},		{			"operatorDescription" : "Replace #and: receiver with true",			"class" : "PhLDirectoryBasedImageRepository class",			"operatorClass" : "ReplaceAndReceiverWithTrueOperator",			"mutationStart" : 43,			"method" : "migrateFrom:to:",			"mutationEnd" : 114		},		{			"operatorDescription" : "Replace #and: with #bEqv:",			"class" : "PhLDirectoryBasedImageRepository class",			"operatorClass" : "ReplaceAndWithEqvMutantOperator",			"mutationStart" : 43,			"method" : "migrateFrom:to:",			"mutationEnd" : 114		},		{			"operatorDescription" : "Replace #and: with #nand:",			"class" : "PhLDirectoryBasedImageRepository class",			"operatorClass" : "ReplaceAndWithNandMutantOperator",			"mutationStart" : 43,			"method" : "migrateFrom:to:",			"mutationEnd" : 114		},		{			"operatorDescription" : "Replace #and: with #or:",			"class" : "PhLDirectoryBasedImageRepository class",			"operatorClass" : "ReplaceAndWithOrMutantOperator",			"mutationStart" : 43,			"method" : "migrateFrom:to:",			"mutationEnd" : 114		},		{			"operatorDescription" : "Replace #and: with false",			"class" : "PhLDirectoryBasedImageRepository class",			"operatorClass" : "ReplaceAndWithFalseOperator",			"mutationStart" : 43,			"method" : "migrateFrom:to:",			"mutationEnd" : 114		},		{			"operatorDescription" : "Replace #ifTrue: receiver with false",			"class" : "PhLDirectoryBasedImageRepository class",			"operatorClass" : "ReplaceIfTrueReceiverWithFalseOperator",			"mutationStart" : 43,			"method" : "migrateFrom:to:",			"mutationEnd" : 231		},		{			"operatorDescription" : "Replace #ifTrue: receiver with true",			"class" : "PhLDirectoryBasedImageRepository class",			"operatorClass" : "ReplaceIfTrueReceiverWithTrueOperator",			"mutationStart" : 43,			"method" : "migrateFrom:to:",			"mutationEnd" : 231		},		{			"operatorDescription" : "Replace #ifTrue: with #ifFalse:",			"class" : "PhLDirectoryBasedImageRepository class",			"operatorClass" : "ReplaceIfTrueWithIfFalseMutantOperator",			"mutationStart" : 43,			"method" : "migrateFrom:to:",			"mutationEnd" : 231		},		{			"operatorDescription" : "Remove ^",			"class" : "PhLDirectoryBasedImageRepository class",			"operatorClass" : "RemoveCaretOperator",			"mutationStart" : 18,			"method" : "defaultLocation",			"mutationEnd" : 67		},		{			"operatorDescription" : "Replace #/ with #*",			"class" : "PhLDirectoryBasedImageRepository class",			"operatorClass" : "ReplaceDivisionWithMultiplicationMutantOperator",			"mutationStart" : 20,			"method" : "defaultLocation",			"mutationEnd" : 67		},		{			"operatorDescription" : "Remove #not",			"class" : "PhLDirectoryBasedImageRepository class",			"operatorClass" : "RemoveNotOperator",			"mutationStart" : 113,			"method" : "launcherStartUp",			"mutationEnd" : 131		},		{			"operatorDescription" : "Replace #and: argument with [true]",			"class" : "PhLDirectoryBasedImageRepository class",			"operatorClass" : "ReplaceAndArgumentWithTrueOperator",			"mutationStart" : 89,			"method" : "launcherStartUp",			"mutationEnd" : 134		},		{			"operatorDescription" : "Replace #and: receiver with true",			"class" : "PhLDirectoryBasedImageRepository class",			"operatorClass" : "ReplaceAndReceiverWithTrueOperator",			"mutationStart" : 89,			"method" : "launcherStartUp",			"mutationEnd" : 134		},		{			"operatorDescription" : "Replace #and: with #bEqv:",			"class" : "PhLDirectoryBasedImageRepository class",			"operatorClass" : "ReplaceAndWithEqvMutantOperator",			"mutationStart" : 89,			"method" : "launcherStartUp",			"mutationEnd" : 134		},		{			"operatorDescription" : "Replace #and: with #nand:",			"class" : "PhLDirectoryBasedImageRepository class",			"operatorClass" : "ReplaceAndWithNandMutantOperator",			"mutationStart" : 89,			"method" : "launcherStartUp",			"mutationEnd" : 134		},		{			"operatorDescription" : "Replace #and: with #or:",			"class" : "PhLDirectoryBasedImageRepository class",			"operatorClass" : "ReplaceAndWithOrMutantOperator",			"mutationStart" : 89,			"method" : "launcherStartUp",			"mutationEnd" : 134		},		{			"operatorDescription" : "Replace #and: with false",			"class" : "PhLDirectoryBasedImageRepository class",			"operatorClass" : "ReplaceAndWithFalseOperator",			"mutationStart" : 89,			"method" : "launcherStartUp",			"mutationEnd" : 134		},		{			"operatorDescription" : "Replace #ifTrue: receiver with false",			"class" : "PhLDirectoryBasedImageRepository class",			"operatorClass" : "ReplaceIfTrueReceiverWithFalseOperator",			"mutationStart" : 89,			"method" : "launcherStartUp",			"mutationEnd" : 384		},		{			"operatorDescription" : "Replace #ifTrue: receiver with true",			"class" : "PhLDirectoryBasedImageRepository class",			"operatorClass" : "ReplaceIfTrueReceiverWithTrueOperator",			"mutationStart" : 89,			"method" : "launcherStartUp",			"mutationEnd" : 384		},		{			"operatorDescription" : "Replace #ifTrue: with #ifFalse:",			"class" : "PhLDirectoryBasedImageRepository class",			"operatorClass" : "ReplaceIfTrueWithIfFalseMutantOperator",			"mutationStart" : 89,			"method" : "launcherStartUp",			"mutationEnd" : 384		},		{			"operatorDescription" : "Remove ^",			"class" : "PhLDirectoryBasedImageRepository class",			"operatorClass" : "RemoveCaretOperator",			"mutationStart" : 35,			"method" : "locationString:",			"mutationEnd" : 92		},		{			"operatorDescription" : "Remove ^",			"class" : "PhLDirectoryBasedImageRepository class",			"operatorClass" : "RemoveCaretOperator",			"mutationStart" : 10,			"method" : "default",			"mutationEnd" : 49		},		{			"operatorDescription" : "Remove ^",			"class" : "PhLDirectoryBasedImageRepository class",			"operatorClass" : "RemoveCaretOperator",			"mutationStart" : 17,			"method" : "locationString",			"mutationEnd" : 42		}	],	"mutationScoreAfter" : 45,	"mutationScoreBefore" : 39,	"testAmpLoc" : 2711,	"amplifiedMethods" : [		"PhLDirectoryBasedImageRepositoryTest232>>#testNew_amp_A15_L7",		"PhLDirectoryBasedImageRepositoryTest232>>#testCopyImageNamedTo_amp",		"PhLDirectoryBasedImageRepositoryTest232>>#testCopyImageNamedTo_amp_A13"	],	"testLoc" : "86",	"amplifiedClass" : "PhLDirectoryBasedImageRepositoryTest232",	"numberOfAllMutationsInOriginal" : 98,	"targetLoc" : 220,	"newCovered" : [		{			"operatorDescription" : "Remove ^",			"class" : "PhLDirectoryBasedImageRepository",			"operatorClass" : "RemoveCaretOperator",			"mutationStart" : 12,			"method" : "hasImages",			"mutationEnd" : 33		},		{			"operatorDescription" : "Replace #and: argument with [true]",			"class" : "PhLDirectoryBasedImageRepository",			"operatorClass" : "ReplaceAndArgumentWithTrueOperator",			"mutationStart" : 34,			"method" : "isNewImageNameValid:",			"mutationEnd" : 100		},		{			"operatorDescription" : "Replace #and: with #or:",			"class" : "PhLDirectoryBasedImageRepository",			"operatorClass" : "ReplaceAndWithOrMutantOperator",			"mutationStart" : 34,			"method" : "isNewImageNameValid:",			"mutationEnd" : 100		},		{			"operatorDescription" : "Remove ^",			"class" : "PhLDirectoryBasedImageRepository",			"operatorClass" : "RemoveCaretOperator",			"mutationStart" : 8,			"method" : "roots",			"mutationEnd" : 100		},		{			"operatorDescription" : "Replace #< with #>",			"class" : "PhLDirectoryBasedImageRepository",			"operatorClass" : "ReplaceLessWithGreaterMutantOperator",			"mutationStart" : 50,			"method" : "roots",			"mutationEnd" : 98		},		{			"operatorDescription" : "Remove ^",			"class" : "PhLDirectoryBasedImageRepository class",			"operatorClass" : "RemoveCaretOperator",			"mutationStart" : 11,			"method" : "location",			"mutationEnd" : 64		}	],	"timeBudgetFinished" : false,	"notCoveredInOriginal" : [		{			"operatorDescription" : "Remove ^",			"class" : "PhLDirectoryBasedImageRepository",			"operatorClass" : "RemoveCaretOperator",			"mutationStart" : 255,			"method" : "extractTemplate:to:",			"mutationEnd" : 261		},		{			"operatorDescription" : "Replace do block with [:each |]",			"class" : "PhLDirectoryBasedImageRepository",			"operatorClass" : "ReplaceDoBlockWithEmptyBlockOperator",			"mutationStart" : 52,			"method" : "deleteImages:",			"mutationEnd" : 102		},		{			"operatorDescription" : "Replace #ifFalse: receiver with false",			"class" : "PhLDirectoryBasedImageRepository",			"operatorClass" : "ReplaceIfFalseReceiverWithFalseOperator",			"mutationStart" : 210,			"method" : "renameImageInFolder:to:",			"mutationEnd" : 286		},		{			"operatorDescription" : "Replace #/ with #*",			"class" : "PhLDirectoryBasedImageRepository",			"operatorClass" : "ReplaceDivisionWithMultiplicationMutantOperator",			"mutationStart" : 471,			"method" : "importImage:to:",			"mutationEnd" : 502		},		{			"operatorDescription" : "Replace #/ with #*",			"class" : "PhLDirectoryBasedImageRepository",			"operatorClass" : "ReplaceDivisionWithMultiplicationMutantOperator",			"mutationStart" : 531,			"method" : "importImage:to:",			"mutationEnd" : 590		},		{			"operatorDescription" : "Replace #/ with #*",			"class" : "PhLDirectoryBasedImageRepository",			"operatorClass" : "ReplaceDivisionWithMultiplicationMutantOperator",			"mutationStart" : 662,			"method" : "importImage:to:",			"mutationEnd" : 707		},		{			"operatorDescription" : "Replace #ifFalse: receiver with false",			"class" : "PhLDirectoryBasedImageRepository",			"operatorClass" : "ReplaceIfFalseReceiverWithFalseOperator",			"mutationStart" : 713,			"method" : "importImage:to:",			"mutationEnd" : 778		},		{			"operatorDescription" : "Replace #ifFalse: receiver with true",			"class" : "PhLDirectoryBasedImageRepository",			"operatorClass" : "ReplaceIfFalseReceiverWithTrueOperator",			"mutationStart" : 713,			"method" : "importImage:to:",			"mutationEnd" : 778		},		{			"operatorDescription" : "Replace #ifFalse: with #ifTrue:",			"class" : "PhLDirectoryBasedImageRepository",			"operatorClass" : "ReplaceIfFalseWithIfTrueMutantOperator",			"mutationStart" : 713,			"method" : "importImage:to:",			"mutationEnd" : 778		},		{			"operatorDescription" : "Replace #ifTrue: receiver with false",			"class" : "PhLDirectoryBasedImageRepository",			"operatorClass" : "ReplaceIfTrueReceiverWithFalseOperator",			"mutationStart" : 594,			"method" : "importImage:to:",			"mutationEnd" : 709		},		{			"operatorDescription" : "Replace #ifTrue: receiver with true",			"class" : "PhLDirectoryBasedImageRepository",			"operatorClass" : "ReplaceIfTrueReceiverWithTrueOperator",			"mutationStart" : 594,			"method" : "importImage:to:",			"mutationEnd" : 709		},		{			"operatorDescription" : "Replace #ifTrue: with #ifFalse:",			"class" : "PhLDirectoryBasedImageRepository",			"operatorClass" : "ReplaceIfTrueWithIfFalseMutantOperator",			"mutationStart" : 594,			"method" : "importImage:to:",			"mutationEnd" : 709		},		{			"operatorDescription" : "Replace do block with [:each |]",			"class" : "PhLDirectoryBasedImageRepository",			"operatorClass" : "ReplaceDoBlockWithEmptyBlockOperator",			"mutationStart" : 256,			"method" : "importImage:to:",			"mutationEnd" : 504		},		{			"operatorDescription" : "Replace #ifTrue: receiver with false",			"class" : "PhLDirectoryBasedImageRepository",			"operatorClass" : "ReplaceIfTrueReceiverWithFalseOperator",			"mutationStart" : 37,			"method" : "ensureNoImageWithName:",			"mutationEnd" : 132		},		{			"operatorDescription" : "Replace #ifTrue:ifFalse: receiver with true",			"class" : "PhLDirectoryBasedImageRepository",			"operatorClass" : "ReplaceIfTrueIfFalseReceiverWithTrueOperator",			"mutationStart" : 250,			"method" : "newNameForFile:whenRelocatingToImageNamed:",			"mutationEnd" : 373		},		{			"operatorDescription" : "Replace #ifFalse: receiver with true",			"class" : "PhLDirectoryBasedImageRepository",			"operatorClass" : "ReplaceIfFalseReceiverWithTrueOperator",			"mutationStart" : 61,			"method" : "renameImageNamed:to:",			"mutationEnd" : 133		},		{			"operatorDescription" : "Remove ^",			"class" : "PhLDirectoryBasedImageRepository",			"operatorClass" : "RemoveCaretOperator",			"mutationStart" : 37,			"method" : "makeUniqueImageName:",			"mutationEnd" : 100		},		{			"operatorDescription" : "Remove ^",			"class" : "PhLDirectoryBasedImageRepository",			"operatorClass" : "RemoveCaretOperator",			"mutationStart" : 12,			"method" : "hasImages",			"mutationEnd" : 33		},		{			"operatorDescription" : "Remove ^",			"class" : "PhLDirectoryBasedImageRepository",			"operatorClass" : "RemoveCaretOperator",			"mutationStart" : 125,			"method" : "importImageNamed:andSiblingFilesto:",			"mutationEnd" : 130		},		{			"operatorDescription" : "Replace #ifFalse: receiver with false",			"class" : "PhLDirectoryBasedImageRepository",			"operatorClass" : "ReplaceIfFalseReceiverWithFalseOperator",			"mutationStart" : 81,			"method" : "importImageNamed:andSiblingFilesto:",			"mutationEnd" : 132		},		{			"operatorDescription" : "Replace #ifFalse: receiver with true",			"class" : "PhLDirectoryBasedImageRepository",			"operatorClass" : "ReplaceIfFalseReceiverWithTrueOperator",			"mutationStart" : 81,			"method" : "importImageNamed:andSiblingFilesto:",			"mutationEnd" : 132		},		{			"operatorDescription" : "Replace #ifFalse: with #ifTrue:",			"class" : "PhLDirectoryBasedImageRepository",			"operatorClass" : "ReplaceIfFalseWithIfTrueMutantOperator",			"mutationStart" : 81,			"method" : "importImageNamed:andSiblingFilesto:",			"mutationEnd" : 132		},		{			"operatorDescription" : "Replace #and: argument with [true]",			"class" : "PhLDirectoryBasedImageRepository",			"operatorClass" : "ReplaceAndArgumentWithTrueOperator",			"mutationStart" : 34,			"method" : "isNewImageNameValid:",			"mutationEnd" : 100		},		{			"operatorDescription" : "Replace #and: receiver with true",			"class" : "PhLDirectoryBasedImageRepository",			"operatorClass" : "ReplaceAndReceiverWithTrueOperator",			"mutationStart" : 34,			"method" : "isNewImageNameValid:",			"mutationEnd" : 100		},		{			"operatorDescription" : "Replace #and: with #bEqv:",			"class" : "PhLDirectoryBasedImageRepository",			"operatorClass" : "ReplaceAndWithEqvMutantOperator",			"mutationStart" : 34,			"method" : "isNewImageNameValid:",			"mutationEnd" : 100		},		{			"operatorDescription" : "Replace #and: with #or:",			"class" : "PhLDirectoryBasedImageRepository",			"operatorClass" : "ReplaceAndWithOrMutantOperator",			"mutationStart" : 34,			"method" : "isNewImageNameValid:",			"mutationEnd" : 100		},		{			"operatorDescription" : "Remove ^",			"class" : "PhLDirectoryBasedImageRepository",			"operatorClass" : "RemoveCaretOperator",			"mutationStart" : 8,			"method" : "roots",			"mutationEnd" : 100		},		{			"operatorDescription" : "Replace #< with #>",			"class" : "PhLDirectoryBasedImageRepository",			"operatorClass" : "ReplaceLessWithGreaterMutantOperator",			"mutationStart" : 50,			"method" : "roots",			"mutationEnd" : 98		},		{			"operatorDescription" : "Remove ^",			"class" : "PhLDirectoryBasedImageRepository class",			"operatorClass" : "RemoveCaretOperator",			"mutationStart" : 74,			"method" : "location:",			"mutationEnd" : 79		},		{			"operatorDescription" : "Replace #= with #'~='",			"class" : "PhLDirectoryBasedImageRepository class",			"operatorClass" : "ReplaceEqualWithNotEqualOperator",			"mutationStart" : 22,			"method" : "location:",			"mutationEnd" : 62		},		{			"operatorDescription" : "Replace #ifTrue: receiver with false",			"class" : "PhLDirectoryBasedImageRepository class",			"operatorClass" : "ReplaceIfTrueReceiverWithFalseOperator",			"mutationStart" : 22,			"method" : "location:",			"mutationEnd" : 81		},		{			"operatorDescription" : "Replace #ifTrue: receiver with true",			"class" : "PhLDirectoryBasedImageRepository class",			"operatorClass" : "ReplaceIfTrueReceiverWithTrueOperator",			"mutationStart" : 22,			"method" : "location:",			"mutationEnd" : 81		},		{			"operatorDescription" : "Replace #ifTrue: with #ifFalse:",			"class" : "PhLDirectoryBasedImageRepository class",			"operatorClass" : "ReplaceIfTrueWithIfFalseMutantOperator",			"mutationStart" : 22,			"method" : "location:",			"mutationEnd" : 81		},		{			"operatorDescription" : "Remove ^",			"class" : "PhLDirectoryBasedImageRepository class",			"operatorClass" : "RemoveCaretOperator",			"mutationStart" : 26,			"method" : "launcherStartUpPriority",			"mutationEnd" : 28		},		{			"operatorDescription" : "Replace #and: argument with [true]",			"class" : "PhLDirectoryBasedImageRepository class",			"operatorClass" : "ReplaceAndArgumentWithTrueOperator",			"mutationStart" : 43,			"method" : "migrateFrom:to:",			"mutationEnd" : 114		},		{			"operatorDescription" : "Replace #and: receiver with true",			"class" : "PhLDirectoryBasedImageRepository class",			"operatorClass" : "ReplaceAndReceiverWithTrueOperator",			"mutationStart" : 43,			"method" : "migrateFrom:to:",			"mutationEnd" : 114		},		{			"operatorDescription" : "Replace #and: with #bEqv:",			"class" : "PhLDirectoryBasedImageRepository class",			"operatorClass" : "ReplaceAndWithEqvMutantOperator",			"mutationStart" : 43,			"method" : "migrateFrom:to:",			"mutationEnd" : 114		},		{			"operatorDescription" : "Replace #and: with #nand:",			"class" : "PhLDirectoryBasedImageRepository class",			"operatorClass" : "ReplaceAndWithNandMutantOperator",			"mutationStart" : 43,			"method" : "migrateFrom:to:",			"mutationEnd" : 114		},		{			"operatorDescription" : "Replace #and: with #or:",			"class" : "PhLDirectoryBasedImageRepository class",			"operatorClass" : "ReplaceAndWithOrMutantOperator",			"mutationStart" : 43,			"method" : "migrateFrom:to:",			"mutationEnd" : 114		},		{			"operatorDescription" : "Replace #and: with false",			"class" : "PhLDirectoryBasedImageRepository class",			"operatorClass" : "ReplaceAndWithFalseOperator",			"mutationStart" : 43,			"method" : "migrateFrom:to:",			"mutationEnd" : 114		},		{			"operatorDescription" : "Replace #ifTrue: receiver with false",			"class" : "PhLDirectoryBasedImageRepository class",			"operatorClass" : "ReplaceIfTrueReceiverWithFalseOperator",			"mutationStart" : 43,			"method" : "migrateFrom:to:",			"mutationEnd" : 231		},		{			"operatorDescription" : "Replace #ifTrue: receiver with true",			"class" : "PhLDirectoryBasedImageRepository class",			"operatorClass" : "ReplaceIfTrueReceiverWithTrueOperator",			"mutationStart" : 43,			"method" : "migrateFrom:to:",			"mutationEnd" : 231		},		{			"operatorDescription" : "Replace #ifTrue: with #ifFalse:",			"class" : "PhLDirectoryBasedImageRepository class",			"operatorClass" : "ReplaceIfTrueWithIfFalseMutantOperator",			"mutationStart" : 43,			"method" : "migrateFrom:to:",			"mutationEnd" : 231		},		{			"operatorDescription" : "Remove ^",			"class" : "PhLDirectoryBasedImageRepository class",			"operatorClass" : "RemoveCaretOperator",			"mutationStart" : 18,			"method" : "defaultLocation",			"mutationEnd" : 67		},		{			"operatorDescription" : "Replace #/ with #*",			"class" : "PhLDirectoryBasedImageRepository class",			"operatorClass" : "ReplaceDivisionWithMultiplicationMutantOperator",			"mutationStart" : 20,			"method" : "defaultLocation",			"mutationEnd" : 67		},		{			"operatorDescription" : "Remove #not",			"class" : "PhLDirectoryBasedImageRepository class",			"operatorClass" : "RemoveNotOperator",			"mutationStart" : 113,			"method" : "launcherStartUp",			"mutationEnd" : 131		},		{			"operatorDescription" : "Replace #and: argument with [true]",			"class" : "PhLDirectoryBasedImageRepository class",			"operatorClass" : "ReplaceAndArgumentWithTrueOperator",			"mutationStart" : 89,			"method" : "launcherStartUp",			"mutationEnd" : 134		},		{			"operatorDescription" : "Replace #and: receiver with true",			"class" : "PhLDirectoryBasedImageRepository class",			"operatorClass" : "ReplaceAndReceiverWithTrueOperator",			"mutationStart" : 89,			"method" : "launcherStartUp",			"mutationEnd" : 134		},		{			"operatorDescription" : "Replace #and: with #bEqv:",			"class" : "PhLDirectoryBasedImageRepository class",			"operatorClass" : "ReplaceAndWithEqvMutantOperator",			"mutationStart" : 89,			"method" : "launcherStartUp",			"mutationEnd" : 134		},		{			"operatorDescription" : "Replace #and: with #nand:",			"class" : "PhLDirectoryBasedImageRepository class",			"operatorClass" : "ReplaceAndWithNandMutantOperator",			"mutationStart" : 89,			"method" : "launcherStartUp",			"mutationEnd" : 134		},		{			"operatorDescription" : "Replace #and: with #or:",			"class" : "PhLDirectoryBasedImageRepository class",			"operatorClass" : "ReplaceAndWithOrMutantOperator",			"mutationStart" : 89,			"method" : "launcherStartUp",			"mutationEnd" : 134		},		{			"operatorDescription" : "Replace #and: with false",			"class" : "PhLDirectoryBasedImageRepository class",			"operatorClass" : "ReplaceAndWithFalseOperator",			"mutationStart" : 89,			"method" : "launcherStartUp",			"mutationEnd" : 134		},		{			"operatorDescription" : "Replace #ifTrue: receiver with false",			"class" : "PhLDirectoryBasedImageRepository class",			"operatorClass" : "ReplaceIfTrueReceiverWithFalseOperator",			"mutationStart" : 89,			"method" : "launcherStartUp",			"mutationEnd" : 384		},		{			"operatorDescription" : "Replace #ifTrue: receiver with true",			"class" : "PhLDirectoryBasedImageRepository class",			"operatorClass" : "ReplaceIfTrueReceiverWithTrueOperator",			"mutationStart" : 89,			"method" : "launcherStartUp",			"mutationEnd" : 384		},		{			"operatorDescription" : "Replace #ifTrue: with #ifFalse:",			"class" : "PhLDirectoryBasedImageRepository class",			"operatorClass" : "ReplaceIfTrueWithIfFalseMutantOperator",			"mutationStart" : 89,			"method" : "launcherStartUp",			"mutationEnd" : 384		},		{			"operatorDescription" : "Remove ^",			"class" : "PhLDirectoryBasedImageRepository class",			"operatorClass" : "RemoveCaretOperator",			"mutationStart" : 35,			"method" : "locationString:",			"mutationEnd" : 92		},		{			"operatorDescription" : "Remove ^",			"class" : "PhLDirectoryBasedImageRepository class",			"operatorClass" : "RemoveCaretOperator",			"mutationStart" : 11,			"method" : "location",			"mutationEnd" : 64		},		{			"operatorDescription" : "Remove ^",			"class" : "PhLDirectoryBasedImageRepository class",			"operatorClass" : "RemoveCaretOperator",			"mutationStart" : 10,			"method" : "default",			"mutationEnd" : 49		},		{			"operatorDescription" : "Remove ^",			"class" : "PhLDirectoryBasedImageRepository class",			"operatorClass" : "RemoveCaretOperator",			"mutationStart" : 17,			"method" : "locationString",			"mutationEnd" : 42		}	],	"testCase" : "PhLDirectoryBasedImageRepositoryTest",	"unixtime" : 1604760811,	"timeTotal" : 1327}