{	"targetClasses" : [		"PhLDeleteVmCommand"	],	"testMethodsIgnored" : [ ],	"methodsNotProfiled" : [ ],	"numberOfOriginalTestMethods" : 4,	"timeDetail" : [		"init: % 0.98 (485 milliseconds)",		"assertionAmplification: % 84.24 (41 seconds 899 milliseconds)",		"selection: % 5.86 (2 seconds 913 milliseconds)",		"inputAmplification: % 8.62 (4 seconds 286 milliseconds)",		"finalize: % 0.31 (156 milliseconds)"	],	"notCoveredInAmplified" : [		{			"operatorDescription" : "Remove ^",			"class" : "PhLDeleteVmCommand",			"operatorClass" : "RemoveCaretOperator",			"mutationStart" : 354,			"method" : "execute",			"mutationEnd" : 359		},		{			"operatorDescription" : "Replace #ifFalse: receiver with true",			"class" : "PhLDeleteVmCommand",			"operatorClass" : "ReplaceIfFalseReceiverWithTrueOperator",			"mutationStart" : 336,			"method" : "execute",			"mutationEnd" : 361		}	],	"mutationScoreAfter" : 66,	"mutationScoreBefore" : 50,	"testAmpLoc" : 133,	"amplifiedMethods" : [		"PhLDeleteVmCommandTest63>>#testCanDeleteAVM_amp_L1_D2_A8"	],	"testLoc" : "58",	"amplifiedClass" : "PhLDeleteVmCommandTest63",	"numberOfAllMutationsInOriginal" : 6,	"targetLoc" : 23,	"newCovered" : [		{			"operatorDescription" : "Remove ^",			"class" : "PhLDeleteVmCommand",			"operatorClass" : "RemoveCaretOperator",			"mutationStart" : 16,			"method" : "asSpecCommand",			"mutationEnd" : 128		}	],	"timeBudgetFinished" : false,	"notCoveredInOriginal" : [		{			"operatorDescription" : "Remove ^",			"class" : "PhLDeleteVmCommand",			"operatorClass" : "RemoveCaretOperator",			"mutationStart" : 16,			"method" : "asSpecCommand",			"mutationEnd" : 128		},		{			"operatorDescription" : "Remove ^",			"class" : "PhLDeleteVmCommand",			"operatorClass" : "RemoveCaretOperator",			"mutationStart" : 354,			"method" : "execute",			"mutationEnd" : 359		},		{			"operatorDescription" : "Replace #ifFalse: receiver with true",			"class" : "PhLDeleteVmCommand",			"operatorClass" : "ReplaceIfFalseReceiverWithTrueOperator",			"mutationStart" : 336,			"method" : "execute",			"mutationEnd" : 361		}	],	"testCase" : "PhLDeleteVmCommandTest",	"unixtime" : 1604665366,	"timeTotal" : 49}