{	"targetClasses" : [		"PhLFileBrowser"	],	"testMethodsIgnored" : [ ],	"methodsNotProfiled" : [		"PhLFileBrowser>>#visitWindows:",		"PhLFileBrowser>>#visitMacOS:"	],	"numberOfOriginalTestMethods" : 1,	"timeDetail" : [		"init: % 5.20 (2 seconds 383 milliseconds)",		"assertionAmplification: % 27.71 (12 seconds 694 milliseconds)",		"selection: % 56.29 (25 seconds 790 milliseconds)",		"inputAmplification: % 2.67 (1 second 224 milliseconds)",		"finalize: % 8.13 (3 seconds 723 milliseconds)"	],	"notCoveredInAmplified" : [		{			"operatorDescription" : "Remove #not",			"class" : "PhLFileBrowser",			"operatorClass" : "RemoveNotOperator",			"mutationStart" : 418,			"method" : "path:",			"mutationEnd" : 431		},		{			"operatorDescription" : "Remove ^",			"class" : "PhLFileBrowser",			"operatorClass" : "RemoveCaretOperator",			"mutationStart" : 329,			"method" : "path:",			"mutationEnd" : 333		},		{			"operatorDescription" : "Remove ^",			"class" : "PhLFileBrowser",			"operatorClass" : "RemoveCaretOperator",			"mutationStart" : 448,			"method" : "path:",			"mutationEnd" : 452		},		{			"operatorDescription" : "Replace #ifFalse: receiver with false",			"class" : "PhLFileBrowser",			"operatorClass" : "ReplaceIfFalseReceiverWithFalseOperator",			"mutationStart" : 307,			"method" : "path:",			"mutationEnd" : 335		},		{			"operatorDescription" : "Replace #ifFalse: receiver with true",			"class" : "PhLFileBrowser",			"operatorClass" : "ReplaceIfFalseReceiverWithTrueOperator",			"mutationStart" : 307,			"method" : "path:",			"mutationEnd" : 335		},		{			"operatorDescription" : "Replace #ifFalse: with #ifTrue:",			"class" : "PhLFileBrowser",			"operatorClass" : "ReplaceIfFalseWithIfTrueMutantOperator",			"mutationStart" : 307,			"method" : "path:",			"mutationEnd" : 335		},		{			"operatorDescription" : "Replace #ifTrue: receiver with false",			"class" : "PhLFileBrowser",			"operatorClass" : "ReplaceIfTrueReceiverWithFalseOperator",			"mutationStart" : 401,			"method" : "path:",			"mutationEnd" : 454		},		{			"operatorDescription" : "Replace #ifTrue: receiver with true",			"class" : "PhLFileBrowser",			"operatorClass" : "ReplaceIfTrueReceiverWithTrueOperator",			"mutationStart" : 202,			"method" : "path:",			"mutationEnd" : 251		},		{			"operatorDescription" : "Replace #ifTrue: receiver with true",			"class" : "PhLFileBrowser",			"operatorClass" : "ReplaceIfTrueReceiverWithTrueOperator",			"mutationStart" : 401,			"method" : "path:",			"mutationEnd" : 454		},		{			"operatorDescription" : "Replace #ifTrue: with #ifFalse:",			"class" : "PhLFileBrowser",			"operatorClass" : "ReplaceIfTrueWithIfFalseMutantOperator",			"mutationStart" : 401,			"method" : "path:",			"mutationEnd" : 454		},		{			"operatorDescription" : "Replace #ifTrue:ifFalse: receiver with false",			"class" : "PhLFileBrowser",			"operatorClass" : "ReplaceIfTrueIfFalseReceiverWithFalseOperator",			"mutationStart" : 348,			"method" : "path:",			"mutationEnd" : 397		},		{			"operatorDescription" : "Replace #ifTrue:ifFalse: receiver with true",			"class" : "PhLFileBrowser",			"operatorClass" : "ReplaceIfTrueIfFalseReceiverWithTrueOperator",			"mutationStart" : 348,			"method" : "path:",			"mutationEnd" : 397		},		{			"operatorDescription" : "Replace #or: argument with [false]",			"class" : "PhLFileBrowser",			"operatorClass" : "ReplaceOrArgumentWithFalseOperator",			"mutationStart" : 401,			"method" : "path:",			"mutationEnd" : 434		},		{			"operatorDescription" : "Replace #or: receiver with false",			"class" : "PhLFileBrowser",			"operatorClass" : "ReplaceOrReceiverWithFalseOperator",			"mutationStart" : 401,			"method" : "path:",			"mutationEnd" : 434		},		{			"operatorDescription" : "Replace #or: with #and:",			"class" : "PhLFileBrowser",			"operatorClass" : "ReplaceOrWithAndMutantOperator",			"mutationStart" : 401,			"method" : "path:",			"mutationEnd" : 434		},		{			"operatorDescription" : "Replace #or: with #bXor:",			"class" : "PhLFileBrowser",			"operatorClass" : "ReplaceOrWithXorMutantOperator",			"mutationStart" : 401,			"method" : "path:",			"mutationEnd" : 434		},		{			"operatorDescription" : "Replace #or: with true",			"class" : "PhLFileBrowser",			"operatorClass" : "ReplaceOrWithTrueOperator",			"mutationStart" : 401,			"method" : "path:",			"mutationEnd" : 434		},		{			"operatorDescription" : "Remove ^",			"class" : "PhLFileBrowser",			"operatorClass" : "RemoveCaretOperator",			"mutationStart" : 26,			"method" : "visitWindows:",			"mutationEnd" : 59		},		{			"operatorDescription" : "Remove ^",			"class" : "PhLFileBrowser",			"operatorClass" : "RemoveCaretOperator",			"mutationStart" : 24,			"method" : "visitMacOS:",			"mutationEnd" : 122		}	],	"mutationScoreAfter" : 20,	"mutationScoreBefore" : 0,	"testAmpLoc" : 29,	"amplifiedMethods" : [		"PhLFileBrowserTest20>>#testCanOpenAFileBrowserOnImageFolder_amp_R0_N0_A2",		"PhLFileBrowserTest20>>#testCanOpenAFileBrowserOnImageFolder_amp"	],	"testLoc" : "4",	"amplifiedClass" : "PhLFileBrowserTest20",	"numberOfAllMutationsInOriginal" : 24,	"targetLoc" : 32,	"newCovered" : [		{			"operatorDescription" : "Remove ^",			"class" : "PhLFileBrowser",			"operatorClass" : "RemoveCaretOperator",			"mutationStart" : 245,			"method" : "path:",			"mutationEnd" : 249		},		{			"operatorDescription" : "Replace #ifTrue: receiver with false",			"class" : "PhLFileBrowser",			"operatorClass" : "ReplaceIfTrueReceiverWithFalseOperator",			"mutationStart" : 202,			"method" : "path:",			"mutationEnd" : 251		},		{			"operatorDescription" : "Replace #ifTrue: with #ifFalse:",			"class" : "PhLFileBrowser",			"operatorClass" : "ReplaceIfTrueWithIfFalseMutantOperator",			"mutationStart" : 202,			"method" : "path:",			"mutationEnd" : 251		},		{			"operatorDescription" : "Remove ^",			"class" : "PhLFileBrowser",			"operatorClass" : "RemoveCaretOperator",			"mutationStart" : 23,			"method" : "visitUnix:",			"mutationEnd" : 126		},		{			"operatorDescription" : "Remove ^",			"class" : "PhLFileBrowser class",			"operatorClass" : "RemoveCaretOperator",			"mutationStart" : 38,			"method" : "openOn:",			"mutationEnd" : 91		}	],	"timeBudgetFinished" : false,	"notCoveredInOriginal" : [		{			"operatorDescription" : "Remove #not",			"class" : "PhLFileBrowser",			"operatorClass" : "RemoveNotOperator",			"mutationStart" : 418,			"method" : "path:",			"mutationEnd" : 431		},		{			"operatorDescription" : "Remove ^",			"class" : "PhLFileBrowser",			"operatorClass" : "RemoveCaretOperator",			"mutationStart" : 245,			"method" : "path:",			"mutationEnd" : 249		},		{			"operatorDescription" : "Remove ^",			"class" : "PhLFileBrowser",			"operatorClass" : "RemoveCaretOperator",			"mutationStart" : 329,			"method" : "path:",			"mutationEnd" : 333		},		{			"operatorDescription" : "Remove ^",			"class" : "PhLFileBrowser",			"operatorClass" : "RemoveCaretOperator",			"mutationStart" : 448,			"method" : "path:",			"mutationEnd" : 452		},		{			"operatorDescription" : "Replace #ifFalse: receiver with false",			"class" : "PhLFileBrowser",			"operatorClass" : "ReplaceIfFalseReceiverWithFalseOperator",			"mutationStart" : 307,			"method" : "path:",			"mutationEnd" : 335		},		{			"operatorDescription" : "Replace #ifFalse: receiver with true",			"class" : "PhLFileBrowser",			"operatorClass" : "ReplaceIfFalseReceiverWithTrueOperator",			"mutationStart" : 307,			"method" : "path:",			"mutationEnd" : 335		},		{			"operatorDescription" : "Replace #ifFalse: with #ifTrue:",			"class" : "PhLFileBrowser",			"operatorClass" : "ReplaceIfFalseWithIfTrueMutantOperator",			"mutationStart" : 307,			"method" : "path:",			"mutationEnd" : 335		},		{			"operatorDescription" : "Replace #ifTrue: receiver with false",			"class" : "PhLFileBrowser",			"operatorClass" : "ReplaceIfTrueReceiverWithFalseOperator",			"mutationStart" : 202,			"method" : "path:",			"mutationEnd" : 251		},		{			"operatorDescription" : "Replace #ifTrue: receiver with false",			"class" : "PhLFileBrowser",			"operatorClass" : "ReplaceIfTrueReceiverWithFalseOperator",			"mutationStart" : 401,			"method" : "path:",			"mutationEnd" : 454		},		{			"operatorDescription" : "Replace #ifTrue: receiver with true",			"class" : "PhLFileBrowser",			"operatorClass" : "ReplaceIfTrueReceiverWithTrueOperator",			"mutationStart" : 202,			"method" : "path:",			"mutationEnd" : 251		},		{			"operatorDescription" : "Replace #ifTrue: receiver with true",			"class" : "PhLFileBrowser",			"operatorClass" : "ReplaceIfTrueReceiverWithTrueOperator",			"mutationStart" : 401,			"method" : "path:",			"mutationEnd" : 454		},		{			"operatorDescription" : "Replace #ifTrue: with #ifFalse:",			"class" : "PhLFileBrowser",			"operatorClass" : "ReplaceIfTrueWithIfFalseMutantOperator",			"mutationStart" : 202,			"method" : "path:",			"mutationEnd" : 251		},		{			"operatorDescription" : "Replace #ifTrue: with #ifFalse:",			"class" : "PhLFileBrowser",			"operatorClass" : "ReplaceIfTrueWithIfFalseMutantOperator",			"mutationStart" : 401,			"method" : "path:",			"mutationEnd" : 454		},		{			"operatorDescription" : "Replace #ifTrue:ifFalse: receiver with false",			"class" : "PhLFileBrowser",			"operatorClass" : "ReplaceIfTrueIfFalseReceiverWithFalseOperator",			"mutationStart" : 348,			"method" : "path:",			"mutationEnd" : 397		},		{			"operatorDescription" : "Replace #ifTrue:ifFalse: receiver with true",			"class" : "PhLFileBrowser",			"operatorClass" : "ReplaceIfTrueIfFalseReceiverWithTrueOperator",			"mutationStart" : 348,			"method" : "path:",			"mutationEnd" : 397		},		{			"operatorDescription" : "Replace #or: argument with [false]",			"class" : "PhLFileBrowser",			"operatorClass" : "ReplaceOrArgumentWithFalseOperator",			"mutationStart" : 401,			"method" : "path:",			"mutationEnd" : 434		},		{			"operatorDescription" : "Replace #or: receiver with false",			"class" : "PhLFileBrowser",			"operatorClass" : "ReplaceOrReceiverWithFalseOperator",			"mutationStart" : 401,			"method" : "path:",			"mutationEnd" : 434		},		{			"operatorDescription" : "Replace #or: with #and:",			"class" : "PhLFileBrowser",			"operatorClass" : "ReplaceOrWithAndMutantOperator",			"mutationStart" : 401,			"method" : "path:",			"mutationEnd" : 434		},		{			"operatorDescription" : "Replace #or: with #bXor:",			"class" : "PhLFileBrowser",			"operatorClass" : "ReplaceOrWithXorMutantOperator",			"mutationStart" : 401,			"method" : "path:",			"mutationEnd" : 434		},		{			"operatorDescription" : "Replace #or: with true",			"class" : "PhLFileBrowser",			"operatorClass" : "ReplaceOrWithTrueOperator",			"mutationStart" : 401,			"method" : "path:",			"mutationEnd" : 434		},		{			"operatorDescription" : "Remove ^",			"class" : "PhLFileBrowser",			"operatorClass" : "RemoveCaretOperator",			"mutationStart" : 26,			"method" : "visitWindows:",			"mutationEnd" : 59		},		{			"operatorDescription" : "Remove ^",			"class" : "PhLFileBrowser",			"operatorClass" : "RemoveCaretOperator",			"mutationStart" : 24,			"method" : "visitMacOS:",			"mutationEnd" : 122		},		{			"operatorDescription" : "Remove ^",			"class" : "PhLFileBrowser",			"operatorClass" : "RemoveCaretOperator",			"mutationStart" : 23,			"method" : "visitUnix:",			"mutationEnd" : 126		},		{			"operatorDescription" : "Remove ^",			"class" : "PhLFileBrowser class",			"operatorClass" : "RemoveCaretOperator",			"mutationStart" : 38,			"method" : "openOn:",			"mutationEnd" : 91		}	],	"testCase" : "PhLFileBrowserTest",	"unixtime" : 1604654026,	"timeTotal" : 45}