{	"targetClasses" : [		"PhLHTTPListingTemplateGroup"	],	"testMethodsIgnored" : [ ],	"methodsNotProfiled" : [		"PhLHTTPListingTemplateGroup>>#password:",		"PhLHTTPListingTemplateGroup>>#username:",		"PhLHTTPListingTemplateGroup>>#setName:url:filterPattern:",		"PhLHTTPListingTemplateGroup>>#templateNameFormat:",		"PhLHTTPListingTemplateGroup class>>#name:url:username:password:",		"PhLHTTPListingTemplateGroup class>>#name:url:filterPattern:username:password:",		"PhLHTTPListingTemplateGroup class>>#name:url:filterPattern:templateNameFormat:username:password:",		"PhLHTTPListingTemplateGroup class>>#name:url:filterPattern:"	],	"numberOfOriginalTestMethods" : 8,	"timeDetail" : [		"init: % 0.57 (1 second 351 milliseconds)",		"assertionAmplification: % 78.96 (3 minutes 7 seconds 251 milliseconds)",		"selection: % 14.98 (35 seconds 523 milliseconds)",		"inputAmplification: % 5.02 (11 seconds 906 milliseconds)",		"finalize: % 0.47 (1 second 106 milliseconds)"	],	"notCoveredInAmplified" : [		{			"operatorDescription" : "Remove ^",			"class" : "PhLHTTPListingTemplateGroup",			"operatorClass" : "RemoveCaretOperator",			"mutationStart" : 20,			"method" : "password:",			"mutationEnd" : 42		},		{			"operatorDescription" : "Replace #/ with #*",			"class" : "PhLHTTPListingTemplateGroup",			"operatorClass" : "ReplaceDivisionWithMultiplicationMutantOperator",			"mutationStart" : 280,			"method" : "createTemplateFromHref:addingTo:",			"mutationEnd" : 303		},		{			"operatorDescription" : "Remove ^",			"class" : "PhLHTTPListingTemplateGroup class",			"operatorClass" : "RemoveCaretOperator",			"mutationStart" : 78,			"method" : "name:url:username:password:",			"mutationEnd" : 184		},		{			"operatorDescription" : "Remove ^",			"class" : "PhLHTTPListingTemplateGroup class",			"operatorClass" : "RemoveCaretOperator",			"mutationStart" : 108,			"method" : "name:url:filterPattern:username:password:",			"mutationEnd" : 244		},		{			"operatorDescription" : "Remove ^",			"class" : "PhLHTTPListingTemplateGroup class",			"operatorClass" : "RemoveCaretOperator",			"mutationStart" : 140,			"method" : "name:url:filterPattern:templateNameFormat:username:password:",			"mutationEnd" : 313		},		{			"operatorDescription" : "Remove ^",			"class" : "PhLHTTPListingTemplateGroup class",			"operatorClass" : "RemoveCaretOperator",			"mutationStart" : 57,			"method" : "name:url:filterPattern:",			"mutationEnd" : 138		}	],	"mutationScoreAfter" : 68,	"mutationScoreBefore" : 47,	"testAmpLoc" : 917,	"amplifiedMethods" : [		"PhLHTTPListingTemplateGroupTest134>>#testIsGroup_amp_A1",		"PhLHTTPListingTemplateGroupTest134>>#testIsGroup_amp_R2",		"PhLHTTPListingTemplateGroupTest134>>#testIsGroup_amp_A10",		"PhLHTTPListingTemplateGroupTest134>>#testIsGroup_amp_R1"	],	"testLoc" : "28",	"amplifiedClass" : "PhLHTTPListingTemplateGroupTest134",	"numberOfAllMutationsInOriginal" : 19,	"targetLoc" : 110,	"newCovered" : [		{			"operatorDescription" : "Remove ^",			"class" : "PhLHTTPListingTemplateGroup",			"operatorClass" : "RemoveCaretOperator",			"mutationStart" : 7,			"method" : "icon",			"mutationEnd" : 31		},		{			"operatorDescription" : "Remove ^",			"class" : "PhLHTTPListingTemplateGroup",			"operatorClass" : "RemoveCaretOperator",			"mutationStart" : 21,			"method" : "templateNameFormat",			"mutationEnd" : 40		},		{			"operatorDescription" : "Remove ^",			"class" : "PhLHTTPListingTemplateGroup",			"operatorClass" : "RemoveCaretOperator",			"mutationStart" : 11,			"method" : "password",			"mutationEnd" : 24		},		{			"operatorDescription" : "Remove ^",			"class" : "PhLHTTPListingTemplateGroup",			"operatorClass" : "RemoveCaretOperator",			"mutationStart" : 11,			"method" : "username",			"mutationEnd" : 24		}	],	"timeBudgetFinished" : false,	"notCoveredInOriginal" : [		{			"operatorDescription" : "Remove ^",			"class" : "PhLHTTPListingTemplateGroup",			"operatorClass" : "RemoveCaretOperator",			"mutationStart" : 20,			"method" : "password:",			"mutationEnd" : 42		},		{			"operatorDescription" : "Remove ^",			"class" : "PhLHTTPListingTemplateGroup",			"operatorClass" : "RemoveCaretOperator",			"mutationStart" : 7,			"method" : "icon",			"mutationEnd" : 31		},		{			"operatorDescription" : "Replace #/ with #*",			"class" : "PhLHTTPListingTemplateGroup",			"operatorClass" : "ReplaceDivisionWithMultiplicationMutantOperator",			"mutationStart" : 280,			"method" : "createTemplateFromHref:addingTo:",			"mutationEnd" : 303		},		{			"operatorDescription" : "Remove ^",			"class" : "PhLHTTPListingTemplateGroup",			"operatorClass" : "RemoveCaretOperator",			"mutationStart" : 21,			"method" : "templateNameFormat",			"mutationEnd" : 40		},		{			"operatorDescription" : "Remove ^",			"class" : "PhLHTTPListingTemplateGroup",			"operatorClass" : "RemoveCaretOperator",			"mutationStart" : 11,			"method" : "password",			"mutationEnd" : 24		},		{			"operatorDescription" : "Remove ^",			"class" : "PhLHTTPListingTemplateGroup",			"operatorClass" : "RemoveCaretOperator",			"mutationStart" : 11,			"method" : "username",			"mutationEnd" : 24		},		{			"operatorDescription" : "Remove ^",			"class" : "PhLHTTPListingTemplateGroup class",			"operatorClass" : "RemoveCaretOperator",			"mutationStart" : 78,			"method" : "name:url:username:password:",			"mutationEnd" : 184		},		{			"operatorDescription" : "Remove ^",			"class" : "PhLHTTPListingTemplateGroup class",			"operatorClass" : "RemoveCaretOperator",			"mutationStart" : 108,			"method" : "name:url:filterPattern:username:password:",			"mutationEnd" : 244		},		{			"operatorDescription" : "Remove ^",			"class" : "PhLHTTPListingTemplateGroup class",			"operatorClass" : "RemoveCaretOperator",			"mutationStart" : 140,			"method" : "name:url:filterPattern:templateNameFormat:username:password:",			"mutationEnd" : 313		},		{			"operatorDescription" : "Remove ^",			"class" : "PhLHTTPListingTemplateGroup class",			"operatorClass" : "RemoveCaretOperator",			"mutationStart" : 57,			"method" : "name:url:filterPattern:",			"mutationEnd" : 138		}	],	"testCase" : "PhLHTTPListingTemplateGroupTest",	"unixtime" : 1604659642,	"timeTotal" : 237}