{	"targetClasses" : [		"PhLImageCreationPresenter"	],	"testMethodsIgnored" : [ ],	"methodsNotProfiled" : [		"PhLImageCreationPresenter>>#selectInitializationScript:",		"PhLImageCreationPresenter>>#checkNewName:",		"PhLImageCreationPresenter>>#imageName:"	],	"numberOfOriginalTestMethods" : 1,	"timeDetail" : [		"init: % 1.00 (4 seconds 148 milliseconds)",		"assertionAmplification: % 58.24 (4 minutes 1 second 333 milliseconds)",		"selection: % 37.17 (2 minutes 34 seconds 54 milliseconds)",		"inputAmplification: % 1.07 (4 seconds 446 milliseconds)",		"finalize: % 2.52 (10 seconds 428 milliseconds)"	],	"notCoveredInAmplified" : [		{			"operatorDescription" : "Remove ^",			"class" : "PhLImageCreationPresenter",			"operatorClass" : "RemoveCaretOperator",			"mutationStart" : 480,			"method" : "checkNewName:",			"mutationEnd" : 485		},		{			"operatorDescription" : "Replace #= with #'~='",			"class" : "PhLImageCreationPresenter",			"operatorClass" : "ReplaceEqualWithNotEqualOperator",			"mutationStart" : 451,			"method" : "checkNewName:",			"mutationEnd" : 468		},		{			"operatorDescription" : "Replace #ifTrue: receiver with false",			"class" : "PhLImageCreationPresenter",			"operatorClass" : "ReplaceIfTrueReceiverWithFalseOperator",			"mutationStart" : 451,			"method" : "checkNewName:",			"mutationEnd" : 487		},		{			"operatorDescription" : "Replace #ifTrue: receiver with true",			"class" : "PhLImageCreationPresenter",			"operatorClass" : "ReplaceIfTrueReceiverWithTrueOperator",			"mutationStart" : 451,			"method" : "checkNewName:",			"mutationEnd" : 487		},		{			"operatorDescription" : "Replace #ifTrue: with #ifFalse:",			"class" : "PhLImageCreationPresenter",			"operatorClass" : "ReplaceIfTrueWithIfFalseMutantOperator",			"mutationStart" : 451,			"method" : "checkNewName:",			"mutationEnd" : 487		},		{			"operatorDescription" : "Replace #ifTrue:ifFalse: receiver with false",			"class" : "PhLImageCreationPresenter",			"operatorClass" : "ReplaceIfTrueIfFalseReceiverWithFalseOperator",			"mutationStart" : 492,			"method" : "checkNewName:",			"mutationEnd" : 572		},		{			"operatorDescription" : "Replace #ifTrue:ifFalse: receiver with true",			"class" : "PhLImageCreationPresenter",			"operatorClass" : "ReplaceIfTrueIfFalseReceiverWithTrueOperator",			"mutationStart" : 492,			"method" : "checkNewName:",			"mutationEnd" : 572		},		{			"operatorDescription" : "Replace #isEmpty with #notEmpty",			"class" : "PhLImageCreationPresenter",			"operatorClass" : "ReplaceIsEmptyWithNotEmptyMutantOperator",			"mutationStart" : 290,			"method" : "checkNewName:",			"mutationEnd" : 301		},		{			"operatorDescription" : "Replace #or: argument with [false]",			"class" : "PhLImageCreationPresenter",			"operatorClass" : "ReplaceOrArgumentWithFalseOperator",			"mutationStart" : 290,			"method" : "checkNewName:",			"mutationEnd" : 400		},		{			"operatorDescription" : "Replace #or: receiver with false",			"class" : "PhLImageCreationPresenter",			"operatorClass" : "ReplaceOrReceiverWithFalseOperator",			"mutationStart" : 290,			"method" : "checkNewName:",			"mutationEnd" : 400		},		{			"operatorDescription" : "Replace #or: with #and:",			"class" : "PhLImageCreationPresenter",			"operatorClass" : "ReplaceOrWithAndMutantOperator",			"mutationStart" : 290,			"method" : "checkNewName:",			"mutationEnd" : 400		},		{			"operatorDescription" : "Replace #or: with #bXor:",			"class" : "PhLImageCreationPresenter",			"operatorClass" : "ReplaceOrWithXorMutantOperator",			"mutationStart" : 290,			"method" : "checkNewName:",			"mutationEnd" : 400		},		{			"operatorDescription" : "Replace #or: with true",			"class" : "PhLImageCreationPresenter",			"operatorClass" : "ReplaceOrWithTrueOperator",			"mutationStart" : 290,			"method" : "checkNewName:",			"mutationEnd" : 400		},		{			"operatorDescription" : "Remove Exception Handler Operator",			"class" : "PhLImageCreationPresenter",			"operatorClass" : "RemoveExceptionHandlerOperator",			"mutationStart" : 935,			"method" : "initializePresenters",			"mutationEnd" : 1147		},		{			"operatorDescription" : "Replace #ifTrue:ifFalse: receiver with true",			"class" : "PhLImageCreationPresenter",			"operatorClass" : "ReplaceIfTrueIfFalseReceiverWithTrueOperator",			"mutationStart" : 96,			"method" : "template",			"mutationEnd" : 169		},		{			"operatorDescription" : "Replace Select block with [:each | true]",			"class" : "PhLImageCreationPresenter",			"operatorClass" : "ReplaceSelectBlockWithAlwaysTrueBlockOperator",			"mutationStart" : 26,			"method" : "initializationScripts",			"mutationEnd" : 109		},		{			"operatorDescription" : "Replace #ifTrue:ifFalse: receiver with false",			"class" : "PhLImageCreationPresenter",			"operatorClass" : "ReplaceIfTrueIfFalseReceiverWithFalseOperator",			"mutationStart" : 50,			"method" : "modelChanged",			"mutationEnd" : 180		},		{			"operatorDescription" : "Replace #ifTrue:ifFalse: receiver with true",			"class" : "PhLImageCreationPresenter",			"operatorClass" : "ReplaceIfTrueIfFalseReceiverWithTrueOperator",			"mutationStart" : 50,			"method" : "modelChanged",			"mutationEnd" : 180		},		{			"operatorDescription" : "Remove ^",			"class" : "PhLImageCreationPresenter class",			"operatorClass" : "RemoveCaretOperator",			"mutationStart" : 14,			"method" : "defaultSpec",			"mutationEnd" : 554		}	],	"mutationScoreAfter" : 44,	"mutationScoreBefore" : 32,	"testAmpLoc" : 1099,	"amplifiedMethods" : [		"PhLImageCreationPresenterTest20>>#testInitializationScriptListUpdatedWhenScriptPresenterDoChange_amp"	],	"testLoc" : "24",	"amplifiedClass" : "PhLImageCreationPresenterTest20",	"numberOfAllMutationsInOriginal" : 34,	"targetLoc" : 145,	"newCovered" : [		{			"operatorDescription" : "Remove ^",			"class" : "PhLImageCreationPresenter",			"operatorClass" : "RemoveCaretOperator",			"mutationStart" : 14,			"method" : "description",			"mutationEnd" : 44		},		{			"operatorDescription" : "Remove ^",			"class" : "PhLImageCreationPresenter",			"operatorClass" : "RemoveCaretOperator",			"mutationStart" : 23,			"method" : "initializationScript",			"mutationEnd" : 47		},		{			"operatorDescription" : "Remove ^",			"class" : "PhLImageCreationPresenter",			"operatorClass" : "RemoveCaretOperator",			"mutationStart" : 12,			"method" : "imageName",			"mutationEnd" : 27		},		{			"operatorDescription" : "Remove ^",			"class" : "PhLImageCreationPresenter",			"operatorClass" : "RemoveCaretOperator",			"mutationStart" : 29,			"method" : "noInitializationScriptItem",			"mutationEnd" : 100		}	],	"timeBudgetFinished" : false,	"notCoveredInOriginal" : [		{			"operatorDescription" : "Remove ^",			"class" : "PhLImageCreationPresenter",			"operatorClass" : "RemoveCaretOperator",			"mutationStart" : 14,			"method" : "description",			"mutationEnd" : 44		},		{			"operatorDescription" : "Remove ^",			"class" : "PhLImageCreationPresenter",			"operatorClass" : "RemoveCaretOperator",			"mutationStart" : 480,			"method" : "checkNewName:",			"mutationEnd" : 485		},		{			"operatorDescription" : "Replace #= with #'~='",			"class" : "PhLImageCreationPresenter",			"operatorClass" : "ReplaceEqualWithNotEqualOperator",			"mutationStart" : 451,			"method" : "checkNewName:",			"mutationEnd" : 468		},		{			"operatorDescription" : "Replace #ifTrue: receiver with false",			"class" : "PhLImageCreationPresenter",			"operatorClass" : "ReplaceIfTrueReceiverWithFalseOperator",			"mutationStart" : 451,			"method" : "checkNewName:",			"mutationEnd" : 487		},		{			"operatorDescription" : "Replace #ifTrue: receiver with true",			"class" : "PhLImageCreationPresenter",			"operatorClass" : "ReplaceIfTrueReceiverWithTrueOperator",			"mutationStart" : 451,			"method" : "checkNewName:",			"mutationEnd" : 487		},		{			"operatorDescription" : "Replace #ifTrue: with #ifFalse:",			"class" : "PhLImageCreationPresenter",			"operatorClass" : "ReplaceIfTrueWithIfFalseMutantOperator",			"mutationStart" : 451,			"method" : "checkNewName:",			"mutationEnd" : 487		},		{			"operatorDescription" : "Replace #ifTrue:ifFalse: receiver with false",			"class" : "PhLImageCreationPresenter",			"operatorClass" : "ReplaceIfTrueIfFalseReceiverWithFalseOperator",			"mutationStart" : 492,			"method" : "checkNewName:",			"mutationEnd" : 572		},		{			"operatorDescription" : "Replace #ifTrue:ifFalse: receiver with true",			"class" : "PhLImageCreationPresenter",			"operatorClass" : "ReplaceIfTrueIfFalseReceiverWithTrueOperator",			"mutationStart" : 492,			"method" : "checkNewName:",			"mutationEnd" : 572		},		{			"operatorDescription" : "Replace #isEmpty with #notEmpty",			"class" : "PhLImageCreationPresenter",			"operatorClass" : "ReplaceIsEmptyWithNotEmptyMutantOperator",			"mutationStart" : 290,			"method" : "checkNewName:",			"mutationEnd" : 301		},		{			"operatorDescription" : "Replace #or: argument with [false]",			"class" : "PhLImageCreationPresenter",			"operatorClass" : "ReplaceOrArgumentWithFalseOperator",			"mutationStart" : 290,			"method" : "checkNewName:",			"mutationEnd" : 400		},		{			"operatorDescription" : "Replace #or: receiver with false",			"class" : "PhLImageCreationPresenter",			"operatorClass" : "ReplaceOrReceiverWithFalseOperator",			"mutationStart" : 290,			"method" : "checkNewName:",			"mutationEnd" : 400		},		{			"operatorDescription" : "Replace #or: with #and:",			"class" : "PhLImageCreationPresenter",			"operatorClass" : "ReplaceOrWithAndMutantOperator",			"mutationStart" : 290,			"method" : "checkNewName:",			"mutationEnd" : 400		},		{			"operatorDescription" : "Replace #or: with #bXor:",			"class" : "PhLImageCreationPresenter",			"operatorClass" : "ReplaceOrWithXorMutantOperator",			"mutationStart" : 290,			"method" : "checkNewName:",			"mutationEnd" : 400		},		{			"operatorDescription" : "Replace #or: with true",			"class" : "PhLImageCreationPresenter",			"operatorClass" : "ReplaceOrWithTrueOperator",			"mutationStart" : 290,			"method" : "checkNewName:",			"mutationEnd" : 400		},		{			"operatorDescription" : "Remove Exception Handler Operator",			"class" : "PhLImageCreationPresenter",			"operatorClass" : "RemoveExceptionHandlerOperator",			"mutationStart" : 935,			"method" : "initializePresenters",			"mutationEnd" : 1147		},		{			"operatorDescription" : "Remove ^",			"class" : "PhLImageCreationPresenter",			"operatorClass" : "RemoveCaretOperator",			"mutationStart" : 23,			"method" : "initializationScript",			"mutationEnd" : 47		},		{			"operatorDescription" : "Replace #ifTrue:ifFalse: receiver with true",			"class" : "PhLImageCreationPresenter",			"operatorClass" : "ReplaceIfTrueIfFalseReceiverWithTrueOperator",			"mutationStart" : 96,			"method" : "template",			"mutationEnd" : 169		},		{			"operatorDescription" : "Remove ^",			"class" : "PhLImageCreationPresenter",			"operatorClass" : "RemoveCaretOperator",			"mutationStart" : 12,			"method" : "imageName",			"mutationEnd" : 27		},		{			"operatorDescription" : "Replace Select block with [:each | true]",			"class" : "PhLImageCreationPresenter",			"operatorClass" : "ReplaceSelectBlockWithAlwaysTrueBlockOperator",			"mutationStart" : 26,			"method" : "initializationScripts",			"mutationEnd" : 109		},		{			"operatorDescription" : "Replace #ifTrue:ifFalse: receiver with false",			"class" : "PhLImageCreationPresenter",			"operatorClass" : "ReplaceIfTrueIfFalseReceiverWithFalseOperator",			"mutationStart" : 50,			"method" : "modelChanged",			"mutationEnd" : 180		},		{			"operatorDescription" : "Replace #ifTrue:ifFalse: receiver with true",			"class" : "PhLImageCreationPresenter",			"operatorClass" : "ReplaceIfTrueIfFalseReceiverWithTrueOperator",			"mutationStart" : 50,			"method" : "modelChanged",			"mutationEnd" : 180		},		{			"operatorDescription" : "Remove ^",			"class" : "PhLImageCreationPresenter",			"operatorClass" : "RemoveCaretOperator",			"mutationStart" : 29,			"method" : "noInitializationScriptItem",			"mutationEnd" : 100		},		{			"operatorDescription" : "Remove ^",			"class" : "PhLImageCreationPresenter class",			"operatorClass" : "RemoveCaretOperator",			"mutationStart" : 14,			"method" : "defaultSpec",			"mutationEnd" : 554		}	],	"testCase" : "PhLImageCreationPresenterTest",	"unixtime" : 1604658086,	"timeTotal" : 414}