{	"targetClasses" : [		"PhLImageDescriptionUpdater"	],	"testMethodsIgnored" : [ ],	"methodsNotProfiled" : [		"PhLImageDescriptionUpdater>>#image:description:",		"PhLImageDescriptionUpdater class>>#image:description:"	],	"numberOfOriginalTestMethods" : 7,	"timeDetail" : [		"init: % 2.21 (28 seconds 925 milliseconds)",		"assertionAmplification: % 58.35 (12 minutes 42 seconds 937 milliseconds)",		"selection: % 20.24 (4 minutes 24 seconds 649 milliseconds)",		"inputAmplification: % 13.03 (2 minutes 50 seconds 380 milliseconds)",		"finalize: % 6.17 (1 minute 20 seconds 708 milliseconds)"	],	"notCoveredInAmplified" : [		{			"operatorDescription" : "Remove ^",			"class" : "PhLImageDescriptionUpdater",			"operatorClass" : "RemoveCaretOperator",			"mutationStart" : 12,			"method" : "waitDelay",			"mutationEnd" : 22		},		{			"operatorDescription" : "Remove ^",			"class" : "PhLImageDescriptionUpdater class",			"operatorClass" : "RemoveCaretOperator",			"mutationStart" : 40,			"method" : "image:description:",			"mutationEnd" : 106		}	],	"mutationScoreAfter" : 92,	"mutationScoreBefore" : 88,	"testAmpLoc" : 60,	"amplifiedMethods" : [		"PhLImageDescriptionUpdaterTest121>>#testDoNotSaveNullImage_amp_A7"	],	"testLoc" : "42",	"amplifiedClass" : "PhLImageDescriptionUpdaterTest121",	"numberOfAllMutationsInOriginal" : 27,	"targetLoc" : 39,	"newCovered" : [		{			"operatorDescription" : "Replace #or: argument with [false]",			"class" : "PhLImageDescriptionUpdater",			"operatorClass" : "ReplaceOrArgumentWithFalseOperator",			"mutationStart" : 40,			"method" : "image:description:",			"mutationEnd" : 88		}	],	"timeBudgetFinished" : false,	"notCoveredInOriginal" : [		{			"operatorDescription" : "Replace #or: argument with [false]",			"class" : "PhLImageDescriptionUpdater",			"operatorClass" : "ReplaceOrArgumentWithFalseOperator",			"mutationStart" : 40,			"method" : "image:description:",			"mutationEnd" : 88		},		{			"operatorDescription" : "Remove ^",			"class" : "PhLImageDescriptionUpdater",			"operatorClass" : "RemoveCaretOperator",			"mutationStart" : 12,			"method" : "waitDelay",			"mutationEnd" : 22		},		{			"operatorDescription" : "Remove ^",			"class" : "PhLImageDescriptionUpdater class",			"operatorClass" : "RemoveCaretOperator",			"mutationStart" : 40,			"method" : "image:description:",			"mutationEnd" : 106		}	],	"testCase" : "PhLImageDescriptionUpdaterTest",	"unixtime" : 1604665111,	"timeTotal" : 1307}