{	"targetClasses" : [		"PhLImportImageCommand"	],	"testMethodsIgnored" : [ ],	"methodsNotProfiled" : [		"PhLImportImageCommand>>#chooseNewImageNameFor:"	],	"numberOfOriginalTestMethods" : 1,	"timeDetail" : [		"init: % 3.00 (690 milliseconds)",		"assertionAmplification: % 73.88 (16 seconds 991 milliseconds)",		"selection: % 15.48 (3 seconds 559 milliseconds)",		"inputAmplification: % 4.48 (1 second 31 milliseconds)",		"finalize: % 3.16 (727 milliseconds)"	],	"notCoveredInAmplified" : [		{			"operatorDescription" : "Remove ^",			"class" : "PhLImportImageCommand",			"operatorClass" : "RemoveCaretOperator",			"mutationStart" : 16,			"method" : "asSpecCommand",			"mutationEnd" : 129		},		{			"operatorDescription" : "Remove ^",			"class" : "PhLImportImageCommand",			"operatorClass" : "RemoveCaretOperator",			"mutationStart" : 358,			"method" : "execute",			"mutationEnd" : 363		},		{			"operatorDescription" : "Replace #ifTrue: receiver with false",			"class" : "PhLImportImageCommand",			"operatorClass" : "ReplaceIfTrueReceiverWithFalseOperator",			"mutationStart" : 334,			"method" : "execute",			"mutationEnd" : 374		},		{			"operatorDescription" : "Replace #ifTrue: receiver with false",			"class" : "PhLImportImageCommand",			"operatorClass" : "ReplaceIfTrueReceiverWithFalseOperator",			"mutationStart" : 378,			"method" : "execute",			"mutationEnd" : 424		},		{			"operatorDescription" : "Remove Exception Handler Operator",			"class" : "PhLImportImageCommand",			"operatorClass" : "RemoveExceptionHandlerOperator",			"mutationStart" : 187,			"method" : "import:",			"mutationEnd" : 345		},		{			"operatorDescription" : "Remove ^",			"class" : "PhLImportImageCommand",			"operatorClass" : "RemoveCaretOperator",			"mutationStart" : 373,			"method" : "import:",			"mutationEnd" : 378		},		{			"operatorDescription" : "Replace #ifTrue:ifFalse: receiver with false",			"class" : "PhLImportImageCommand",			"operatorClass" : "ReplaceIfTrueIfFalseReceiverWithFalseOperator",			"mutationStart" : 394,			"method" : "import:",			"mutationEnd" : 593		},		{			"operatorDescription" : "Remove ^",			"class" : "PhLImportImageCommand",			"operatorClass" : "RemoveCaretOperator",			"mutationStart" : 359,			"method" : "importImage",			"mutationEnd" : 364		},		{			"operatorDescription" : "Remove ^",			"class" : "PhLImportImageCommand",			"operatorClass" : "RemoveCaretOperator",			"mutationStart" : 557,			"method" : "importImage",			"mutationEnd" : 562		},		{			"operatorDescription" : "Replace #ifTrue: receiver with false",			"class" : "PhLImportImageCommand",			"operatorClass" : "ReplaceIfTrueReceiverWithFalseOperator",			"mutationStart" : 370,			"method" : "importImage",			"mutationEnd" : 564		},		{			"operatorDescription" : "Remove #not",			"class" : "PhLImportImageCommand",			"operatorClass" : "RemoveNotOperator",			"mutationStart" : 287,			"method" : "chooseNewImageNameFor:",			"mutationEnd" : 350		},		{			"operatorDescription" : "Remove ^",			"class" : "PhLImportImageCommand",			"operatorClass" : "RemoveCaretOperator",			"mutationStart" : 37,			"method" : "chooseNewImageNameFor:",			"mutationEnd" : 363		}	],	"mutationScoreAfter" : 45,	"mutationScoreBefore" : 22,	"testAmpLoc" : 285,	"amplifiedMethods" : [		"PhLImportImageCommandTest17>>#testCanImportAnImage_amp_L9",		"PhLImportImageCommandTest17>>#testCanImportAnImage_amp_O0",		"PhLImportImageCommandTest17>>#testCanImportAnImage_amp_L10"	],	"testLoc" : "18",	"amplifiedClass" : "PhLImportImageCommandTest17",	"numberOfAllMutationsInOriginal" : 22,	"targetLoc" : 70,	"newCovered" : [		{			"operatorDescription" : "Replace #= with #'~='",			"class" : "PhLImportImageCommand",			"operatorClass" : "ReplaceEqualWithNotEqualOperator",			"mutationStart" : 378,			"method" : "execute",			"mutationEnd" : 387		},		{			"operatorDescription" : "Replace #ifTrue: receiver with true",			"class" : "PhLImportImageCommand",			"operatorClass" : "ReplaceIfTrueReceiverWithTrueOperator",			"mutationStart" : 378,			"method" : "execute",			"mutationEnd" : 424		},		{			"operatorDescription" : "Replace #ifTrue: with #ifFalse:",			"class" : "PhLImportImageCommand",			"operatorClass" : "ReplaceIfTrueWithIfFalseMutantOperator",			"mutationStart" : 378,			"method" : "execute",			"mutationEnd" : 424		},		{			"operatorDescription" : "Replace #ifTrue:ifFalse: receiver with true",			"class" : "PhLImportImageCommand",			"operatorClass" : "ReplaceIfTrueIfFalseReceiverWithTrueOperator",			"mutationStart" : 394,			"method" : "import:",			"mutationEnd" : 593		},		{			"operatorDescription" : "Remove ^",			"class" : "PhLImportImageCommand",			"operatorClass" : "RemoveCaretOperator",			"mutationStart" : 16,			"method" : "canBeExecuted",			"mutationEnd" : 21		}	],	"timeBudgetFinished" : false,	"notCoveredInOriginal" : [		{			"operatorDescription" : "Remove ^",			"class" : "PhLImportImageCommand",			"operatorClass" : "RemoveCaretOperator",			"mutationStart" : 16,			"method" : "asSpecCommand",			"mutationEnd" : 129		},		{			"operatorDescription" : "Remove ^",			"class" : "PhLImportImageCommand",			"operatorClass" : "RemoveCaretOperator",			"mutationStart" : 358,			"method" : "execute",			"mutationEnd" : 363		},		{			"operatorDescription" : "Replace #= with #'~='",			"class" : "PhLImportImageCommand",			"operatorClass" : "ReplaceEqualWithNotEqualOperator",			"mutationStart" : 378,			"method" : "execute",			"mutationEnd" : 387		},		{			"operatorDescription" : "Replace #ifTrue: receiver with false",			"class" : "PhLImportImageCommand",			"operatorClass" : "ReplaceIfTrueReceiverWithFalseOperator",			"mutationStart" : 334,			"method" : "execute",			"mutationEnd" : 374		},		{			"operatorDescription" : "Replace #ifTrue: receiver with false",			"class" : "PhLImportImageCommand",			"operatorClass" : "ReplaceIfTrueReceiverWithFalseOperator",			"mutationStart" : 378,			"method" : "execute",			"mutationEnd" : 424		},		{			"operatorDescription" : "Replace #ifTrue: receiver with true",			"class" : "PhLImportImageCommand",			"operatorClass" : "ReplaceIfTrueReceiverWithTrueOperator",			"mutationStart" : 378,			"method" : "execute",			"mutationEnd" : 424		},		{			"operatorDescription" : "Replace #ifTrue: with #ifFalse:",			"class" : "PhLImportImageCommand",			"operatorClass" : "ReplaceIfTrueWithIfFalseMutantOperator",			"mutationStart" : 378,			"method" : "execute",			"mutationEnd" : 424		},		{			"operatorDescription" : "Remove Exception Handler Operator",			"class" : "PhLImportImageCommand",			"operatorClass" : "RemoveExceptionHandlerOperator",			"mutationStart" : 187,			"method" : "import:",			"mutationEnd" : 345		},		{			"operatorDescription" : "Remove ^",			"class" : "PhLImportImageCommand",			"operatorClass" : "RemoveCaretOperator",			"mutationStart" : 373,			"method" : "import:",			"mutationEnd" : 378		},		{			"operatorDescription" : "Replace #ifTrue:ifFalse: receiver with false",			"class" : "PhLImportImageCommand",			"operatorClass" : "ReplaceIfTrueIfFalseReceiverWithFalseOperator",			"mutationStart" : 394,			"method" : "import:",			"mutationEnd" : 593		},		{			"operatorDescription" : "Replace #ifTrue:ifFalse: receiver with true",			"class" : "PhLImportImageCommand",			"operatorClass" : "ReplaceIfTrueIfFalseReceiverWithTrueOperator",			"mutationStart" : 394,			"method" : "import:",			"mutationEnd" : 593		},		{			"operatorDescription" : "Remove ^",			"class" : "PhLImportImageCommand",			"operatorClass" : "RemoveCaretOperator",			"mutationStart" : 359,			"method" : "importImage",			"mutationEnd" : 364		},		{			"operatorDescription" : "Remove ^",			"class" : "PhLImportImageCommand",			"operatorClass" : "RemoveCaretOperator",			"mutationStart" : 557,			"method" : "importImage",			"mutationEnd" : 562		},		{			"operatorDescription" : "Replace #ifTrue: receiver with false",			"class" : "PhLImportImageCommand",			"operatorClass" : "ReplaceIfTrueReceiverWithFalseOperator",			"mutationStart" : 370,			"method" : "importImage",			"mutationEnd" : 564		},		{			"operatorDescription" : "Remove #not",			"class" : "PhLImportImageCommand",			"operatorClass" : "RemoveNotOperator",			"mutationStart" : 287,			"method" : "chooseNewImageNameFor:",			"mutationEnd" : 350		},		{			"operatorDescription" : "Remove ^",			"class" : "PhLImportImageCommand",			"operatorClass" : "RemoveCaretOperator",			"mutationStart" : 37,			"method" : "chooseNewImageNameFor:",			"mutationEnd" : 363		},		{			"operatorDescription" : "Remove ^",			"class" : "PhLImportImageCommand",			"operatorClass" : "RemoveCaretOperator",			"mutationStart" : 16,			"method" : "canBeExecuted",			"mutationEnd" : 21		}	],	"testCase" : "PhLImportImageCommandTest",	"unixtime" : 1604655819,	"timeTotal" : 22}