{	"targetClasses" : [		"PhLJenkins2Server"	],	"testMethodsIgnored" : [ ],	"methodsNotProfiled" : [		"PhLJenkins2Server class>>#name:url:username:password:"	],	"numberOfOriginalTestMethods" : 4,	"timeDetail" : [		"init: % 0.19 (457 milliseconds)",		"assertionAmplification: % 72.12 (2 minutes 57 seconds 307 milliseconds)",		"selection: % 25.41 (1 minute 2 seconds 464 milliseconds)",		"inputAmplification: % 1.57 (3 seconds 856 milliseconds)",		"finalize: % 0.72 (1 second 776 milliseconds)"	],	"notCoveredInAmplified" : [		{			"operatorDescription" : "Remove ^",			"class" : "PhLJenkins2Server class",			"operatorClass" : "RemoveCaretOperator",			"mutationStart" : 78,			"method" : "name:url:username:password:",			"mutationEnd" : 184		},		{			"operatorDescription" : "Remove ^",			"class" : "PhLJenkins2Server class",			"operatorClass" : "RemoveCaretOperator",			"mutationStart" : 67,			"method" : "jsonName",			"mutationEnd" : 91		},		{			"operatorDescription" : "Remove ^",			"class" : "PhLJenkins2Server class",			"operatorClass" : "RemoveCaretOperator",			"mutationStart" : 69,			"method" : "jsonFields",			"mutationEnd" : 93		}	],	"mutationScoreAfter" : 70,	"mutationScoreBefore" : 30,	"testAmpLoc" : 840,	"amplifiedMethods" : [		"PhLJenkins2ServerTest69>>#testNonSecureJenkinsDoesNotIncludesIdentifiersInUrl_amp",		"PhLJenkins2ServerTest69>>#testWith1Job_amp"	],	"testLoc" : "31",	"amplifiedClass" : "PhLJenkins2ServerTest69",	"numberOfAllMutationsInOriginal" : 10,	"targetLoc" : 49,	"newCovered" : [		{			"operatorDescription" : "Remove ^",			"class" : "PhLJenkins2Server",			"operatorClass" : "RemoveCaretOperator",			"mutationStart" : 7,			"method" : "name",			"mutationEnd" : 12		},		{			"operatorDescription" : "Remove ^",			"class" : "PhLJenkins2Server",			"operatorClass" : "RemoveCaretOperator",			"mutationStart" : 21,			"method" : "templatesAndGroups",			"mutationEnd" : 31		},		{			"operatorDescription" : "Remove ^",			"class" : "PhLJenkins2Server",			"operatorClass" : "RemoveCaretOperator",			"mutationStart" : 11,			"method" : "password",			"mutationEnd" : 24		},		{			"operatorDescription" : "Remove ^",			"class" : "PhLJenkins2Server",			"operatorClass" : "RemoveCaretOperator",			"mutationStart" : 11,			"method" : "username",			"mutationEnd" : 24		}	],	"timeBudgetFinished" : false,	"notCoveredInOriginal" : [		{			"operatorDescription" : "Remove ^",			"class" : "PhLJenkins2Server",			"operatorClass" : "RemoveCaretOperator",			"mutationStart" : 7,			"method" : "name",			"mutationEnd" : 12		},		{			"operatorDescription" : "Remove ^",			"class" : "PhLJenkins2Server",			"operatorClass" : "RemoveCaretOperator",			"mutationStart" : 21,			"method" : "templatesAndGroups",			"mutationEnd" : 31		},		{			"operatorDescription" : "Remove ^",			"class" : "PhLJenkins2Server",			"operatorClass" : "RemoveCaretOperator",			"mutationStart" : 11,			"method" : "password",			"mutationEnd" : 24		},		{			"operatorDescription" : "Remove ^",			"class" : "PhLJenkins2Server",			"operatorClass" : "RemoveCaretOperator",			"mutationStart" : 11,			"method" : "username",			"mutationEnd" : 24		},		{			"operatorDescription" : "Remove ^",			"class" : "PhLJenkins2Server class",			"operatorClass" : "RemoveCaretOperator",			"mutationStart" : 78,			"method" : "name:url:username:password:",			"mutationEnd" : 184		},		{			"operatorDescription" : "Remove ^",			"class" : "PhLJenkins2Server class",			"operatorClass" : "RemoveCaretOperator",			"mutationStart" : 67,			"method" : "jsonName",			"mutationEnd" : 91		},		{			"operatorDescription" : "Remove ^",			"class" : "PhLJenkins2Server class",			"operatorClass" : "RemoveCaretOperator",			"mutationStart" : 69,			"method" : "jsonFields",			"mutationEnd" : 93		}	],	"testCase" : "PhLJenkins2ServerTest",	"unixtime" : 1604663532,	"timeTotal" : 245}