{	"targetClasses" : [		"PhLJenkins2Build"	],	"testMethodsIgnored" : [ ],	"methodsNotProfiled" : [ ],	"numberOfOriginalTestMethods" : 6,	"timeDetail" : [		"init: % 0.80 (498 milliseconds)",		"assertionAmplification: % 72.48 (44 seconds 847 milliseconds)",		"selection: % 17.79 (11 seconds 9 milliseconds)",		"inputAmplification: % 8.25 (5 seconds 106 milliseconds)",		"finalize: % 0.67 (414 milliseconds)"	],	"notCoveredInAmplified" : [		{			"operatorDescription" : "Replace #ifTrue: receiver with false",			"class" : "PhLJenkins2Build",			"operatorClass" : "ReplaceIfTrueReceiverWithFalseOperator",			"mutationStart" : 70,			"method" : "propagateLastSuccessfulTagTo:",			"mutationEnd" : 133		},		{			"operatorDescription" : "Replace #ifTrue: receiver with true",			"class" : "PhLJenkins2Build",			"operatorClass" : "ReplaceIfTrueReceiverWithTrueOperator",			"mutationStart" : 70,			"method" : "propagateLastSuccessfulTagTo:",			"mutationEnd" : 133		},		{			"operatorDescription" : "Replace #ifTrue: with #ifFalse:",			"class" : "PhLJenkins2Build",			"operatorClass" : "ReplaceIfTrueWithIfFalseMutantOperator",			"mutationStart" : 70,			"method" : "propagateLastSuccessfulTagTo:",			"mutationEnd" : 133		},		{			"operatorDescription" : "Replace #ifTrue:ifFalse: receiver with true",			"class" : "PhLJenkins2Build",			"operatorClass" : "ReplaceIfTrueIfFalseReceiverWithTrueOperator",			"mutationStart" : 54,			"method" : "runs",			"mutationEnd" : 165		},		{			"operatorDescription" : "Remove ^",			"class" : "PhLJenkins2Build class",			"operatorClass" : "RemoveCaretOperator",			"mutationStart" : 11,			"method" : "jsonName",			"mutationEnd" : 20		}	],	"mutationScoreAfter" : 68,	"mutationScoreBefore" : 37,	"testAmpLoc" : 354,	"amplifiedMethods" : [		"PhLJenkins2BuildTest112>>#testLastSuccessfulBuildPropagateTag_amp",		"PhLJenkins2BuildTest112>>#testBuildWithArtifacts_amp"	],	"testLoc" : "72",	"amplifiedClass" : "PhLJenkins2BuildTest112",	"numberOfAllMutationsInOriginal" : 16,	"targetLoc" : 29,	"newCovered" : [		{			"operatorDescription" : "Remove ^",			"class" : "PhLJenkins2Build",			"operatorClass" : "RemoveCaretOperator",			"mutationStart" : 7,			"method" : "name",			"mutationEnd" : 169		},		{			"operatorDescription" : "Replace #ifTrue: receiver with false",			"class" : "PhLJenkins2Build",			"operatorClass" : "ReplaceIfTrueReceiverWithFalseOperator",			"mutationStart" : 42,			"method" : "name",			"mutationEnd" : 121		},		{			"operatorDescription" : "Replace #ifTrue: receiver with true",			"class" : "PhLJenkins2Build",			"operatorClass" : "ReplaceIfTrueReceiverWithTrueOperator",			"mutationStart" : 42,			"method" : "name",			"mutationEnd" : 121		},		{			"operatorDescription" : "Replace #ifTrue: with #ifFalse:",			"class" : "PhLJenkins2Build",			"operatorClass" : "ReplaceIfTrueWithIfFalseMutantOperator",			"mutationStart" : 42,			"method" : "name",			"mutationEnd" : 121		},		{			"operatorDescription" : "Remove ^",			"class" : "PhLJenkins2Build",			"operatorClass" : "RemoveCaretOperator",			"mutationStart" : 21,			"method" : "templatesAndGroups",			"mutationEnd" : 58		}	],	"timeBudgetFinished" : false,	"notCoveredInOriginal" : [		{			"operatorDescription" : "Remove ^",			"class" : "PhLJenkins2Build",			"operatorClass" : "RemoveCaretOperator",			"mutationStart" : 7,			"method" : "name",			"mutationEnd" : 169		},		{			"operatorDescription" : "Replace #ifTrue: receiver with false",			"class" : "PhLJenkins2Build",			"operatorClass" : "ReplaceIfTrueReceiverWithFalseOperator",			"mutationStart" : 42,			"method" : "name",			"mutationEnd" : 121		},		{			"operatorDescription" : "Replace #ifTrue: receiver with true",			"class" : "PhLJenkins2Build",			"operatorClass" : "ReplaceIfTrueReceiverWithTrueOperator",			"mutationStart" : 42,			"method" : "name",			"mutationEnd" : 121		},		{			"operatorDescription" : "Replace #ifTrue: with #ifFalse:",			"class" : "PhLJenkins2Build",			"operatorClass" : "ReplaceIfTrueWithIfFalseMutantOperator",			"mutationStart" : 42,			"method" : "name",			"mutationEnd" : 121		},		{			"operatorDescription" : "Remove ^",			"class" : "PhLJenkins2Build",			"operatorClass" : "RemoveCaretOperator",			"mutationStart" : 21,			"method" : "templatesAndGroups",			"mutationEnd" : 58		},		{			"operatorDescription" : "Replace #ifTrue: receiver with false",			"class" : "PhLJenkins2Build",			"operatorClass" : "ReplaceIfTrueReceiverWithFalseOperator",			"mutationStart" : 70,			"method" : "propagateLastSuccessfulTagTo:",			"mutationEnd" : 133		},		{			"operatorDescription" : "Replace #ifTrue: receiver with true",			"class" : "PhLJenkins2Build",			"operatorClass" : "ReplaceIfTrueReceiverWithTrueOperator",			"mutationStart" : 70,			"method" : "propagateLastSuccessfulTagTo:",			"mutationEnd" : 133		},		{			"operatorDescription" : "Replace #ifTrue: with #ifFalse:",			"class" : "PhLJenkins2Build",			"operatorClass" : "ReplaceIfTrueWithIfFalseMutantOperator",			"mutationStart" : 70,			"method" : "propagateLastSuccessfulTagTo:",			"mutationEnd" : 133		},		{			"operatorDescription" : "Replace #ifTrue:ifFalse: receiver with true",			"class" : "PhLJenkins2Build",			"operatorClass" : "ReplaceIfTrueIfFalseReceiverWithTrueOperator",			"mutationStart" : 54,			"method" : "runs",			"mutationEnd" : 165		},		{			"operatorDescription" : "Remove ^",			"class" : "PhLJenkins2Build class",			"operatorClass" : "RemoveCaretOperator",			"mutationStart" : 11,			"method" : "jsonName",			"mutationEnd" : 20		}	],	"testCase" : "PhLJenkins2BuildTest",	"unixtime" : 1604693197,	"timeTotal" : 61}