{	"targetClasses" : [		"PhLJenkins2Run"	],	"testMethodsIgnored" : [ ],	"methodsNotProfiled" : [ ],	"numberOfOriginalTestMethods" : 2,	"timeDetail" : [		"init: % 1.90 (320 milliseconds)",		"assertionAmplification: % 72.25 (12 seconds 171 milliseconds)",		"selection: % 9.25 (1 second 559 milliseconds)",		"inputAmplification: % 16.33 (2 seconds 751 milliseconds)",		"finalize: % 0.27 (45 milliseconds)"	],	"notCoveredInAmplified" : [		{			"operatorDescription" : "Remove ^",			"class" : "PhLJenkins2Run",			"operatorClass" : "RemoveCaretOperator",			"mutationStart" : 7,			"method" : "name",			"mutationEnd" : 92		},		{			"operatorDescription" : "Remove ^",			"class" : "PhLJenkins2Run class",			"operatorClass" : "RemoveCaretOperator",			"mutationStart" : 11,			"method" : "jsonName",			"mutationEnd" : 18		}	],	"mutationScoreAfter" : 0,	"mutationScoreBefore" : 0,	"testAmpLoc" : 0,	"amplifiedMethods" : [ ],	"testLoc" : "11",	"amplifiedClass" : "PhLJenkins2RunTest36",	"numberOfAllMutationsInOriginal" : 2,	"targetLoc" : 6,	"newCovered" : [ ],	"timeBudgetFinished" : false,	"notCoveredInOriginal" : [		{			"operatorDescription" : "Remove ^",			"class" : "PhLJenkins2Run",			"operatorClass" : "RemoveCaretOperator",			"mutationStart" : 7,			"method" : "name",			"mutationEnd" : 92		},		{			"operatorDescription" : "Remove ^",			"class" : "PhLJenkins2Run class",			"operatorClass" : "RemoveCaretOperator",			"mutationStart" : 11,			"method" : "jsonName",			"mutationEnd" : 18		}	],	"testCase" : "PhLJenkins2RunTest",	"unixtime" : 1604655796,	"timeTotal" : 16}