{	"targetClasses" : [		"PhLLocalTemplate"	],	"testMethodsIgnored" : [ ],	"methodsNotProfiled" : [		"PhLLocalTemplate>>#renameTo:"	],	"numberOfOriginalTestMethods" : 11,	"timeDetail" : [		"init: % 0.32 (1 second 663 milliseconds)",		"assertionAmplification: % 80.31 (7 minutes 1 second 644 milliseconds)",		"selection: % 15.10 (1 minute 19 seconds 285 milliseconds)",		"inputAmplification: % 4.03 (21 seconds 164 milliseconds)",		"finalize: % 0.25 (1 second 297 milliseconds)"	],	"notCoveredInAmplified" : [		{			"operatorDescription" : "Remove ^",			"class" : "PhLLocalTemplate",			"operatorClass" : "RemoveCaretOperator",			"mutationStart" : 40,			"method" : "=",			"mutationEnd" : 45		},		{			"operatorDescription" : "Remove ^",			"class" : "PhLLocalTemplate",			"operatorClass" : "RemoveCaretOperator",			"mutationStart" : 90,			"method" : "=",			"mutationEnd" : 96		},		{			"operatorDescription" : "Remove ^",			"class" : "PhLLocalTemplate",			"operatorClass" : "RemoveCaretOperator",			"mutationStart" : 102,			"method" : "=",			"mutationEnd" : 165		},		{			"operatorDescription" : "Replace #= with #'~='",			"class" : "PhLLocalTemplate",			"operatorClass" : "ReplaceEqualWithNotEqualOperator",			"mutationStart" : 51,			"method" : "=",			"mutationEnd" : 77		},		{			"operatorDescription" : "Replace #= with #'~='",			"class" : "PhLLocalTemplate",			"operatorClass" : "ReplaceEqualWithNotEqualOperator",			"mutationStart" : 104,			"method" : "=",			"mutationEnd" : 123		},		{			"operatorDescription" : "Replace #= with #'~='",			"class" : "PhLLocalTemplate",			"operatorClass" : "ReplaceEqualWithNotEqualOperator",			"mutationStart" : 135,			"method" : "=",			"mutationEnd" : 163		},		{			"operatorDescription" : "Replace #and: argument with [true]",			"class" : "PhLLocalTemplate",			"operatorClass" : "ReplaceAndArgumentWithTrueOperator",			"mutationStart" : 104,			"method" : "=",			"mutationEnd" : 165		},		{			"operatorDescription" : "Replace #and: receiver with true",			"class" : "PhLLocalTemplate",			"operatorClass" : "ReplaceAndReceiverWithTrueOperator",			"mutationStart" : 104,			"method" : "=",			"mutationEnd" : 165		},		{			"operatorDescription" : "Replace #and: with #bEqv:",			"class" : "PhLLocalTemplate",			"operatorClass" : "ReplaceAndWithEqvMutantOperator",			"mutationStart" : 104,			"method" : "=",			"mutationEnd" : 165		},		{			"operatorDescription" : "Replace #and: with #nand:",			"class" : "PhLLocalTemplate",			"operatorClass" : "ReplaceAndWithNandMutantOperator",			"mutationStart" : 104,			"method" : "=",			"mutationEnd" : 165		},		{			"operatorDescription" : "Replace #and: with #or:",			"class" : "PhLLocalTemplate",			"operatorClass" : "ReplaceAndWithOrMutantOperator",			"mutationStart" : 104,			"method" : "=",			"mutationEnd" : 165		},		{			"operatorDescription" : "Replace #and: with false",			"class" : "PhLLocalTemplate",			"operatorClass" : "ReplaceAndWithFalseOperator",			"mutationStart" : 104,			"method" : "=",			"mutationEnd" : 165		},		{			"operatorDescription" : "Replace #ifFalse: receiver with false",			"class" : "PhLLocalTemplate",			"operatorClass" : "ReplaceIfFalseReceiverWithFalseOperator",			"mutationStart" : 51,			"method" : "=",			"mutationEnd" : 98		},		{			"operatorDescription" : "Replace #ifFalse: receiver with true",			"class" : "PhLLocalTemplate",			"operatorClass" : "ReplaceIfFalseReceiverWithTrueOperator",			"mutationStart" : 51,			"method" : "=",			"mutationEnd" : 98		},		{			"operatorDescription" : "Replace #ifFalse: with #ifTrue:",			"class" : "PhLLocalTemplate",			"operatorClass" : "ReplaceIfFalseWithIfTrueMutantOperator",			"mutationStart" : 51,			"method" : "=",			"mutationEnd" : 98		},		{			"operatorDescription" : "Replace #ifTrue: receiver with false",			"class" : "PhLLocalTemplate",			"operatorClass" : "ReplaceIfTrueReceiverWithFalseOperator",			"mutationStart" : 13,			"method" : "=",			"mutationEnd" : 47		},		{			"operatorDescription" : "Replace #ifTrue: receiver with true",			"class" : "PhLLocalTemplate",			"operatorClass" : "ReplaceIfTrueReceiverWithTrueOperator",			"mutationStart" : 13,			"method" : "=",			"mutationEnd" : 47		},		{			"operatorDescription" : "Replace #ifTrue: with #ifFalse:",			"class" : "PhLLocalTemplate",			"operatorClass" : "ReplaceIfTrueWithIfFalseMutantOperator",			"mutationStart" : 13,			"method" : "=",			"mutationEnd" : 47		},		{			"operatorDescription" : "Replace a == b with (a == b) not",			"class" : "PhLLocalTemplate",			"operatorClass" : "ReplaceIdentityWithNegationOfIdentity",			"mutationStart" : 13,			"method" : "=",			"mutationEnd" : 28		},		{			"operatorDescription" : "Remove ^",			"class" : "PhLLocalTemplate",			"operatorClass" : "RemoveCaretOperator",			"mutationStart" : 7,			"method" : "hash",			"mutationEnd" : 38		}	],	"mutationScoreAfter" : 20,	"mutationScoreBefore" : 12,	"testAmpLoc" : 230,	"amplifiedMethods" : [		"PhLLocalTemplateTest179>>#testDeserializationGivesAFileReferenceToTheTemplate_amp"	],	"testLoc" : "30",	"amplifiedClass" : "PhLLocalTemplateTest179",	"numberOfAllMutationsInOriginal" : 25,	"targetLoc" : 39,	"newCovered" : [		{			"operatorDescription" : "Remove ^",			"class" : "PhLLocalTemplate",			"operatorClass" : "RemoveCaretOperator",			"mutationStart" : 18,			"method" : "isLocalTemplate",			"mutationEnd" : 23		},		{			"operatorDescription" : "Remove ^",			"class" : "PhLLocalTemplate",			"operatorClass" : "RemoveCaretOperator",			"mutationStart" : 6,			"method" : "url",			"mutationEnd" : 9		}	],	"timeBudgetFinished" : false,	"notCoveredInOriginal" : [		{			"operatorDescription" : "Remove ^",			"class" : "PhLLocalTemplate",			"operatorClass" : "RemoveCaretOperator",			"mutationStart" : 18,			"method" : "isLocalTemplate",			"mutationEnd" : 23		},		{			"operatorDescription" : "Remove ^",			"class" : "PhLLocalTemplate",			"operatorClass" : "RemoveCaretOperator",			"mutationStart" : 40,			"method" : "=",			"mutationEnd" : 45		},		{			"operatorDescription" : "Remove ^",			"class" : "PhLLocalTemplate",			"operatorClass" : "RemoveCaretOperator",			"mutationStart" : 90,			"method" : "=",			"mutationEnd" : 96		},		{			"operatorDescription" : "Remove ^",			"class" : "PhLLocalTemplate",			"operatorClass" : "RemoveCaretOperator",			"mutationStart" : 102,			"method" : "=",			"mutationEnd" : 165		},		{			"operatorDescription" : "Replace #= with #'~='",			"class" : "PhLLocalTemplate",			"operatorClass" : "ReplaceEqualWithNotEqualOperator",			"mutationStart" : 51,			"method" : "=",			"mutationEnd" : 77		},		{			"operatorDescription" : "Replace #= with #'~='",			"class" : "PhLLocalTemplate",			"operatorClass" : "ReplaceEqualWithNotEqualOperator",			"mutationStart" : 104,			"method" : "=",			"mutationEnd" : 123		},		{			"operatorDescription" : "Replace #= with #'~='",			"class" : "PhLLocalTemplate",			"operatorClass" : "ReplaceEqualWithNotEqualOperator",			"mutationStart" : 135,			"method" : "=",			"mutationEnd" : 163		},		{			"operatorDescription" : "Replace #and: argument with [true]",			"class" : "PhLLocalTemplate",			"operatorClass" : "ReplaceAndArgumentWithTrueOperator",			"mutationStart" : 104,			"method" : "=",			"mutationEnd" : 165		},		{			"operatorDescription" : "Replace #and: receiver with true",			"class" : "PhLLocalTemplate",			"operatorClass" : "ReplaceAndReceiverWithTrueOperator",			"mutationStart" : 104,			"method" : "=",			"mutationEnd" : 165		},		{			"operatorDescription" : "Replace #and: with #bEqv:",			"class" : "PhLLocalTemplate",			"operatorClass" : "ReplaceAndWithEqvMutantOperator",			"mutationStart" : 104,			"method" : "=",			"mutationEnd" : 165		},		{			"operatorDescription" : "Replace #and: with #nand:",			"class" : "PhLLocalTemplate",			"operatorClass" : "ReplaceAndWithNandMutantOperator",			"mutationStart" : 104,			"method" : "=",			"mutationEnd" : 165		},		{			"operatorDescription" : "Replace #and: with #or:",			"class" : "PhLLocalTemplate",			"operatorClass" : "ReplaceAndWithOrMutantOperator",			"mutationStart" : 104,			"method" : "=",			"mutationEnd" : 165		},		{			"operatorDescription" : "Replace #and: with false",			"class" : "PhLLocalTemplate",			"operatorClass" : "ReplaceAndWithFalseOperator",			"mutationStart" : 104,			"method" : "=",			"mutationEnd" : 165		},		{			"operatorDescription" : "Replace #ifFalse: receiver with false",			"class" : "PhLLocalTemplate",			"operatorClass" : "ReplaceIfFalseReceiverWithFalseOperator",			"mutationStart" : 51,			"method" : "=",			"mutationEnd" : 98		},		{			"operatorDescription" : "Replace #ifFalse: receiver with true",			"class" : "PhLLocalTemplate",			"operatorClass" : "ReplaceIfFalseReceiverWithTrueOperator",			"mutationStart" : 51,			"method" : "=",			"mutationEnd" : 98		},		{			"operatorDescription" : "Replace #ifFalse: with #ifTrue:",			"class" : "PhLLocalTemplate",			"operatorClass" : "ReplaceIfFalseWithIfTrueMutantOperator",			"mutationStart" : 51,			"method" : "=",			"mutationEnd" : 98		},		{			"operatorDescription" : "Replace #ifTrue: receiver with false",			"class" : "PhLLocalTemplate",			"operatorClass" : "ReplaceIfTrueReceiverWithFalseOperator",			"mutationStart" : 13,			"method" : "=",			"mutationEnd" : 47		},		{			"operatorDescription" : "Replace #ifTrue: receiver with true",			"class" : "PhLLocalTemplate",			"operatorClass" : "ReplaceIfTrueReceiverWithTrueOperator",			"mutationStart" : 13,			"method" : "=",			"mutationEnd" : 47		},		{			"operatorDescription" : "Replace #ifTrue: with #ifFalse:",			"class" : "PhLLocalTemplate",			"operatorClass" : "ReplaceIfTrueWithIfFalseMutantOperator",			"mutationStart" : 13,			"method" : "=",			"mutationEnd" : 47		},		{			"operatorDescription" : "Replace a == b with (a == b) not",			"class" : "PhLLocalTemplate",			"operatorClass" : "ReplaceIdentityWithNegationOfIdentity",			"mutationStart" : 13,			"method" : "=",			"mutationEnd" : 28		},		{			"operatorDescription" : "Remove ^",			"class" : "PhLLocalTemplate",			"operatorClass" : "RemoveCaretOperator",			"mutationStart" : 7,			"method" : "hash",			"mutationEnd" : 38		},		{			"operatorDescription" : "Remove ^",			"class" : "PhLLocalTemplate",			"operatorClass" : "RemoveCaretOperator",			"mutationStart" : 6,			"method" : "url",			"mutationEnd" : 9		}	],	"testCase" : "PhLLocalTemplateTest",	"unixtime" : 1604662632,	"timeTotal" : 525}