{	"targetClasses" : [		"PhLLaunchedImagesWatcher"	],	"testMethodsIgnored" : [ ],	"methodsNotProfiled" : [ ],	"numberOfOriginalTestMethods" : 2,	"timeDetail" : [		"init: % 32.77 (2 minutes 5 seconds 550 milliseconds)",		"assertionAmplification: % 0.88 (3 seconds 373 milliseconds)",		"selection: % 15.30 (58 seconds 627 milliseconds)",		"inputAmplification: % 22.64 (1 minute 26 seconds 741 milliseconds)",		"finalize: % 28.40 (1 minute 48 seconds 820 milliseconds)"	],	"notCoveredInAmplified" : [		{			"operatorDescription" : "Remove ^",			"class" : "PhLLaunchedImagesWatcher",			"operatorClass" : "RemoveCaretOperator",			"mutationStart" : 7,			"method" : "name",			"mutationEnd" : 48		},		{			"operatorDescription" : "Remove ^",			"class" : "PhLLaunchedImagesWatcher",			"operatorClass" : "RemoveCaretOperator",			"mutationStart" : 11,			"method" : "priority",			"mutationEnd" : 14		},		{			"operatorDescription" : "Remove ^",			"class" : "PhLLaunchedImagesWatcher",			"operatorClass" : "RemoveCaretOperator",			"mutationStart" : 47,			"method" : "hasProcessFailed",			"mutationEnd" : 53		},		{			"operatorDescription" : "Replace #ifTrue: receiver with false",			"class" : "PhLLaunchedImagesWatcher",			"operatorClass" : "ReplaceIfTrueReceiverWithFalseOperator",			"mutationStart" : 19,			"method" : "hasProcessFailed",			"mutationEnd" : 55		},		{			"operatorDescription" : "Replace #or: argument with [false]",			"class" : "PhLLaunchedImagesWatcher",			"operatorClass" : "ReplaceOrArgumentWithFalseOperator",			"mutationStart" : 132,			"method" : "basicCheckProcess",			"mutationEnd" : 160		},		{			"operatorDescription" : "Replace #or: with #bXor:",			"class" : "PhLLaunchedImagesWatcher",			"operatorClass" : "ReplaceOrWithXorMutantOperator",			"mutationStart" : 132,			"method" : "basicCheckProcess",			"mutationEnd" : 160		}	],	"mutationScoreAfter" : 66,	"mutationScoreBefore" : 66,	"testAmpLoc" : 0,	"amplifiedMethods" : [ ],	"testLoc" : "23",	"amplifiedClass" : "PhLLaunchedImagesWatcherTest34",	"numberOfAllMutationsInOriginal" : 18,	"targetLoc" : 33,	"newCovered" : [ ],	"timeBudgetFinished" : false,	"notCoveredInOriginal" : [		{			"operatorDescription" : "Remove ^",			"class" : "PhLLaunchedImagesWatcher",			"operatorClass" : "RemoveCaretOperator",			"mutationStart" : 7,			"method" : "name",			"mutationEnd" : 48		},		{			"operatorDescription" : "Remove ^",			"class" : "PhLLaunchedImagesWatcher",			"operatorClass" : "RemoveCaretOperator",			"mutationStart" : 11,			"method" : "priority",			"mutationEnd" : 14		},		{			"operatorDescription" : "Remove ^",			"class" : "PhLLaunchedImagesWatcher",			"operatorClass" : "RemoveCaretOperator",			"mutationStart" : 47,			"method" : "hasProcessFailed",			"mutationEnd" : 53		},		{			"operatorDescription" : "Replace #ifTrue: receiver with false",			"class" : "PhLLaunchedImagesWatcher",			"operatorClass" : "ReplaceIfTrueReceiverWithFalseOperator",			"mutationStart" : 19,			"method" : "hasProcessFailed",			"mutationEnd" : 55		},		{			"operatorDescription" : "Replace #or: argument with [false]",			"class" : "PhLLaunchedImagesWatcher",			"operatorClass" : "ReplaceOrArgumentWithFalseOperator",			"mutationStart" : 132,			"method" : "basicCheckProcess",			"mutationEnd" : 160		},		{			"operatorDescription" : "Replace #or: with #bXor:",			"class" : "PhLLaunchedImagesWatcher",			"operatorClass" : "ReplaceOrWithXorMutantOperator",			"mutationStart" : 132,			"method" : "basicCheckProcess",			"mutationEnd" : 160		}	],	"testCase" : "PhLLaunchedImagesWatcherTest",	"unixtime" : 1604657671,	"timeTotal" : 383}