{	"targetClasses" : [		"PhLOpenSettingsCommand"	],	"testMethodsIgnored" : [ ],	"methodsNotProfiled" : [ ],	"numberOfOriginalTestMethods" : 1,	"timeDetail" : [		"init: % 0.27 (2 seconds 150 milliseconds)",		"assertionAmplification: % 98.52 (13 minutes 8 seconds 119 milliseconds)",		"selection: % 0.10 (819 milliseconds)",		"inputAmplification: % 0.97 (7 seconds 792 milliseconds)",		"finalize: % 0.14 (1 second 91 milliseconds)"	],	"notCoveredInAmplified" : [		{			"operatorDescription" : "Remove ^",			"class" : "PhLOpenSettingsCommand",			"operatorClass" : "RemoveCaretOperator",			"mutationStart" : 16,			"method" : "asSpecCommand",			"mutationEnd" : 79		}	],	"mutationScoreAfter" : 50,	"mutationScoreBefore" : 50,	"testAmpLoc" : 0,	"amplifiedMethods" : [ ],	"testLoc" : "6",	"amplifiedClass" : "PhLOpenSettingsCommandTest16",	"numberOfAllMutationsInOriginal" : 2,	"targetLoc" : 11,	"newCovered" : [ ],	"timeBudgetFinished" : false,	"notCoveredInOriginal" : [		{			"operatorDescription" : "Remove ^",			"class" : "PhLOpenSettingsCommand",			"operatorClass" : "RemoveCaretOperator",			"mutationStart" : 16,			"method" : "asSpecCommand",			"mutationEnd" : 79		}	],	"testCase" : "PhLOpenSettingsCommandTest",	"unixtime" : 1604654912,	"timeTotal" : 799}