{	"targetClasses" : [		"PhLPrivateVirtualMachine"	],	"testMethodsIgnored" : [ ],	"methodsNotProfiled" : [ ],	"numberOfOriginalTestMethods" : 1,	"timeDetail" : [		"init: % 0.04 (317 milliseconds)",		"assertionAmplification: % 99.18 (13 minutes 5 seconds 623 milliseconds)",		"selection: % 0.72 (5 seconds 691 milliseconds)",		"inputAmplification: % 0.04 (306 milliseconds)",		"finalize: % 0.03 (207 milliseconds)"	],	"notCoveredInAmplified" : [ ],	"mutationScoreAfter" : 100,	"mutationScoreBefore" : 50,	"testAmpLoc" : 821,	"amplifiedMethods" : [		"PhLPrivateVirtualMachineTest15>>#testCanGetDownloadUrl_amp_R2"	],	"testLoc" : "8",	"amplifiedClass" : "PhLPrivateVirtualMachineTest15",	"numberOfAllMutationsInOriginal" : 2,	"targetLoc" : 5,	"newCovered" : [		{			"operatorDescription" : "Remove ^",			"class" : "PhLPrivateVirtualMachine",			"operatorClass" : "RemoveCaretOperator",			"mutationStart" : 10,			"method" : "vmStore",			"mutationEnd" : 38		}	],	"timeBudgetFinished" : false,	"notCoveredInOriginal" : [		{			"operatorDescription" : "Remove ^",			"class" : "PhLPrivateVirtualMachine",			"operatorClass" : "RemoveCaretOperator",			"mutationStart" : 10,			"method" : "vmStore",			"mutationEnd" : 38		}	],	"testCase" : "PhLPrivateVirtualMachineTest",	"unixtime" : 1604655724,	"timeTotal" : 792}