{	"targetClasses" : [		"PhLRenameTemplateCommand"	],	"testMethodsIgnored" : [ ],	"methodsNotProfiled" : [ ],	"numberOfOriginalTestMethods" : 5,	"timeDetail" : [		"init: % 0.32 (601 milliseconds)",		"assertionAmplification: % 93.28 (2 minutes 55 seconds 143 milliseconds)",		"selection: % 3.75 (7 seconds 33 milliseconds)",		"inputAmplification: % 2.54 (4 seconds 774 milliseconds)",		"finalize: % 0.11 (212 milliseconds)"	],	"notCoveredInAmplified" : [		{			"operatorDescription" : "Remove ^",			"class" : "PhLRenameTemplateCommand",			"operatorClass" : "RemoveCaretOperator",			"mutationStart" : 128,			"method" : "execute",			"mutationEnd" : 133		}	],	"mutationScoreAfter" : 83,	"mutationScoreBefore" : 83,	"testAmpLoc" : 0,	"amplifiedMethods" : [ ],	"testLoc" : "60",	"amplifiedClass" : "PhLRenameTemplateCommandTest81",	"numberOfAllMutationsInOriginal" : 6,	"targetLoc" : 27,	"newCovered" : [ ],	"timeBudgetFinished" : false,	"notCoveredInOriginal" : [		{			"operatorDescription" : "Remove ^",			"class" : "PhLRenameTemplateCommand",			"operatorClass" : "RemoveCaretOperator",			"mutationStart" : 128,			"method" : "execute",			"mutationEnd" : 133		}	],	"testCase" : "PhLRenameTemplateCommandTest",	"unixtime" : 1604674420,	"timeTotal" : 187}