{	"targetClasses" : [		"PhLRenameImageCommand"	],	"testMethodsIgnored" : [ ],	"methodsNotProfiled" : [ ],	"numberOfOriginalTestMethods" : 2,	"timeDetail" : [		"init: % 0.03 (423 milliseconds)",		"assertionAmplification: % 99.55 (21 minutes 34 seconds 667 milliseconds)",		"selection: % 0.26 (3 seconds 347 milliseconds)",		"inputAmplification: % 0.14 (1 second 848 milliseconds)",		"finalize: % 0.02 (252 milliseconds)"	],	"notCoveredInAmplified" : [ ],	"mutationScoreAfter" : 100,	"mutationScoreBefore" : 80,	"testAmpLoc" : 837,	"amplifiedMethods" : [		"PhLRenameImageCommandTest37>>#testCannotRenameAnImageWithAnExistingName_amp_A2"	],	"testLoc" : "25",	"amplifiedClass" : "PhLRenameImageCommandTest37",	"numberOfAllMutationsInOriginal" : 5,	"targetLoc" : 26,	"newCovered" : [		{			"operatorDescription" : "Remove ^",			"class" : "PhLRenameImageCommand",			"operatorClass" : "RemoveCaretOperator",			"mutationStart" : 16,			"method" : "asSpecCommand",			"mutationEnd" : 126		}	],	"timeBudgetFinished" : false,	"notCoveredInOriginal" : [		{			"operatorDescription" : "Remove ^",			"class" : "PhLRenameImageCommand",			"operatorClass" : "RemoveCaretOperator",			"mutationStart" : 16,			"method" : "asSpecCommand",			"mutationEnd" : 126		}	],	"testCase" : "PhLRenameImageCommandTest",	"unixtime" : 1604659387,	"timeTotal" : 1300}