{	"targetClasses" : [		"PhLRemoveTemplateCommand"	],	"testMethodsIgnored" : [ ],	"methodsNotProfiled" : [ ],	"numberOfOriginalTestMethods" : 6,	"timeDetail" : [		"init: % 0.18 (669 milliseconds)",		"assertionAmplification: % 92.25 (5 minutes 46 seconds 997 milliseconds)",		"selection: % 5.59 (21 seconds 45 milliseconds)",		"inputAmplification: % 1.90 (7 seconds 129 milliseconds)",		"finalize: % 0.09 (321 milliseconds)"	],	"notCoveredInAmplified" : [		{			"operatorDescription" : "Remove ^",			"class" : "PhLRemoveTemplateCommand",			"operatorClass" : "RemoveCaretOperator",			"mutationStart" : 140,			"method" : "execute",			"mutationEnd" : 145		},		{			"operatorDescription" : "Remove ^",			"class" : "PhLRemoveTemplateCommand",			"operatorClass" : "RemoveCaretOperator",			"mutationStart" : 440,			"method" : "execute",			"mutationEnd" : 445		},		{			"operatorDescription" : "Replace #ifFalse: receiver with true",			"class" : "PhLRemoveTemplateCommand",			"operatorClass" : "ReplaceIfFalseReceiverWithTrueOperator",			"mutationStart" : 422,			"method" : "execute",			"mutationEnd" : 455		}	],	"mutationScoreAfter" : 57,	"mutationScoreBefore" : 57,	"testAmpLoc" : 0,	"amplifiedMethods" : [ ],	"testLoc" : "70",	"amplifiedClass" : "PhLRemoveTemplateCommandTest99",	"numberOfAllMutationsInOriginal" : 7,	"targetLoc" : 26,	"newCovered" : [ ],	"timeBudgetFinished" : false,	"notCoveredInOriginal" : [		{			"operatorDescription" : "Remove ^",			"class" : "PhLRemoveTemplateCommand",			"operatorClass" : "RemoveCaretOperator",			"mutationStart" : 140,			"method" : "execute",			"mutationEnd" : 145		},		{			"operatorDescription" : "Remove ^",			"class" : "PhLRemoveTemplateCommand",			"operatorClass" : "RemoveCaretOperator",			"mutationStart" : 440,			"method" : "execute",			"mutationEnd" : 445		},		{			"operatorDescription" : "Replace #ifFalse: receiver with true",			"class" : "PhLRemoveTemplateCommand",			"operatorClass" : "ReplaceIfFalseReceiverWithTrueOperator",			"mutationStart" : 422,			"method" : "execute",			"mutationEnd" : 455		}	],	"testCase" : "PhLRemoveTemplateCommandTest",	"unixtime" : 1604693134,	"timeTotal" : 376}