{	"targetClasses" : [		"PhLRemoteTemplate"	],	"testMethodsIgnored" : [ ],	"methodsNotProfiled" : [		"PhLRemoteTemplate>>#password:",		"PhLRemoteTemplate>>#username:",		"PhLRemoteTemplate class>>#name:url:username:password:"	],	"numberOfOriginalTestMethods" : 8,	"timeDetail" : [		"init: % 2.12 (1 second 814 milliseconds)",		"assertionAmplification: % 19.12 (16 seconds 358 milliseconds)",		"selection: % 61.32 (52 seconds 454 milliseconds)",		"inputAmplification: % 15.74 (13 seconds 466 milliseconds)",		"finalize: % 1.70 (1 second 450 milliseconds)"	],	"notCoveredInAmplified" : [		{			"operatorDescription" : "Remove ^",			"class" : "PhLRemoteTemplate",			"operatorClass" : "RemoveCaretOperator",			"mutationStart" : 40,			"method" : "=",			"mutationEnd" : 45		},		{			"operatorDescription" : "Remove ^",			"class" : "PhLRemoteTemplate",			"operatorClass" : "RemoveCaretOperator",			"mutationStart" : 90,			"method" : "=",			"mutationEnd" : 96		},		{			"operatorDescription" : "Remove ^",			"class" : "PhLRemoteTemplate",			"operatorClass" : "RemoveCaretOperator",			"mutationStart" : 102,			"method" : "=",			"mutationEnd" : 154		},		{			"operatorDescription" : "Replace #= with #'~='",			"class" : "PhLRemoteTemplate",			"operatorClass" : "ReplaceEqualWithNotEqualOperator",			"mutationStart" : 51,			"method" : "=",			"mutationEnd" : 77		},		{			"operatorDescription" : "Replace #= with #'~='",			"class" : "PhLRemoteTemplate",			"operatorClass" : "ReplaceEqualWithNotEqualOperator",			"mutationStart" : 104,			"method" : "=",			"mutationEnd" : 123		},		{			"operatorDescription" : "Replace #= with #'~='",			"class" : "PhLRemoteTemplate",			"operatorClass" : "ReplaceEqualWithNotEqualOperator",			"mutationStart" : 135,			"method" : "=",			"mutationEnd" : 152		},		{			"operatorDescription" : "Replace #and: argument with [true]",			"class" : "PhLRemoteTemplate",			"operatorClass" : "ReplaceAndArgumentWithTrueOperator",			"mutationStart" : 104,			"method" : "=",			"mutationEnd" : 154		},		{			"operatorDescription" : "Replace #and: receiver with true",			"class" : "PhLRemoteTemplate",			"operatorClass" : "ReplaceAndReceiverWithTrueOperator",			"mutationStart" : 104,			"method" : "=",			"mutationEnd" : 154		},		{			"operatorDescription" : "Replace #and: with #bEqv:",			"class" : "PhLRemoteTemplate",			"operatorClass" : "ReplaceAndWithEqvMutantOperator",			"mutationStart" : 104,			"method" : "=",			"mutationEnd" : 154		},		{			"operatorDescription" : "Replace #and: with #nand:",			"class" : "PhLRemoteTemplate",			"operatorClass" : "ReplaceAndWithNandMutantOperator",			"mutationStart" : 104,			"method" : "=",			"mutationEnd" : 154		},		{			"operatorDescription" : "Replace #and: with #or:",			"class" : "PhLRemoteTemplate",			"operatorClass" : "ReplaceAndWithOrMutantOperator",			"mutationStart" : 104,			"method" : "=",			"mutationEnd" : 154		},		{			"operatorDescription" : "Replace #and: with false",			"class" : "PhLRemoteTemplate",			"operatorClass" : "ReplaceAndWithFalseOperator",			"mutationStart" : 104,			"method" : "=",			"mutationEnd" : 154		},		{			"operatorDescription" : "Replace #ifFalse: receiver with false",			"class" : "PhLRemoteTemplate",			"operatorClass" : "ReplaceIfFalseReceiverWithFalseOperator",			"mutationStart" : 51,			"method" : "=",			"mutationEnd" : 98		},		{			"operatorDescription" : "Replace #ifFalse: receiver with true",			"class" : "PhLRemoteTemplate",			"operatorClass" : "ReplaceIfFalseReceiverWithTrueOperator",			"mutationStart" : 51,			"method" : "=",			"mutationEnd" : 98		},		{			"operatorDescription" : "Replace #ifFalse: with #ifTrue:",			"class" : "PhLRemoteTemplate",			"operatorClass" : "ReplaceIfFalseWithIfTrueMutantOperator",			"mutationStart" : 51,			"method" : "=",			"mutationEnd" : 98		},		{			"operatorDescription" : "Replace #ifTrue: receiver with false",			"class" : "PhLRemoteTemplate",			"operatorClass" : "ReplaceIfTrueReceiverWithFalseOperator",			"mutationStart" : 13,			"method" : "=",			"mutationEnd" : 47		},		{			"operatorDescription" : "Replace #ifTrue: receiver with true",			"class" : "PhLRemoteTemplate",			"operatorClass" : "ReplaceIfTrueReceiverWithTrueOperator",			"mutationStart" : 13,			"method" : "=",			"mutationEnd" : 47		},		{			"operatorDescription" : "Replace #ifTrue: with #ifFalse:",			"class" : "PhLRemoteTemplate",			"operatorClass" : "ReplaceIfTrueWithIfFalseMutantOperator",			"mutationStart" : 13,			"method" : "=",			"mutationEnd" : 47		},		{			"operatorDescription" : "Replace a == b with (a == b) not",			"class" : "PhLRemoteTemplate",			"operatorClass" : "ReplaceIdentityWithNegationOfIdentity",			"mutationStart" : 13,			"method" : "=",			"mutationEnd" : 28		},		{			"operatorDescription" : "Remove ^",			"class" : "PhLRemoteTemplate",			"operatorClass" : "RemoveCaretOperator",			"mutationStart" : 11,			"method" : "password",			"mutationEnd" : 24		},		{			"operatorDescription" : "Remove ^",			"class" : "PhLRemoteTemplate",			"operatorClass" : "RemoveCaretOperator",			"mutationStart" : 11,			"method" : "username",			"mutationEnd" : 24		},		{			"operatorDescription" : "Remove ^",			"class" : "PhLRemoteTemplate",			"operatorClass" : "RemoveCaretOperator",			"mutationStart" : 7,			"method" : "hash",			"mutationEnd" : 34		},		{			"operatorDescription" : "Remove ^",			"class" : "PhLRemoteTemplate",			"operatorClass" : "RemoveCaretOperator",			"mutationStart" : 85,			"method" : "zipArchive",			"mutationEnd" : 164		},		{			"operatorDescription" : "Remove ^",			"class" : "PhLRemoteTemplate class",			"operatorClass" : "RemoveCaretOperator",			"mutationStart" : 78,			"method" : "name:url:username:password:",			"mutationEnd" : 184		},		{			"operatorDescription" : "Remove ^",			"class" : "PhLRemoteTemplate class",			"operatorClass" : "RemoveCaretOperator",			"mutationStart" : 11,			"method" : "example",			"mutationEnd" : 84		}	],	"mutationScoreAfter" : 16,	"mutationScoreBefore" : 3,	"testAmpLoc" : 84,	"amplifiedMethods" : [		"PhLRemoteTemplateTest141>>#testHandleEOCDErrorWhenTemplateIsCorrupted_amp",		"PhLRemoteTemplateTest141>>#testHandleEOCDErrorWhenTemplateIsCorrupted_amp_U1_L6_L13",		"PhLRemoteTemplateTest141>>#testNew_amp_A0",		"PhLRemoteTemplateTest141>>#testRelocateImageFilesFromToWithName_amp_A6"	],	"testLoc" : "4",	"amplifiedClass" : "PhLRemoteTemplateTest141",	"numberOfAllMutationsInOriginal" : 30,	"targetLoc" : 51,	"newCovered" : [		{			"operatorDescription" : "Remove ^",			"class" : "PhLRemoteTemplate",			"operatorClass" : "RemoveCaretOperator",			"mutationStart" : 79,			"method" : "suggestedImageName",			"mutationEnd" : 199		},		{			"operatorDescription" : "Replace #ifTrue:ifFalse: receiver with false",			"class" : "PhLRemoteTemplate",			"operatorClass" : "ReplaceIfTrueIfFalseReceiverWithFalseOperator",			"mutationStart" : 81,			"method" : "suggestedImageName",			"mutationEnd" : 199		},		{			"operatorDescription" : "Replace #ifTrue:ifFalse: receiver with true",			"class" : "PhLRemoteTemplate",			"operatorClass" : "ReplaceIfTrueIfFalseReceiverWithTrueOperator",			"mutationStart" : 81,			"method" : "suggestedImageName",			"mutationEnd" : 199		},		{			"operatorDescription" : "Remove ^",			"class" : "PhLRemoteTemplate",			"operatorClass" : "RemoveCaretOperator",			"mutationStart" : 6,			"method" : "url",			"mutationEnd" : 10		}	],	"timeBudgetFinished" : false,	"notCoveredInOriginal" : [		{			"operatorDescription" : "Remove ^",			"class" : "PhLRemoteTemplate",			"operatorClass" : "RemoveCaretOperator",			"mutationStart" : 79,			"method" : "suggestedImageName",			"mutationEnd" : 199		},		{			"operatorDescription" : "Replace #ifTrue:ifFalse: receiver with false",			"class" : "PhLRemoteTemplate",			"operatorClass" : "ReplaceIfTrueIfFalseReceiverWithFalseOperator",			"mutationStart" : 81,			"method" : "suggestedImageName",			"mutationEnd" : 199		},		{			"operatorDescription" : "Replace #ifTrue:ifFalse: receiver with true",			"class" : "PhLRemoteTemplate",			"operatorClass" : "ReplaceIfTrueIfFalseReceiverWithTrueOperator",			"mutationStart" : 81,			"method" : "suggestedImageName",			"mutationEnd" : 199		},		{			"operatorDescription" : "Remove ^",			"class" : "PhLRemoteTemplate",			"operatorClass" : "RemoveCaretOperator",			"mutationStart" : 40,			"method" : "=",			"mutationEnd" : 45		},		{			"operatorDescription" : "Remove ^",			"class" : "PhLRemoteTemplate",			"operatorClass" : "RemoveCaretOperator",			"mutationStart" : 90,			"method" : "=",			"mutationEnd" : 96		},		{			"operatorDescription" : "Remove ^",			"class" : "PhLRemoteTemplate",			"operatorClass" : "RemoveCaretOperator",			"mutationStart" : 102,			"method" : "=",			"mutationEnd" : 154		},		{			"operatorDescription" : "Replace #= with #'~='",			"class" : "PhLRemoteTemplate",			"operatorClass" : "ReplaceEqualWithNotEqualOperator",			"mutationStart" : 51,			"method" : "=",			"mutationEnd" : 77		},		{			"operatorDescription" : "Replace #= with #'~='",			"class" : "PhLRemoteTemplate",			"operatorClass" : "ReplaceEqualWithNotEqualOperator",			"mutationStart" : 104,			"method" : "=",			"mutationEnd" : 123		},		{			"operatorDescription" : "Replace #= with #'~='",			"class" : "PhLRemoteTemplate",			"operatorClass" : "ReplaceEqualWithNotEqualOperator",			"mutationStart" : 135,			"method" : "=",			"mutationEnd" : 152		},		{			"operatorDescription" : "Replace #and: argument with [true]",			"class" : "PhLRemoteTemplate",			"operatorClass" : "ReplaceAndArgumentWithTrueOperator",			"mutationStart" : 104,			"method" : "=",			"mutationEnd" : 154		},		{			"operatorDescription" : "Replace #and: receiver with true",			"class" : "PhLRemoteTemplate",			"operatorClass" : "ReplaceAndReceiverWithTrueOperator",			"mutationStart" : 104,			"method" : "=",			"mutationEnd" : 154		},		{			"operatorDescription" : "Replace #and: with #bEqv:",			"class" : "PhLRemoteTemplate",			"operatorClass" : "ReplaceAndWithEqvMutantOperator",			"mutationStart" : 104,			"method" : "=",			"mutationEnd" : 154		},		{			"operatorDescription" : "Replace #and: with #nand:",			"class" : "PhLRemoteTemplate",			"operatorClass" : "ReplaceAndWithNandMutantOperator",			"mutationStart" : 104,			"method" : "=",			"mutationEnd" : 154		},		{			"operatorDescription" : "Replace #and: with #or:",			"class" : "PhLRemoteTemplate",			"operatorClass" : "ReplaceAndWithOrMutantOperator",			"mutationStart" : 104,			"method" : "=",			"mutationEnd" : 154		},		{			"operatorDescription" : "Replace #and: with false",			"class" : "PhLRemoteTemplate",			"operatorClass" : "ReplaceAndWithFalseOperator",			"mutationStart" : 104,			"method" : "=",			"mutationEnd" : 154		},		{			"operatorDescription" : "Replace #ifFalse: receiver with false",			"class" : "PhLRemoteTemplate",			"operatorClass" : "ReplaceIfFalseReceiverWithFalseOperator",			"mutationStart" : 51,			"method" : "=",			"mutationEnd" : 98		},		{			"operatorDescription" : "Replace #ifFalse: receiver with true",			"class" : "PhLRemoteTemplate",			"operatorClass" : "ReplaceIfFalseReceiverWithTrueOperator",			"mutationStart" : 51,			"method" : "=",			"mutationEnd" : 98		},		{			"operatorDescription" : "Replace #ifFalse: with #ifTrue:",			"class" : "PhLRemoteTemplate",			"operatorClass" : "ReplaceIfFalseWithIfTrueMutantOperator",			"mutationStart" : 51,			"method" : "=",			"mutationEnd" : 98		},		{			"operatorDescription" : "Replace #ifTrue: receiver with false",			"class" : "PhLRemoteTemplate",			"operatorClass" : "ReplaceIfTrueReceiverWithFalseOperator",			"mutationStart" : 13,			"method" : "=",			"mutationEnd" : 47		},		{			"operatorDescription" : "Replace #ifTrue: receiver with true",			"class" : "PhLRemoteTemplate",			"operatorClass" : "ReplaceIfTrueReceiverWithTrueOperator",			"mutationStart" : 13,			"method" : "=",			"mutationEnd" : 47		},		{			"operatorDescription" : "Replace #ifTrue: with #ifFalse:",			"class" : "PhLRemoteTemplate",			"operatorClass" : "ReplaceIfTrueWithIfFalseMutantOperator",			"mutationStart" : 13,			"method" : "=",			"mutationEnd" : 47		},		{			"operatorDescription" : "Replace a == b with (a == b) not",			"class" : "PhLRemoteTemplate",			"operatorClass" : "ReplaceIdentityWithNegationOfIdentity",			"mutationStart" : 13,			"method" : "=",			"mutationEnd" : 28		},		{			"operatorDescription" : "Remove ^",			"class" : "PhLRemoteTemplate",			"operatorClass" : "RemoveCaretOperator",			"mutationStart" : 11,			"method" : "password",			"mutationEnd" : 24		},		{			"operatorDescription" : "Remove ^",			"class" : "PhLRemoteTemplate",			"operatorClass" : "RemoveCaretOperator",			"mutationStart" : 11,			"method" : "username",			"mutationEnd" : 24		},		{			"operatorDescription" : "Remove ^",			"class" : "PhLRemoteTemplate",			"operatorClass" : "RemoveCaretOperator",			"mutationStart" : 7,			"method" : "hash",			"mutationEnd" : 34		},		{			"operatorDescription" : "Remove ^",			"class" : "PhLRemoteTemplate",			"operatorClass" : "RemoveCaretOperator",			"mutationStart" : 6,			"method" : "url",			"mutationEnd" : 10		},		{			"operatorDescription" : "Remove ^",			"class" : "PhLRemoteTemplate",			"operatorClass" : "RemoveCaretOperator",			"mutationStart" : 85,			"method" : "zipArchive",			"mutationEnd" : 164		},		{			"operatorDescription" : "Remove ^",			"class" : "PhLRemoteTemplate class",			"operatorClass" : "RemoveCaretOperator",			"mutationStart" : 78,			"method" : "name:url:username:password:",			"mutationEnd" : 184		},		{			"operatorDescription" : "Remove ^",			"class" : "PhLRemoteTemplate class",			"operatorClass" : "RemoveCaretOperator",			"mutationStart" : 11,			"method" : "example",			"mutationEnd" : 84		}	],	"testCase" : "PhLRemoteTemplateTest",	"unixtime" : 1604654112,	"timeTotal" : 85}