{	"targetClasses" : [		"PhLRecreateImageCommand"	],	"testMethodsIgnored" : [ ],	"methodsNotProfiled" : [ ],	"numberOfOriginalTestMethods" : 2,	"timeDetail" : [		"init: % 0.26 (560 milliseconds)",		"assertionAmplification: % 93.91 (3 minutes 20 seconds 702 milliseconds)",		"selection: % 3.21 (6 seconds 866 milliseconds)",		"inputAmplification: % 2.40 (5 seconds 130 milliseconds)",		"finalize: % 0.22 (466 milliseconds)"	],	"notCoveredInAmplified" : [		{			"operatorDescription" : "Replace #ifTrue: receiver with true",			"class" : "PhLRecreateImageCommand",			"operatorClass" : "ReplaceIfTrueReceiverWithTrueOperator",			"mutationStart" : 10,			"method" : "execute",			"mutationEnd" : 222		}	],	"mutationScoreAfter" : 83,	"mutationScoreBefore" : 66,	"testAmpLoc" : 883,	"amplifiedMethods" : [		"PhLRecreateImageCommandTest35>>#testCanRecreateAnImage_amp_D14_N13_A6"	],	"testLoc" : "32",	"amplifiedClass" : "PhLRecreateImageCommandTest35",	"numberOfAllMutationsInOriginal" : 6,	"targetLoc" : 24,	"newCovered" : [		{			"operatorDescription" : "Remove ^",			"class" : "PhLRecreateImageCommand",			"operatorClass" : "RemoveCaretOperator",			"mutationStart" : 16,			"method" : "asSpecCommand",			"mutationEnd" : 124		}	],	"timeBudgetFinished" : false,	"notCoveredInOriginal" : [		{			"operatorDescription" : "Remove ^",			"class" : "PhLRecreateImageCommand",			"operatorClass" : "RemoveCaretOperator",			"mutationStart" : 16,			"method" : "asSpecCommand",			"mutationEnd" : 124		},		{			"operatorDescription" : "Replace #ifTrue: receiver with true",			"class" : "PhLRecreateImageCommand",			"operatorClass" : "ReplaceIfTrueReceiverWithTrueOperator",			"mutationStart" : 10,			"method" : "execute",			"mutationEnd" : 222		}	],	"testCase" : "PhLRecreateImageCommandTest",	"unixtime" : 1604663746,	"timeTotal" : 213}