{	"targetClasses" : [		"PhLScriptPresenter"	],	"testMethodsIgnored" : [ ],	"methodsNotProfiled" : [		"PhLScriptPresenter>>#whenScriptListChanged:",		"PhLScriptPresenter>>#initializeWindow:"	],	"numberOfOriginalTestMethods" : 5,	"timeDetail" : [		"init: % 0.05 (874 milliseconds)",		"assertionAmplification: % 94.73 (26 minutes 13 seconds 39 milliseconds)",		"selection: % 4.65 (1 minute 17 seconds 265 milliseconds)",		"inputAmplification: % 0.32 (5 seconds 276 milliseconds)",		"finalize: % 0.25 (4 seconds 93 milliseconds)"	],	"notCoveredInAmplified" : [		{			"operatorDescription" : "Remove #not",			"class" : "PhLScriptPresenter",			"operatorClass" : "RemoveNotOperator",			"mutationStart" : 125,			"method" : "newScript",			"mutationEnd" : 166		},		{			"operatorDescription" : "Replace #/ with #*",			"class" : "PhLScriptPresenter",			"operatorClass" : "ReplaceDivisionWithMultiplicationMutantOperator",			"mutationStart" : 125,			"method" : "newScript",			"mutationEnd" : 155		},		{			"operatorDescription" : "Remove ^",			"class" : "PhLScriptPresenter",			"operatorClass" : "RemoveCaretOperator",			"mutationStart" : 200,			"method" : "removeScript:",			"mutationEnd" : 205		},		{			"operatorDescription" : "Replace #ifFalse: receiver with true",			"class" : "PhLScriptPresenter",			"operatorClass" : "ReplaceIfFalseReceiverWithTrueOperator",			"mutationStart" : 69,			"method" : "removeScript:",			"mutationEnd" : 207		},		{			"operatorDescription" : "Remove ^",			"class" : "PhLScriptPresenter",			"operatorClass" : "RemoveCaretOperator",			"mutationStart" : 80,			"method" : "saveSelectedScript",			"mutationEnd" : 168		},		{			"operatorDescription" : "Replace #ifTrue:ifFalse: receiver with true",			"class" : "PhLScriptPresenter",			"operatorClass" : "ReplaceIfTrueIfFalseReceiverWithTrueOperator",			"mutationStart" : 189,			"method" : "initializePresenters",			"mutationEnd" : 361		},		{			"operatorDescription" : "Remove ^",			"class" : "PhLScriptPresenter",			"operatorClass" : "RemoveCaretOperator",			"mutationStart" : 49,			"method" : "newScriptNamed:",			"mutationEnd" : 53		},		{			"operatorDescription" : "Remove ^",			"class" : "PhLScriptPresenter class",			"operatorClass" : "RemoveCaretOperator",			"mutationStart" : 298,			"method" : "example",			"mutationEnd" : 396		},		{			"operatorDescription" : "Replace #/ with #*",			"class" : "PhLScriptPresenter class",			"operatorClass" : "ReplaceDivisionWithMultiplicationMutantOperator",			"mutationStart" : 44,			"method" : "example",			"mutationEnd" : 66		},		{			"operatorDescription" : "Replace #/ with #*",			"class" : "PhLScriptPresenter class",			"operatorClass" : "ReplaceDivisionWithMultiplicationMutantOperator",			"mutationStart" : 198,			"method" : "example",			"mutationEnd" : 230		},		{			"operatorDescription" : "Remove ^",			"class" : "PhLScriptPresenter class",			"operatorClass" : "RemoveCaretOperator",			"mutationStart" : 14,			"method" : "defaultSpec",			"mutationEnd" : 308		},		{			"operatorDescription" : "Remove ^",			"class" : "PhLScriptPresenter class",			"operatorClass" : "RemoveCaretOperator",			"mutationStart" : 21,			"method" : "icebergLoadExample",			"mutationEnd" : 120		}	],	"mutationScoreAfter" : 62,	"mutationScoreBefore" : 56,	"testAmpLoc" : 3710,	"amplifiedMethods" : [		"PhLScriptPresenterTest82>>#testCanRemoveScript_amp_R1",		"PhLScriptPresenterTest82>>#testCanRemoveScript_amp_L2"	],	"testLoc" : "70",	"amplifiedClass" : "PhLScriptPresenterTest82",	"numberOfAllMutationsInOriginal" : 32,	"targetLoc" : 144,	"newCovered" : [		{			"operatorDescription" : "Remove ^",			"class" : "PhLScriptPresenter",			"operatorClass" : "RemoveCaretOperator",			"mutationStart" : 31,			"method" : "selectScript:",			"mutationEnd" : 70		},		{			"operatorDescription" : "Replace Select block with [:each | true]",			"class" : "PhLScriptPresenter",			"operatorClass" : "ReplaceSelectBlockWithAlwaysTrueBlockOperator",			"mutationStart" : 12,			"method" : "scripts",			"mutationEnd" : 84		}	],	"timeBudgetFinished" : false,	"notCoveredInOriginal" : [		{			"operatorDescription" : "Remove #not",			"class" : "PhLScriptPresenter",			"operatorClass" : "RemoveNotOperator",			"mutationStart" : 125,			"method" : "newScript",			"mutationEnd" : 166		},		{			"operatorDescription" : "Replace #/ with #*",			"class" : "PhLScriptPresenter",			"operatorClass" : "ReplaceDivisionWithMultiplicationMutantOperator",			"mutationStart" : 125,			"method" : "newScript",			"mutationEnd" : 155		},		{			"operatorDescription" : "Remove ^",			"class" : "PhLScriptPresenter",			"operatorClass" : "RemoveCaretOperator",			"mutationStart" : 200,			"method" : "removeScript:",			"mutationEnd" : 205		},		{			"operatorDescription" : "Replace #ifFalse: receiver with true",			"class" : "PhLScriptPresenter",			"operatorClass" : "ReplaceIfFalseReceiverWithTrueOperator",			"mutationStart" : 69,			"method" : "removeScript:",			"mutationEnd" : 207		},		{			"operatorDescription" : "Remove ^",			"class" : "PhLScriptPresenter",			"operatorClass" : "RemoveCaretOperator",			"mutationStart" : 80,			"method" : "saveSelectedScript",			"mutationEnd" : 168		},		{			"operatorDescription" : "Replace #ifTrue:ifFalse: receiver with true",			"class" : "PhLScriptPresenter",			"operatorClass" : "ReplaceIfTrueIfFalseReceiverWithTrueOperator",			"mutationStart" : 189,			"method" : "initializePresenters",			"mutationEnd" : 361		},		{			"operatorDescription" : "Remove ^",			"class" : "PhLScriptPresenter",			"operatorClass" : "RemoveCaretOperator",			"mutationStart" : 49,			"method" : "newScriptNamed:",			"mutationEnd" : 53		},		{			"operatorDescription" : "Remove ^",			"class" : "PhLScriptPresenter",			"operatorClass" : "RemoveCaretOperator",			"mutationStart" : 31,			"method" : "selectScript:",			"mutationEnd" : 70		},		{			"operatorDescription" : "Replace Select block with [:each | true]",			"class" : "PhLScriptPresenter",			"operatorClass" : "ReplaceSelectBlockWithAlwaysTrueBlockOperator",			"mutationStart" : 12,			"method" : "scripts",			"mutationEnd" : 84		},		{			"operatorDescription" : "Remove ^",			"class" : "PhLScriptPresenter class",			"operatorClass" : "RemoveCaretOperator",			"mutationStart" : 298,			"method" : "example",			"mutationEnd" : 396		},		{			"operatorDescription" : "Replace #/ with #*",			"class" : "PhLScriptPresenter class",			"operatorClass" : "ReplaceDivisionWithMultiplicationMutantOperator",			"mutationStart" : 44,			"method" : "example",			"mutationEnd" : 66		},		{			"operatorDescription" : "Replace #/ with #*",			"class" : "PhLScriptPresenter class",			"operatorClass" : "ReplaceDivisionWithMultiplicationMutantOperator",			"mutationStart" : 198,			"method" : "example",			"mutationEnd" : 230		},		{			"operatorDescription" : "Remove ^",			"class" : "PhLScriptPresenter class",			"operatorClass" : "RemoveCaretOperator",			"mutationStart" : 14,			"method" : "defaultSpec",			"mutationEnd" : 308		},		{			"operatorDescription" : "Remove ^",			"class" : "PhLScriptPresenter class",			"operatorClass" : "RemoveCaretOperator",			"mutationStart" : 21,			"method" : "icebergLoadExample",			"mutationEnd" : 120		}	],	"testCase" : "PhLScriptPresenterTest",	"unixtime" : 1604692758,	"timeTotal" : 1660}