{	"targetClasses" : [		"PhLShowImageInFolderCommand"	],	"testMethodsIgnored" : [ ],	"methodsNotProfiled" : [ ],	"numberOfOriginalTestMethods" : 1,	"timeDetail" : [		"init: % 1.80 (340 milliseconds)",		"assertionAmplification: % 91.40 (17 seconds 287 milliseconds)",		"selection: % 4.25 (804 milliseconds)",		"inputAmplification: % 2.12 (401 milliseconds)",		"finalize: % 0.43 (82 milliseconds)"	],	"notCoveredInAmplified" : [ ],	"mutationScoreAfter" : 100,	"mutationScoreBefore" : 0,	"testAmpLoc" : 103,	"amplifiedMethods" : [		"PhLShowImageInFolderCommandTest16>>#testCommandRaisesCommandErrorIfNoImageSelected_amp_A0_A3"	],	"testLoc" : "8",	"amplifiedClass" : "PhLShowImageInFolderCommandTest16",	"numberOfAllMutationsInOriginal" : 1,	"targetLoc" : 11,	"newCovered" : [		{			"operatorDescription" : "Remove ^",			"class" : "PhLShowImageInFolderCommand",			"operatorClass" : "RemoveCaretOperator",			"mutationStart" : 16,			"method" : "asSpecCommand",			"mutationEnd" : 121		}	],	"timeBudgetFinished" : false,	"notCoveredInOriginal" : [		{			"operatorDescription" : "Remove ^",			"class" : "PhLShowImageInFolderCommand",			"operatorClass" : "RemoveCaretOperator",			"mutationStart" : 16,			"method" : "asSpecCommand",			"mutationEnd" : 121		}	],	"testCase" : "PhLShowImageInFolderCommandTest",	"unixtime" : 1604654931,	"timeTotal" : 18}