{	"targetClasses" : [		"PhLTemplateSources"	],	"testMethodsIgnored" : [ ],	"methodsNotProfiled" : [		"PhLTemplateSources>>#collect:",		"PhLTemplateSources class>>#flushIn:",		"PhLTemplateSources class>>#launcherCoreDirString:",		"PhLTemplateSources class>>#launcherCoreDir:",		"PhLTemplateSources class>>#settingsOn:"	],	"numberOfOriginalTestMethods" : 12,	"timeDetail" : [		"init: % 0.17 (3 seconds 174 milliseconds)",		"assertionAmplification: % 84.19 (25 minutes 58 seconds 431 milliseconds)",		"selection: % 13.00 (4 minutes 563 milliseconds)",		"inputAmplification: % 2.28 (42 seconds 139 milliseconds)",		"finalize: % 0.37 (6 seconds 822 milliseconds)"	],	"notCoveredInAmplified" : [		{			"operatorDescription" : "Remove ^",			"class" : "PhLTemplateSources",			"operatorClass" : "RemoveCaretOperator",			"mutationStart" : 18,			"method" : "collect:",			"mutationEnd" : 47		},		{			"operatorDescription" : "Remove ^",			"class" : "PhLTemplateSources class",			"operatorClass" : "RemoveCaretOperator",			"mutationStart" : 10,			"method" : "example",			"mutationEnd" : 61		},		{			"operatorDescription" : "Remove ^",			"class" : "PhLTemplateSources class",			"operatorClass" : "RemoveCaretOperator",			"mutationStart" : 80,			"method" : "launcherCoreDirString",			"mutationEnd" : 112		},		{			"operatorDescription" : "Remove ^",			"class" : "PhLTemplateSources class",			"operatorClass" : "RemoveCaretOperator",			"mutationStart" : 18,			"method" : "defaultSources",			"mutationEnd" : 154		},		{			"operatorDescription" : "Remove ^",			"class" : "PhLTemplateSources class",			"operatorClass" : "RemoveCaretOperator",			"mutationStart" : 166,			"method" : "flush:in:",			"mutationEnd" : 181		}	],	"mutationScoreAfter" : 66,	"mutationScoreBefore" : 60,	"testAmpLoc" : 4847,	"amplifiedMethods" : [		"PhLTemplateSourcesTest201>>#testNoUpdateAnnouncedWhenDownloadedSourcesIsSameAsSources_amp_R0_N9_D1",		"PhLTemplateSourcesTest201>>#testAlmostIdenticalTemplateSourcesAreDifferent_amp"	],	"testLoc" : "103",	"amplifiedClass" : "PhLTemplateSourcesTest201",	"numberOfAllMutationsInOriginal" : 15,	"targetLoc" : 121,	"newCovered" : [		{			"operatorDescription" : "Replace #/ with #*",			"class" : "PhLTemplateSources class",			"operatorClass" : "ReplaceDivisionWithMultiplicationMutantOperator",			"mutationStart" : 63,			"method" : "withTemplateList:",			"mutationEnd" : 96		}	],	"timeBudgetFinished" : false,	"notCoveredInOriginal" : [		{			"operatorDescription" : "Remove ^",			"class" : "PhLTemplateSources",			"operatorClass" : "RemoveCaretOperator",			"mutationStart" : 18,			"method" : "collect:",			"mutationEnd" : 47		},		{			"operatorDescription" : "Remove ^",			"class" : "PhLTemplateSources class",			"operatorClass" : "RemoveCaretOperator",			"mutationStart" : 10,			"method" : "example",			"mutationEnd" : 61		},		{			"operatorDescription" : "Remove ^",			"class" : "PhLTemplateSources class",			"operatorClass" : "RemoveCaretOperator",			"mutationStart" : 80,			"method" : "launcherCoreDirString",			"mutationEnd" : 112		},		{			"operatorDescription" : "Remove ^",			"class" : "PhLTemplateSources class",			"operatorClass" : "RemoveCaretOperator",			"mutationStart" : 18,			"method" : "defaultSources",			"mutationEnd" : 154		},		{			"operatorDescription" : "Replace #/ with #*",			"class" : "PhLTemplateSources class",			"operatorClass" : "ReplaceDivisionWithMultiplicationMutantOperator",			"mutationStart" : 63,			"method" : "withTemplateList:",			"mutationEnd" : 96		},		{			"operatorDescription" : "Remove ^",			"class" : "PhLTemplateSources class",			"operatorClass" : "RemoveCaretOperator",			"mutationStart" : 166,			"method" : "flush:in:",			"mutationEnd" : 181		}	],	"testCase" : "PhLTemplateSourcesTest",	"unixtime" : 1604762899,	"timeTotal" : 1851}