{	"targetClasses" : [		"PhLToggleVmPrivateVmCommand"	],	"testMethodsIgnored" : [ ],	"methodsNotProfiled" : [ ],	"numberOfOriginalTestMethods" : 3,	"timeDetail" : [		"init: % 0.69 (385 milliseconds)",		"assertionAmplification: % 90.85 (50 seconds 457 milliseconds)",		"selection: % 3.85 (2 seconds 139 milliseconds)",		"inputAmplification: % 4.42 (2 seconds 455 milliseconds)",		"finalize: % 0.19 (103 milliseconds)"	],	"notCoveredInAmplified" : [ ],	"mutationScoreAfter" : 100,	"mutationScoreBefore" : 0,	"testAmpLoc" : 145,	"amplifiedMethods" : [		"PhLToggleVmPrivateVmCommandTest52>>#testPrivateVmsShownWhenButtonToggledOnce_amp_A10"	],	"testLoc" : "39",	"amplifiedClass" : "PhLToggleVmPrivateVmCommandTest52",	"numberOfAllMutationsInOriginal" : 1,	"targetLoc" : 11,	"newCovered" : [		{			"operatorDescription" : "Remove ^",			"class" : "PhLToggleVmPrivateVmCommand",			"operatorClass" : "RemoveCaretOperator",			"mutationStart" : 16,			"method" : "asSpecCommand",			"mutationEnd" : 128		}	],	"timeBudgetFinished" : false,	"notCoveredInOriginal" : [		{			"operatorDescription" : "Remove ^",			"class" : "PhLToggleVmPrivateVmCommand",			"operatorClass" : "RemoveCaretOperator",			"mutationStart" : 16,			"method" : "asSpecCommand",			"mutationEnd" : 128		}	],	"testCase" : "PhLToggleVmPrivateVmCommandTest",	"unixtime" : 1604663802,	"timeTotal" : 55}