{	"targetClasses" : [		"PhLTreeSelection"	],	"testMethodsIgnored" : [ ],	"methodsNotProfiled" : [		"PhLTreeSelection>>#anySatisfy:",		"PhLTreeSelection>>#select:"	],	"numberOfOriginalTestMethods" : 6,	"timeDetail" : [		"init: % 0.62 (527 milliseconds)",		"assertionAmplification: % 85.05 (1 minute 12 seconds 300 milliseconds)",		"selection: % 10.11 (8 seconds 594 milliseconds)",		"inputAmplification: % 3.85 (3 seconds 273 milliseconds)",		"finalize: % 0.37 (315 milliseconds)"	],	"notCoveredInAmplified" : [		{			"operatorDescription" : "Remove ^",			"class" : "PhLTreeSelection",			"operatorClass" : "RemoveCaretOperator",			"mutationStart" : 29,			"method" : "anySatisfy:",			"mutationEnd" : 71		},		{			"operatorDescription" : "Replace #ifTrue:ifFalse: receiver with true",			"class" : "PhLTreeSelection",			"operatorClass" : "ReplaceIfTrueIfFalseReceiverWithTrueOperator",			"mutationStart" : 244,			"method" : "pathNameFor:on:",			"mutationEnd" : 327		},		{			"operatorDescription" : "Remove ^",			"class" : "PhLTreeSelection",			"operatorClass" : "RemoveCaretOperator",			"mutationStart" : 25,			"method" : "select:",			"mutationEnd" : 62		},		{			"operatorDescription" : "Replace #select: with #reject:",			"class" : "PhLTreeSelection",			"operatorClass" : "ReplaceSelectWithRejectMutantOperator",			"mutationStart" : 26,			"method" : "select:",			"mutationEnd" : 62		},		{			"operatorDescription" : "Replace Select block with [:each | false]",			"class" : "PhLTreeSelection",			"operatorClass" : "ReplaceSelectBlockWithAlwaysFalseBlockOperator",			"mutationStart" : 26,			"method" : "select:",			"mutationEnd" : 62		},		{			"operatorDescription" : "Replace Select block with [:each | true]",			"class" : "PhLTreeSelection",			"operatorClass" : "ReplaceSelectBlockWithAlwaysTrueBlockOperator",			"mutationStart" : 26,			"method" : "select:",			"mutationEnd" : 62		}	],	"mutationScoreAfter" : 62,	"mutationScoreBefore" : 37,	"testAmpLoc" : 271,	"amplifiedMethods" : [		"PhLTreeSelectionTest99>>#testPathNamesSingleValuePath_amp_A2_N1",		"PhLTreeSelectionTest99>>#testPathNamesMultiSelectionPath_amp"	],	"testLoc" : "84",	"amplifiedClass" : "PhLTreeSelectionTest99",	"numberOfAllMutationsInOriginal" : 16,	"targetLoc" : 59,	"newCovered" : [		{			"operatorDescription" : "Remove ^",			"class" : "PhLTreeSelection",			"operatorClass" : "RemoveCaretOperator",			"mutationStart" : 8,			"method" : "size",			"mutationEnd" : 28		},		{			"operatorDescription" : "Replace #ifTrue:ifFalse: receiver with true",			"class" : "PhLTreeSelection",			"operatorClass" : "ReplaceIfTrueIfFalseReceiverWithTrueOperator",			"mutationStart" : 192,			"method" : "pathFor:on:",			"mutationEnd" : 275		},		{			"operatorDescription" : "Remove ^",			"class" : "PhLTreeSelection",			"operatorClass" : "RemoveCaretOperator",			"mutationStart" : 12,			"method" : "leafNodes",			"mutationEnd" : 61		},		{			"operatorDescription" : "Remove ^",			"class" : "PhLTreeSelection",			"operatorClass" : "RemoveCaretOperator",			"mutationStart" : 9,			"method" : "anyOne",			"mutationEnd" : 30		}	],	"timeBudgetFinished" : false,	"notCoveredInOriginal" : [		{			"operatorDescription" : "Remove ^",			"class" : "PhLTreeSelection",			"operatorClass" : "RemoveCaretOperator",			"mutationStart" : 29,			"method" : "anySatisfy:",			"mutationEnd" : 71		},		{			"operatorDescription" : "Replace #ifTrue:ifFalse: receiver with true",			"class" : "PhLTreeSelection",			"operatorClass" : "ReplaceIfTrueIfFalseReceiverWithTrueOperator",			"mutationStart" : 244,			"method" : "pathNameFor:on:",			"mutationEnd" : 327		},		{			"operatorDescription" : "Remove ^",			"class" : "PhLTreeSelection",			"operatorClass" : "RemoveCaretOperator",			"mutationStart" : 25,			"method" : "select:",			"mutationEnd" : 62		},		{			"operatorDescription" : "Replace #select: with #reject:",			"class" : "PhLTreeSelection",			"operatorClass" : "ReplaceSelectWithRejectMutantOperator",			"mutationStart" : 26,			"method" : "select:",			"mutationEnd" : 62		},		{			"operatorDescription" : "Replace Select block with [:each | false]",			"class" : "PhLTreeSelection",			"operatorClass" : "ReplaceSelectBlockWithAlwaysFalseBlockOperator",			"mutationStart" : 26,			"method" : "select:",			"mutationEnd" : 62		},		{			"operatorDescription" : "Replace Select block with [:each | true]",			"class" : "PhLTreeSelection",			"operatorClass" : "ReplaceSelectBlockWithAlwaysTrueBlockOperator",			"mutationStart" : 26,			"method" : "select:",			"mutationEnd" : 62		},		{			"operatorDescription" : "Remove ^",			"class" : "PhLTreeSelection",			"operatorClass" : "RemoveCaretOperator",			"mutationStart" : 8,			"method" : "size",			"mutationEnd" : 28		},		{			"operatorDescription" : "Replace #ifTrue:ifFalse: receiver with true",			"class" : "PhLTreeSelection",			"operatorClass" : "ReplaceIfTrueIfFalseReceiverWithTrueOperator",			"mutationStart" : 192,			"method" : "pathFor:on:",			"mutationEnd" : 275		},		{			"operatorDescription" : "Remove ^",			"class" : "PhLTreeSelection",			"operatorClass" : "RemoveCaretOperator",			"mutationStart" : 12,			"method" : "leafNodes",			"mutationEnd" : 61		},		{			"operatorDescription" : "Remove ^",			"class" : "PhLTreeSelection",			"operatorClass" : "RemoveCaretOperator",			"mutationStart" : 9,			"method" : "anyOne",			"mutationEnd" : 30		}	],	"testCase" : "PhLTreeSelectionTest",	"unixtime" : 1604759482,	"timeTotal" : 85}