{	"targetClasses" : [		"PhLUpdateVmCommand"	],	"testMethodsIgnored" : [ ],	"methodsNotProfiled" : [ ],	"numberOfOriginalTestMethods" : 3,	"timeDetail" : [		"init: % 1.73 (3 seconds 511 milliseconds)",		"assertionAmplification: % 65.13 (2 minutes 11 seconds 930 milliseconds)",		"selection: % 17.32 (35 seconds 92 milliseconds)",		"inputAmplification: % 15.11 (30 seconds 607 milliseconds)",		"finalize: % 0.71 (1 second 434 milliseconds)"	],	"notCoveredInAmplified" : [ ],	"mutationScoreAfter" : 100,	"mutationScoreBefore" : 50,	"testAmpLoc" : 119,	"amplifiedMethods" : [		"PhLUpdateVmCommandTest52>>#testCanUpdateManyPrivateVms_amp_A0_L3"	],	"testLoc" : "57",	"amplifiedClass" : "PhLUpdateVmCommandTest52",	"numberOfAllMutationsInOriginal" : 2,	"targetLoc" : 11,	"newCovered" : [		{			"operatorDescription" : "Remove ^",			"class" : "PhLUpdateVmCommand",			"operatorClass" : "RemoveCaretOperator",			"mutationStart" : 16,			"method" : "asSpecCommand",			"mutationEnd" : 97		}	],	"timeBudgetFinished" : false,	"notCoveredInOriginal" : [		{			"operatorDescription" : "Remove ^",			"class" : "PhLUpdateVmCommand",			"operatorClass" : "RemoveCaretOperator",			"mutationStart" : 16,			"method" : "asSpecCommand",			"mutationEnd" : 97		}	],	"testCase" : "PhLUpdateVmCommandTest",	"unixtime" : 1604665316,	"timeTotal" : 202}